"root","ruid","session","maxdiam","rightcens","co2treat","ntreat","agedays","ageyears","sessdead"
1.1,"1-1-1-1.1-21",21,0.000359281437125748,FALSE,"AMBIENT",0,571,1.56331279945243,21
2.1,"1-1-1-2.1-20",20,0.000209580838323353,FALSE,"AMBIENT",0,315,0.862422997946612,20
3.1,"1-1-1-3.1-45",45,0.000239520958083832,FALSE,"AMBIENT",0,623,1.7056810403833,45
4.1,"1-1-1-4.1-45",45,0.000329341317365269,FALSE,"AMBIENT",0,566,1.54962354551677,45
1.1,"1-1-3-1.1-28",28,0.000329341317365269,FALSE,"AMBIENT",0,754,2.0643394934976,28
2.1,"1-1-3-2.1-21",21,0.00029940119760479,FALSE,"AMBIENT",0,135,0.369609856262834,21
1.1,"1-1-5-1.1-10",10,0.000359281437125748,FALSE,"AMBIENT",0,231,0.632443531827515,10
2.1,"1-1-5-2.1-10",10,0.00029940119760479,FALSE,"AMBIENT",0,132,0.361396303901437,10
3.1,"1-1-5-3.1-10",10,0.000269461077844311,FALSE,"AMBIENT",0,132,0.361396303901437,10
4.1,"1-1-5-4.1-23",23,0.000389221556886228,FALSE,"AMBIENT",0,91,0.249144421629021,23
5.1,"1-1-5-5.1-23",23,0.00029940119760479,FALSE,"AMBIENT",0,56,0.153319644079398,23
6.1,"1-1-5-6.1-51",51,0.000239520958083832,FALSE,"AMBIENT",0,531,1.45379876796715,51
7.1,"1-1-5-7.1-51",51,0.00029940119760479,FALSE,"AMBIENT",0,531,1.45379876796715,51
1.1,"1-1-7-1.1-10",10,0.000508982035928144,FALSE,"AMBIENT",0,308,0.843258042436687,10
2.1,"1-1-7-2.1-23",23,0.000329341317365269,FALSE,"AMBIENT",0,91,0.249144421629021,23
1.1,"1-1-9-1.1-21",21,0.00029940119760479,FALSE,"AMBIENT",0,159,0.435318275154004,21
1.1,"1-1-13-1.1-25",25,0.000359281437125748,FALSE,"AMBIENT",0,632,1.73032169746749,25
2.1,"1-1-13-2.1-21",21,0.000269461077844311,FALSE,"AMBIENT",0,282,0.772073921971253,21
3.1,"1-1-13-3.1-25",25,0.000389221556886228,FALSE,"AMBIENT",0,181,0.49555099247091,25
1,"1-1-15-1-103",103,0.000289473684210526,FALSE,"AMBIENT",0,722,1.97672826830938,103
1.1,"1-1-15-1.1-25",25,0.000329341317365269,FALSE,"AMBIENT",0,228,0.624229979466119,25
2.1,"1-1-15-2.1-25",25,0.000359281437125748,FALSE,"AMBIENT",0,181,0.49555099247091,25
3.1,"1-1-15-3.1-22",22,0.000329341317365269,FALSE,"AMBIENT",0,64,0.175222450376454,22
4.1,"1-1-15-4.1-60",60,0.000269461077844311,FALSE,"AMBIENT",0,122,0.334017796030116,60
1,"1-1-16-1-104",104,0.000289473684210526,TRUE,"AMBIENT",0,651,1.782340862423,NA
1,"1-1-17-1-82",82,0.000289473684210526,FALSE,"AMBIENT",0,276,0.75564681724846,82
1.1,"1-1-19-1.1-46",46,0.000359281437125748,FALSE,"AMBIENT",0,1276,3.49349760438056,46
2.1,"1-1-19-2.1-23",23,0.000359281437125748,FALSE,"AMBIENT",0,406,1.11156741957563,23
1.1,"1-1-23-1.1-57",57,0.000359281437125748,FALSE,"AMBIENT",0,295,0.80766598220397,57
1,"1-1-26-1-82",82,0.000289473684210526,FALSE,"AMBIENT",0,184,0.503764544832307,82
1.1,"1-1-27-1.1-21",21,0.000329341317365269,FALSE,"AMBIENT",0,248,0.678986995208761,21
2.1,"1-1-27-2.1-23",23,0.000389221556886228,FALSE,"AMBIENT",0,304,0.832306639288159,23
1.1,"1-1-31-1.1-46",46,0.000538922155688623,FALSE,"AMBIENT",0,1509,4.13141683778234,46
2.1,"1-1-31-2.1-46",46,0.000329341317365269,FALSE,"AMBIENT",0,923,2.52703627652293,46
1.1,"1-1-33-1.1-48",48,0.000329341317365269,FALSE,"AMBIENT",0,615,1.68377823408624,48
2.1,"1-1-33-2.1-61",61,0.000329341317365269,TRUE,"AMBIENT",0,1169,3.20054757015743,NA
1,"1-1-34-1-71",71,0.000289473684210526,FALSE,"AMBIENT",0,103,0.281998631074606,71
2,"1-1-34-2-85",85,0.000236842105263158,FALSE,"AMBIENT",0,197,0.539356605065024,85
1,"1-1-36-1-73",73,0.000263157894736842,FALSE,"AMBIENT",0,214,0.58590006844627,73
2,"1-1-36-2-75",75,0.000236842105263158,FALSE,"AMBIENT",0,277,0.758384668035592,75
4,"1-1-36-4-85",85,0.000210526315789474,FALSE,"AMBIENT",0,230,0.629705681040383,85
5,"1-1-36-5-82",82,0.000184210526315789,FALSE,"AMBIENT",0,119,0.32580424366872,82
1,"1-2-1-1-72",72,0.000368421052631579,FALSE,"AMBIENT",0,358,0.980150581793292,72
1.1,"1-2-1-1.1-12",12,0.000449101796407186,FALSE,"AMBIENT",0,249,0.681724845995893,12
2,"1-2-1-2-67",67,0.000473684210526316,FALSE,"AMBIENT",0,223,0.610540725530459,67
2.1,"1-2-1-2.1-12",12,0.000359281437125748,FALSE,"AMBIENT",0,222,0.607802874743327,12
3,"1-2-1-3-71",71,0.000210526315789474,FALSE,"AMBIENT",0,303,0.829568788501027,71
3.1,"1-2-1-3.1-11",11,0.000389221556886228,FALSE,"AMBIENT",0,194,0.531143052703628,11
4.1,"1-2-1-4.1-19",19,0.000239520958083832,FALSE,"AMBIENT",0,97,0.265571526351814,19
5.1,"1-2-1-5.1-19",19,0.000389221556886228,FALSE,"AMBIENT",0,47,0.128678986995209,19
6.1,"1-2-1-6.1-19",19,0.000329341317365269,FALSE,"AMBIENT",0,47,0.128678986995209,19
1,"1-2-2-1-84",84,0.000868421052631579,FALSE,"AMBIENT",0,389,1.06502395619439,84
2,"1-2-2-2-104",104,0.000421052631578947,TRUE,"AMBIENT",0,394,1.07871321013005,NA
1.1,"1-2-3-1.1-9",9,0.000329341317365269,FALSE,"AMBIENT",0,129,0.353182751540041,9
2.1,"1-2-3-2.1-22",22,0.000269461077844311,FALSE,"AMBIENT",0,164,0.449007529089665,22
1,"1-2-4-1-67",67,0.000236842105263158,FALSE,"AMBIENT",0,146,0.399726214921287,67
1.1,"1-2-5-1.1-61",61,0.00029940119760479,TRUE,"AMBIENT",0,76,0.20807665982204,NA
1.1,"1-2-7-1.1-13",13,0.000538922155688623,FALSE,"AMBIENT",0,203,0.555783709787817,13
1,"1-2-8-1-67",67,0.000263157894736842,FALSE,"AMBIENT",0,173,0.473648186173854,67
1,"1-2-9-1-71",71,0.000421052631578947,FALSE,"AMBIENT",0,380,1.0403832991102,71
1.1,"1-2-9-1.1-29",29,0.000958083832335329,FALSE,"AMBIENT",0,809,2.21492128678987,29
2.1,"1-2-9-2.1-11",11,0.000479041916167665,FALSE,"AMBIENT",0,163,0.446269678302533,11
3.1,"1-2-9-3.1-11",11,0.000479041916167665,FALSE,"AMBIENT",0,135,0.369609856262834,11
4.1,"1-2-9-4.1-11",11,0.000568862275449102,FALSE,"AMBIENT",0,101,0.276522929500342,11
5.1,"1-2-9-5.1-57",57,0.000269461077844311,FALSE,"AMBIENT",0,295,0.80766598220397,57
1,"1-2-10-1-83",83,5e-04,FALSE,"AMBIENT",0,676,1.8507871321013,83
2,"1-2-10-2-69",69,0.000368421052631579,FALSE,"AMBIENT",0,270,0.739219712525667,69
1,"1-2-11-1-78",78,0.000394736842105263,FALSE,"AMBIENT",0,565,1.54688569472964,78
1.1,"1-2-11-1.1-31",31,0.000479041916167665,FALSE,"AMBIENT",0,800,2.19028062970568,31
2,"1-2-11-2-104",104,0.000684210526315789,TRUE,"AMBIENT",0,29,0.0793976728268309,NA
2.1,"1-2-11-2.1-40",40,0.000359281437125748,FALSE,"AMBIENT",0,1022,2.79808350444901,40
3.1,"1-2-11-3.1-32",32,0.000359281437125748,FALSE,"AMBIENT",0,766,2.09719370294319,32
4.1,"1-2-11-4.1-31",31,0.00029940119760479,FALSE,"AMBIENT",0,730,1.99863107460643,31
5.1,"1-2-11-5.1-61",61,0.000359281437125748,TRUE,"AMBIENT",0,463,1.26762491444216,NA
1,"1-2-13-1-84",84,0.000289473684210526,FALSE,"AMBIENT",0,635,1.73853524982888,84
1.1,"1-2-13-1.1-13",13,0.000419161676646707,FALSE,"AMBIENT",0,407,1.11430527036277,13
2.1,"1-2-13-2.1-57",57,0.000329341317365269,FALSE,"AMBIENT",0,483,1.3223819301848,57
3.1,"1-2-13-3.1-57",57,0.00029940119760479,FALSE,"AMBIENT",0,204,0.558521560574949,57
4.1,"1-2-13-4.1-57",57,0.000239520958083832,FALSE,"AMBIENT",0,204,0.558521560574949,57
1,"1-2-14-1-104",104,0.000315789473684211,TRUE,"AMBIENT",0,997,2.7296372347707,NA
2,"1-2-14-2-104",104,0.000184210526315789,TRUE,"AMBIENT",0,329,0.900752908966461,NA
3,"1-2-14-3-104",104,0.000973684210526316,TRUE,"AMBIENT",0,166,0.454483230663929,NA
1,"1-2-15-1-104",104,0.00081578947368421,TRUE,"AMBIENT",0,166,0.454483230663929,NA
1.1,"1-2-15-1.1-11",11,0.000479041916167665,FALSE,"AMBIENT",0,262,0.717316906228611,11
2.1,"1-2-15-2.1-61",61,0.000269461077844311,TRUE,"AMBIENT",0,554,1.51676933607118,NA
3.1,"1-2-15-3.1-61",61,0.00029940119760479,TRUE,"AMBIENT",0,554,1.51676933607118,NA
1,"1-2-20-1-76",76,0.000210526315789474,FALSE,"AMBIENT",0,335,0.917180013689254,76
1,"1-2-21-1-76",76,0.000263157894736842,FALSE,"AMBIENT",0,179,0.490075290896646,76
1.1,"1-2-21-1.1-48",48,0.000269461077844311,FALSE,"AMBIENT",0,692,1.89459274469541,48
2,"1-2-21-2-81",81,0.000210526315789474,FALSE,"AMBIENT",0,211,0.577686516084873,81
1,"1-2-22-1-88",88,0.000157894736842105,FALSE,"AMBIENT",0,286,0.783025325119781,88
1,"1-2-23-1-76",76,0.000236842105263158,FALSE,"AMBIENT",0,994,2.72142368240931,76
1.1,"1-2-23-1.1-61",61,0.000329341317365269,TRUE,"AMBIENT",0,1546,4.23271731690623,NA
2.1,"1-2-23-2.1-46",46,0.000269461077844311,FALSE,"AMBIENT",0,923,2.52703627652293,46
3.1,"1-2-23-3.1-46",46,0.000269461077844311,FALSE,"AMBIENT",0,923,2.52703627652293,46
1.1,"1-2-25-1.1-21",21,0.000389221556886228,FALSE,"AMBIENT",0,322,0.881587953456537,21
1.1,"1-2-31-1.1-17",17,0.000329341317365269,FALSE,"AMBIENT",0,280,0.766598220396988,17
1,"1-3-1-1-69",69,0.000263157894736842,FALSE,"AMBIENT",0,320,0.876112251882272,69
1.1,"1-3-1-1.1-19",19,0.000269461077844311,FALSE,"AMBIENT",0,288,0.788501026694045,19
2,"1-3-1-2-67",67,0.000289473684210526,FALSE,"AMBIENT",0,146,0.399726214921287,67
2.1,"1-3-1-2.1-19",19,0.00029940119760479,FALSE,"AMBIENT",0,288,0.788501026694045,19
3.1,"1-3-1-3.1-21",21,0.00029940119760479,FALSE,"AMBIENT",0,350,0.958247775496235,21
4.1,"1-3-1-4.1-22",22,0.00029940119760479,FALSE,"AMBIENT",0,277,0.758384668035592,22
1,"1-3-3-1-104",104,0.000289473684210526,TRUE,"AMBIENT",0,582,1.59342915811088,NA
1.1,"1-3-3-1.1-21",21,0.000449101796407186,FALSE,"AMBIENT",0,186,0.509240246406571,21
2.1,"1-3-3-2.1-35",35,0.00029940119760479,FALSE,"AMBIENT",0,206,0.563997262149213,35
3.1,"1-3-3-3.1-34",34,0.000329341317365269,FALSE,"AMBIENT",0,175,0.479123887748118,34
4.1,"1-3-3-4.1-35",35,0.000389221556886228,FALSE,"AMBIENT",0,206,0.563997262149213,35
1,"1-3-4-1-104",104,0.000526315789473684,TRUE,"AMBIENT",0,329,0.900752908966461,NA
1,"1-3-5-1-71",71,0.000342105263157895,FALSE,"AMBIENT",0,330,0.903490759753593,71
1.1,"1-3-5-1.1-52",52,0.000389221556886228,FALSE,"AMBIENT",0,92,0.251882272416153,52
2,"1-3-5-2-104",104,0.000263157894736842,TRUE,"AMBIENT",0,582,1.59342915811088,NA
3,"1-3-5-3-104",104,0.000973684210526316,TRUE,"AMBIENT",0,59,0.161533196440794,NA
1.1,"1-3-7-1.1-60",60,0.000329341317365269,FALSE,"AMBIENT",0,511,1.3990417522245,60
1.1,"1-3-9-1.1-21",21,0.000359281437125748,FALSE,"AMBIENT",0,350,0.958247775496235,21
1.1,"1-3-11-1.1-33",33,0.000389221556886228,FALSE,"AMBIENT",0,1072,2.93497604380561,33
2.1,"1-3-11-2.1-7",7,0.000269461077844311,FALSE,"AMBIENT",0,163,0.446269678302533,7
3.1,"1-3-11-3.1-22",22,0.000359281437125748,FALSE,"AMBIENT",0,444,1.21560574948665,22
4.1,"1-3-11-4.1-31",31,0.000329341317365269,FALSE,"AMBIENT",0,730,1.99863107460643,31
5.1,"1-3-11-5.1-15",15,0.000359281437125748,FALSE,"AMBIENT",0,164,0.449007529089665,15
6.1,"1-3-11-6.1-31",31,0.000329341317365269,FALSE,"AMBIENT",0,259,0.709103353867214,31
7.1,"1-3-11-7.1-31",31,0.000329341317365269,FALSE,"AMBIENT",0,231,0.632443531827515,31
8.1,"1-3-11-8.1-50",50,0.000329341317365269,FALSE,"AMBIENT",0,166,0.454483230663929,50
1,"1-3-14-1-75",75,0.000263157894736842,FALSE,"AMBIENT",0,450,1.23203285420945,75
1.1,"1-3-15-1.1-25",25,0.000269461077844311,FALSE,"AMBIENT",0,35,0.0958247775496235,25
2.1,"1-3-15-2.1-50",50,0.000239520958083832,FALSE,"AMBIENT",0,166,0.454483230663929,50
1,"1-3-19-1-82",82,0.000289473684210526,FALSE,"AMBIENT",0,988,2.70499657768652,82
1.1,"1-3-19-1.1-59",59,0.000269461077844311,FALSE,"AMBIENT",0,191,0.522929500342231,59
1,"1-3-29-1-104",104,0.000236842105263158,TRUE,"AMBIENT",0,1490,4.07939767282683,NA
1,"1-3-31-1-104",104,0.000263157894736842,TRUE,"AMBIENT",0,1057,2.89390828199863,NA
1,"1-3-32-1-104",104,0.000236842105263158,TRUE,"AMBIENT",0,1327,3.6331279945243,NA
1,"1-3-34-1-82",82,0.000263157894736842,FALSE,"AMBIENT",0,634,1.73579739904175,82
2,"1-3-34-2-104",104,0.000236842105263158,TRUE,"AMBIENT",0,1327,3.6331279945243,NA
3,"1-3-34-3-104",104,0.000289473684210526,TRUE,"AMBIENT",0,1327,3.6331279945243,NA
1,"1-3-35-1-79",79,0.000289473684210526,FALSE,"AMBIENT",0,548,1.50034223134839,79
2,"1-3-35-2-89",89,0.000289473684210526,FALSE,"AMBIENT",0,865,2.36824093086927,89
3,"1-3-35-3-104",104,0.000236842105263158,TRUE,"AMBIENT",0,1100,3.01163586584531,NA
4,"1-3-35-4-104",104,0.000210526315789474,TRUE,"AMBIENT",0,1100,3.01163586584531,NA
5,"1-3-35-5-104",104,0.000210526315789474,TRUE,"AMBIENT",0,997,2.7296372347707,NA
6,"1-3-35-6-104",104,0.000210526315789474,TRUE,"AMBIENT",0,29,0.0793976728268309,NA
1,"1-3-36-1-104",104,0.000263157894736842,TRUE,"AMBIENT",0,1100,3.01163586584531,NA
2,"1-3-36-2-104",104,0.000236842105263158,TRUE,"AMBIENT",0,1100,3.01163586584531,NA
1.1,"1-4-1-1.1-9",9,0.000389221556886228,FALSE,"AMBIENT",1,274,0.750171115674196,9
2.1,"1-4-1-2.1-9",9,0.000359281437125748,FALSE,"AMBIENT",1,274,0.750171115674196,9
3.1,"1-4-1-3.1-23",23,0.000269461077844311,FALSE,"AMBIENT",1,507,1.38809034907598,23
4.1,"1-4-1-4.1-23",23,0.00029940119760479,FALSE,"AMBIENT",1,471,1.28952772073922,23
5.1,"1-4-1-5.1-57",57,0.000778443113772455,FALSE,"AMBIENT",1,225,0.616016427104723,57
1.1,"1-4-3-1.1-9",9,0.000359281437125748,FALSE,"AMBIENT",1,233,0.63791923340178,9
2.1,"1-4-3-2.1-9",9,0.000239520958083832,FALSE,"AMBIENT",1,156,0.427104722792608,9
3.1,"1-4-3-3.1-9",9,0.000269461077844311,FALSE,"AMBIENT",1,156,0.427104722792608,9
4.1,"1-4-3-4.1-9",9,0.000269461077844311,FALSE,"AMBIENT",1,156,0.427104722792608,9
5.1,"1-4-3-5.1-61",61,0.000449101796407186,TRUE,"AMBIENT",1,1935,5.29774127310062,NA
6.1,"1-4-3-6.1-21",21,0.000329341317365269,FALSE,"AMBIENT",1,451,1.23477070499658,21
7.1,"1-4-3-7.1-36",36,0.000538922155688623,FALSE,"AMBIENT",1,223,0.610540725530459,36
8.1,"1-4-3-8.1-58",58,0.000359281437125748,FALSE,"AMBIENT",1,57,0.15605749486653,58
9.1,"1-4-3-9.1-58",58,0.000239520958083832,FALSE,"AMBIENT",1,57,0.15605749486653,58
1.1,"1-4-5-1.1-31",31,0.000269461077844311,FALSE,"AMBIENT",1,927,2.53798767967146,31
2.1,"1-4-5-2.1-10",10,0.000269461077844311,FALSE,"AMBIENT",1,190,0.520191649555099,10
1.1,"1-4-7-1.1-14",14,0.000419161676646707,FALSE,"AMBIENT",1,441,1.20739219712526,14
1,"1-4-8-1-73",73,0.000236842105263158,FALSE,"AMBIENT",1,387,1.05954825462012,73
1.1,"1-4-9-1.1-24",24,0.000269461077844311,FALSE,"AMBIENT",1,773,2.11635865845311,24
1,"1-4-10-1-73",73,0.000236842105263158,FALSE,"AMBIENT",1,85,0.232717316906229,73
1.1,"1-4-13-1.1-23",23,0.000269461077844311,FALSE,"AMBIENT",1,406,1.11156741957563,23
1.1,"1-4-15-1.1-17",17,0.000359281437125748,FALSE,"AMBIENT",1,113,0.309377138945927,17
2.1,"1-4-15-2.1-22",22,0.000359281437125748,FALSE,"AMBIENT",1,164,0.449007529089665,22
3,"1-4-16-3-104",104,0.000447368421052632,TRUE,"AMBIENT",1,779,2.13278576317591,NA
1,"1-4-21-1-104",104,0.000289473684210526,TRUE,"AMBIENT",1,751,2.05612594113621,NA
1.1,"1-4-21-1.1-31",31,0.000419161676646707,FALSE,"AMBIENT",1,450,1.23203285420945,31
1,"1-4-22-1-104",104,0.000289473684210526,TRUE,"AMBIENT",1,1057,2.89390828199863,NA
2,"1-4-22-2-104",104,0.000684210526315789,TRUE,"AMBIENT",1,80,0.219028062970568,NA
3,"1-4-22-3-104",104,0.000184210526315789,TRUE,"AMBIENT",1,80,0.219028062970568,NA
1.1,"1-4-23-1.1-21",21,0.000359281437125748,FALSE,"AMBIENT",1,350,0.958247775496235,21
1,"1-4-24-1-104",104,0.000657894736842105,TRUE,"AMBIENT",1,59,0.161533196440794,NA
1,"1-4-25-1-104",104,0.000894736842105263,TRUE,"AMBIENT",1,59,0.161533196440794,NA
1.1,"1-4-25-1.1-57",57,0.000359281437125748,FALSE,"AMBIENT",1,455,1.24572210814511,57
1.1,"1-4-33-1.1-45",45,0.000419161676646707,FALSE,"AMBIENT",1,322,0.881587953456537,45
1,"1-4-34-1-77",77,0.000263157894736842,FALSE,"AMBIENT",1,493,1.34976043805613,77
1,"1-4-35-1-82",82,0.000315789473684211,FALSE,"AMBIENT",1,634,1.73579739904175,82
2,"1-4-35-2-79",79,0.000236842105263158,FALSE,"AMBIENT",1,548,1.50034223134839,79
1,"1-5-1-1-102",102,0.000289473684210526,FALSE,"AMBIENT",1,1318,3.60848733744011,102
1.1,"1-5-1-1.1-22",22,0.000389221556886228,FALSE,"AMBIENT",1,379,1.03764544832307,22
2,"1-5-1-2-104",104,0.000184210526315789,TRUE,"AMBIENT",1,29,0.0793976728268309,NA
1.1,"1-5-3-1.1-6",6,0.000479041916167665,FALSE,"AMBIENT",1,176,0.48186173853525,6
2.1,"1-5-3-2.1-59",59,0.000239520958083832,FALSE,"AMBIENT",1,85,0.232717316906229,59
3.1,"1-5-3-3.1-59",59,0.000269461077844311,FALSE,"AMBIENT",1,85,0.232717316906229,59
1,"1-5-4-1-104",104,0.00173684210526316,TRUE,"AMBIENT",1,1327,3.6331279945243,NA
1.1,"1-5-5-1.1-11",11,0.000449101796407186,FALSE,"AMBIENT",1,339,0.928131416837782,11
2.1,"1-5-5-2.1-61",61,0.000808383233532934,TRUE,"AMBIENT",1,2055,5.62628336755647,NA
3.1,"1-5-5-3.1-11",11,0.000329341317365269,FALSE,"AMBIENT",1,163,0.446269678302533,11
4.1,"1-5-5-4.1-56",56,0.000389221556886228,FALSE,"AMBIENT",1,903,2.47227926078029,56
5.1,"1-5-5-5.1-61",61,0.000269461077844311,TRUE,"AMBIENT",1,198,0.542094455852156,NA
6.1,"1-5-5-6.1-61",61,0.000239520958083832,TRUE,"AMBIENT",1,198,0.542094455852156,NA
7.1,"1-5-5-7.1-61",61,0.000209580838323353,TRUE,"AMBIENT",1,198,0.542094455852156,NA
1,"1-5-6-1-79",79,0.000236842105263158,FALSE,"AMBIENT",1,161,0.440793976728268,79
2,"1-5-6-2-79",79,0.000263157894736842,FALSE,"AMBIENT",1,161,0.440793976728268,79
1,"1-5-7-1-75",75,0.000342105263157895,FALSE,"AMBIENT",1,223,0.610540725530459,75
1.1,"1-5-7-1.1-21",21,0.000269461077844311,FALSE,"AMBIENT",1,689,1.88637919233402,21
2,"1-5-7-2-75",75,0.000236842105263158,FALSE,"AMBIENT",1,148,0.405201916495551,75
2.1,"1-5-7-2.1-56",56,0.000449101796407186,FALSE,"AMBIENT",1,453,1.24024640657084,56
3,"1-5-7-3-104",104,0.000394736842105263,TRUE,"AMBIENT",1,29,0.0793976728268309,NA
3.1,"1-5-7-3.1-59",59,0.000239520958083832,FALSE,"AMBIENT",1,55,0.150581793292266,59
4.1,"1-5-7-4.1-58",58,0.000329341317365269,FALSE,"AMBIENT",1,57,0.15605749486653,58
1,"1-5-8-1-79",79,0.000289473684210526,FALSE,"AMBIENT",1,423,1.15811088295688,79
1,"1-5-9-1-73",73,0.000368421052631579,FALSE,"AMBIENT",1,437,1.19644079397673,73
1.1,"1-5-9-1.1-61",61,0.000359281437125748,TRUE,"AMBIENT",1,113,0.309377138945927,NA
2,"1-5-9-2-71",71,0.000289473684210526,FALSE,"AMBIENT",1,380,1.0403832991102,71
3,"1-5-9-3-71",71,0.000210526315789474,FALSE,"AMBIENT",1,773,2.11635865845311,71
4,"1-5-9-4-79",79,0.000368421052631579,FALSE,"AMBIENT",1,161,0.440793976728268,79
1,"1-5-10-1-74",74,0.000289473684210526,FALSE,"AMBIENT",1,194,0.531143052703628,74
1,"1-5-11-1-75",75,0.000289473684210526,FALSE,"AMBIENT",1,223,0.610540725530459,75
2,"1-5-11-2-104",104,0.000552631578947368,TRUE,"AMBIENT",1,144,0.394250513347023,NA
1,"1-5-12-1-85",85,0.000605263157894737,FALSE,"AMBIENT",1,745,2.03969883641342,85
2,"1-5-12-2-84",84,0.000210526315789474,FALSE,"AMBIENT",1,121,0.331279945242984,84
1,"1-5-13-1-104",104,0.000236842105263158,TRUE,"AMBIENT",1,751,2.05612594113621,NA
1.1,"1-5-13-1.1-36",36,0.000329341317365269,FALSE,"AMBIENT",1,905,2.47775496235455,36
2,"1-5-13-2-104",104,0.000289473684210526,TRUE,"AMBIENT",1,394,1.07871321013005,NA
2.1,"1-5-13-2.1-61",61,0.000329341317365269,TRUE,"AMBIENT",1,113,0.309377138945927,NA
1,"1-5-14-1-85",85,0.000289473684210526,FALSE,"AMBIENT",1,169,0.462696783025325,85
1,"1-5-15-1-104",104,0.000289473684210526,TRUE,"AMBIENT",1,1453,3.97809719370294,NA
2,"1-5-15-2-71",71,0.000236842105263158,FALSE,"AMBIENT",1,578,1.58247775496235,71
1,"1-5-17-1-104",104,0.000184210526315789,TRUE,"AMBIENT",1,751,2.05612594113621,NA
1.1,"1-5-17-1.1-31",31,0.000239520958083832,FALSE,"AMBIENT",1,665,1.82067077344285,31
2,"1-5-17-2-104",104,0.000394736842105263,TRUE,"AMBIENT",1,29,0.0793976728268309,NA
2.1,"1-5-17-2.1-52",52,0.000389221556886228,FALSE,"AMBIENT",1,70,0.191649555099247,52
1.1,"1-5-19-1.1-52",52,0.000449101796407186,FALSE,"AMBIENT",1,70,0.191649555099247,52
1,"1-5-21-1-75",75,0.000210526315789474,FALSE,"AMBIENT",1,180,0.492813141683778,75
1.1,"1-5-21-1.1-36",36,0.000718562874251497,FALSE,"AMBIENT",1,1179,3.22792607802875,36
1,"1-5-22-1-104",104,0.000210526315789474,TRUE,"AMBIENT",1,1300,3.55920602327173,NA
1,"1-5-23-1-104",104,0.000236842105263158,TRUE,"AMBIENT",1,2594,7.10198494182067,NA
1.1,"1-5-23-1.1-61",61,0.000359281437125748,TRUE,"AMBIENT",1,1217,3.33196440793977,NA
2,"1-5-23-2-71",71,0.000263157894736842,FALSE,"AMBIENT",1,330,0.903490759753593,71
1,"1-5-24-1-71",71,0.000342105263157895,FALSE,"AMBIENT",1,330,0.903490759753593,71
2,"1-5-24-2-87",87,0.000263157894736842,FALSE,"AMBIENT",1,233,0.63791923340178,87
1,"1-5-25-1-104",104,0.000394736842105263,TRUE,"AMBIENT",1,1057,2.89390828199863,NA
2,"1-5-25-2-104",104,0.000236842105263158,TRUE,"AMBIENT",1,940,2.57357973990418,NA
3,"1-5-25-3-104",104,0.000236842105263158,TRUE,"AMBIENT",1,751,2.05612594113621,NA
4,"1-5-25-4-82",82,0.000236842105263158,FALSE,"AMBIENT",1,58,0.158795345653662,82
1,"1-5-27-1-104",104,0.000210526315789474,TRUE,"AMBIENT",1,729,1.9958932238193,NA
1.1,"1-5-27-1.1-17",17,0.000389221556886228,FALSE,"AMBIENT",1,554,1.51676933607118,17
1.1,"1-5-31-1.1-61",61,0.00125748502994012,TRUE,"AMBIENT",1,1217,3.33196440793977,NA
1,"1-6-1-1-67",67,0.000315789473684211,FALSE,"AMBIENT",1,1356,3.71252566735113,67
1.1,"1-6-1-1.1-61",61,0.000748502994011976,TRUE,"AMBIENT",1,1133,3.10198494182067,NA
2,"1-6-1-2-67",67,0.000263157894736842,FALSE,"AMBIENT",1,1356,3.71252566735113,67
2.1,"1-6-1-2.1-61",61,0.000329341317365269,TRUE,"AMBIENT",1,1133,3.10198494182067,NA
3.1,"1-6-1-3.1-61",61,0.000329341317365269,TRUE,"AMBIENT",1,198,0.542094455852156,NA
4.1,"1-6-1-4.1-61",61,0.000269461077844311,TRUE,"AMBIENT",1,198,0.542094455852156,NA
1,"1-6-2-1-104",104,0.000289473684210526,TRUE,"AMBIENT",1,1327,3.6331279945243,NA
1,"1-6-3-1-84",84,0.000394736842105263,FALSE,"AMBIENT",1,910,2.49144421629021,84
1.1,"1-6-3-1.1-11",11,0.00029940119760479,FALSE,"AMBIENT",1,221,0.605065023956194,11
2.1,"1-6-3-2.1-61",61,0.000359281437125748,TRUE,"AMBIENT",1,141,0.386036960985626,NA
1,"1-6-4-1-72",72,0.000315789473684211,FALSE,"AMBIENT",1,131,0.358658453114305,72
1.1,"1-6-5-1.1-61",61,0.000329341317365269,TRUE,"AMBIENT",1,1865,5.10609171800137,NA
1.1,"1-6-7-1.1-24",24,0.000269461077844311,FALSE,"AMBIENT",1,434,1.18822724161533,24
1.1,"1-6-9-1.1-61",61,0.000329341317365269,TRUE,"AMBIENT",1,198,0.542094455852156,NA
1,"1-6-10-1-67",67,0.000263157894736842,FALSE,"AMBIENT",1,27,0.0739219712525667,67
1.1,"1-6-13-1.1-34",34,0.000329341317365269,FALSE,"AMBIENT",1,146,0.399726214921287,34
1.1,"1-6-25-1.1-34",34,0.000329341317365269,FALSE,"AMBIENT",1,1025,2.8062970568104,34
2.1,"1-6-25-2.1-7",7,0.00029940119760479,FALSE,"AMBIENT",1,127,0.347707049965777,7
3.1,"1-6-25-3.1-52",52,0.000269461077844311,FALSE,"AMBIENT",1,1576,4.31485284052019,52
1,"1-6-28-1-104",104,0.000368421052631579,TRUE,"AMBIENT",1,1327,3.6331279945243,NA
1,"1-6-29-1-104",104,0.00081578947368421,TRUE,"AMBIENT",1,3473,9.50855578370979,NA
1.1,"1-6-29-1.1-61",61,0.000808383233532934,TRUE,"AMBIENT",1,2096,5.73853524982888,NA
2.1,"1-6-29-2.1-19",19,0.000329341317365269,FALSE,"AMBIENT",1,423,1.15811088295688,19
3.1,"1-6-29-3.1-19",19,0.000239520958083832,FALSE,"AMBIENT",1,423,1.15811088295688,19
1,"1-6-33-1-67",67,0.000263157894736842,FALSE,"AMBIENT",1,336,0.919917864476386,67
1.1,"1-6-33-1.1-52",52,0.000389221556886228,FALSE,"AMBIENT",1,1576,4.31485284052019,52
2,"1-6-33-2-104",104,0.000263157894736842,TRUE,"AMBIENT",1,608,1.66461327857632,NA
2.1,"1-6-33-2.1-19",19,0.000449101796407186,FALSE,"AMBIENT",1,423,1.15811088295688,19
3,"1-6-33-3-104",104,0.000263157894736842,TRUE,"AMBIENT",1,608,1.66461327857632,NA
3.1,"1-6-33-3.1-19",19,0.000329341317365269,FALSE,"AMBIENT",1,389,1.06502395619439,19
4.1,"1-6-33-4.1-48",48,0.000359281437125748,FALSE,"AMBIENT",1,1381,3.78097193702943,48
5.1,"1-6-33-5.1-19",19,0.000269461077844311,FALSE,"AMBIENT",1,389,1.06502395619439,19
6.1,"1-6-33-6.1-19",19,0.000239520958083832,FALSE,"AMBIENT",1,389,1.06502395619439,19
7.1,"1-6-33-7.1-38",38,0.000329341317365269,FALSE,"AMBIENT",1,601,1.64544832306639,38
8.1,"1-6-33-8.1-55",55,0.000329341317365269,FALSE,"AMBIENT",1,250,0.684462696783025,55
9.1,"1-6-33-9.1-55",55,0.000329341317365269,FALSE,"AMBIENT",1,68,0.186173853524983,55
10.1,"1-6-33-10.1-61",61,0.00029940119760479,TRUE,"AMBIENT",1,113,0.309377138945927,NA
1,"1-6-34-1-104",104,0.000263157894736842,TRUE,"AMBIENT",1,729,1.9958932238193,NA
2,"1-6-34-2-104",104,0.000210526315789474,TRUE,"AMBIENT",1,693,1.89733059548255,NA
1,"1-7-1-1-85",85,0.000289473684210526,FALSE,"AMBIENT",1,197,0.539356605065024,85
1.1,"1-7-1-1.1-10",10,0.000329341317365269,FALSE,"AMBIENT",1,267,0.731006160164271,10
2.1,"1-7-1-2.1-12",12,0.000269461077844311,FALSE,"AMBIENT",1,290,0.793976728268309,12
3.1,"1-7-1-3.1-10",10,0.000269461077844311,FALSE,"AMBIENT",1,231,0.632443531827515,10
4.1,"1-7-1-4.1-30",30,0.000329341317365269,FALSE,"AMBIENT",1,589,1.61259411362081,30
5.1,"1-7-1-5.1-30",30,0.00029940119760479,FALSE,"AMBIENT",1,589,1.61259411362081,30
6.1,"1-7-1-6.1-21",21,0.00029940119760479,FALSE,"AMBIENT",1,322,0.881587953456537,21
7.1,"1-7-1-7.1-31",31,0.000269461077844311,FALSE,"AMBIENT",1,286,0.783025325119781,31
8.1,"1-7-1-8.1-40",40,0.000359281437125748,FALSE,"AMBIENT",1,292,0.799452429842574,40
9.1,"1-7-1-9.1-60",60,0.00029940119760479,FALSE,"AMBIENT",1,122,0.334017796030116,60
10.1,"1-7-1-10.1-61",61,0.000508982035928144,TRUE,"AMBIENT",1,198,0.542094455852156,NA
1,"1-7-2-1-71",71,0.000289473684210526,FALSE,"AMBIENT",1,330,0.903490759753593,71
1.1,"1-7-3-1.1-14",14,0.000209580838323353,FALSE,"AMBIENT",1,102,0.279260780287474,14
2.1,"1-7-3-2.1-31",31,0.000419161676646707,FALSE,"AMBIENT",1,665,1.82067077344285,31
3.1,"1-7-3-3.1-18",18,0.000269461077844311,FALSE,"AMBIENT",1,213,0.583162217659138,18
4.1,"1-7-3-4.1-50",50,0.000419161676646707,FALSE,"AMBIENT",1,1061,2.90485968514716,50
5.1,"1-7-3-5.1-31",31,0.00029940119760479,FALSE,"AMBIENT",1,286,0.783025325119781,31
1,"1-7-4-1-69",69,0.000263157894736842,FALSE,"AMBIENT",1,270,0.739219712525667,69
2,"1-7-4-2-72",72,0.000236842105263158,FALSE,"AMBIENT",1,358,0.980150581793292,72
1,"1-7-5-1-69",69,0.000421052631578947,FALSE,"AMBIENT",1,320,0.876112251882272,69
1.1,"1-7-5-1.1-20",20,0.000269461077844311,FALSE,"AMBIENT",1,287,0.785763175906913,20
2,"1-7-5-2-71",71,0.000289473684210526,FALSE,"AMBIENT",1,330,0.903490759753593,71
2.1,"1-7-5-2.1-20",20,0.000269461077844311,FALSE,"AMBIENT",1,151,0.413415468856947,20
3,"1-7-5-3-69",69,0.000315789473684211,FALSE,"AMBIENT",1,270,0.739219712525667,69
1.1,"1-7-7-1.1-19",19,0.000329341317365269,FALSE,"AMBIENT",1,260,0.711841204654346,19
2.1,"1-7-7-2.1-20",20,0.000329341317365269,FALSE,"AMBIENT",1,100,0.27378507871321,20
1,"1-7-8-1-84",84,0.000289473684210526,FALSE,"AMBIENT",1,171,0.468172484599589,84
2,"1-7-8-2-103",103,0.000342105263157895,FALSE,"AMBIENT",1,518,1.41820670773443,103
1,"1-7-10-1-72",72,0.000236842105263158,FALSE,"AMBIENT",1,88,0.240930869267625,72
1,"1-7-13-1-72",72,0.000289473684210526,FALSE,"AMBIENT",1,233,0.63791923340178,72
1.1,"1-7-13-1.1-61",61,0.000419161676646707,TRUE,"AMBIENT",1,1546,4.23271731690623,NA
2.1,"1-7-13-2.1-61",61,0.000389221556886228,TRUE,"AMBIENT",1,393,1.07597535934292,NA
1,"1-7-15-1-73",73,0.000131578947368421,FALSE,"AMBIENT",1,387,1.05954825462012,73
1.1,"1-7-15-1.1-36",36,0.000419161676646707,FALSE,"AMBIENT",1,223,0.610540725530459,36
2,"1-7-15-2-99",99,0.000263157894736842,FALSE,"AMBIENT",1,607,1.66187542778919,99
3,"1-7-15-3-100",100,0.000263157894736842,FALSE,"AMBIENT",1,635,1.73853524982888,100
1,"1-7-16-1-76",76,0.000263157894736842,FALSE,"AMBIENT",1,481,1.31690622861054,76
2,"1-7-16-2-69",69,0.000263157894736842,FALSE,"AMBIENT",1,270,0.739219712525667,69
1,"1-7-17-1-73",73,0.000263157894736842,FALSE,"AMBIENT",1,387,1.05954825462012,73
1.1,"1-7-17-1.1-31",31,0.000508982035928144,FALSE,"AMBIENT",1,231,0.632443531827515,31
2.1,"1-7-17-2.1-59",59,0.000269461077844311,FALSE,"AMBIENT",1,85,0.232717316906229,59
1,"1-7-18-1-74",74,0.000210526315789474,FALSE,"AMBIENT",1,421,1.15263518138261,74
1,"1-7-20-1-69",69,0.000210526315789474,FALSE,"AMBIENT",1,270,0.739219712525667,69
1,"1-7-22-1-98",98,0.000263157894736842,FALSE,"AMBIENT",1,585,1.60164271047228,98
2,"1-7-22-2-98",98,0.000263157894736842,FALSE,"AMBIENT",1,585,1.60164271047228,98
1,"1-7-23-1-77",77,5e-04,FALSE,"AMBIENT",1,266,0.728268309377139,77
1.1,"1-7-23-1.1-53",53,0.000389221556886228,FALSE,"AMBIENT",1,279,0.763860369609856,53
1,"1-7-25-1-82",82,0.00136842105263158,FALSE,"AMBIENT",1,1169,3.20054757015743,82
1.1,"1-7-25-1.1-61",61,0.000329341317365269,TRUE,"AMBIENT",1,485,1.32785763175907,NA
2,"1-7-25-2-104",104,0.000210526315789474,TRUE,"AMBIENT",1,1327,3.6331279945243,NA
2.1,"1-7-25-2.1-59",59,0.000389221556886228,FALSE,"AMBIENT",1,85,0.232717316906229,59
1,"1-7-27-1-81",81,0.000605263157894737,FALSE,"AMBIENT",1,1299,3.5564681724846,81
1.1,"1-7-27-1.1-31",31,0.00029940119760479,FALSE,"AMBIENT",1,450,1.23203285420945,31
2.1,"1-7-27-2.1-61",61,0.000329341317365269,TRUE,"AMBIENT",1,651,1.782340862423,NA
1,"1-7-28-1-76",76,0.000447368421052632,FALSE,"AMBIENT",1,481,1.31690622861054,76
1,"1-7-29-1-76",76,0.000289473684210526,FALSE,"AMBIENT",1,994,2.72142368240931,76
2,"1-7-29-2-102",102,0.000263157894736842,FALSE,"AMBIENT",1,753,2.06160164271047,102
3,"1-7-29-3-101",101,0.000526315789473684,FALSE,"AMBIENT",1,528,1.44558521560575,101
1,"1-7-30-1-104",104,0.000289473684210526,TRUE,"AMBIENT",1,812,2.22313483915127,NA
1,"1-7-31-1-84",84,0.000263157894736842,FALSE,"AMBIENT",1,298,0.815879534565366,84
1,"1-7-32-1-104",104,0.000315789473684211,FALSE,"AMBIENT",1,1327,3.6331279945243,104
1,"1-7-34-1-104",104,0.000447368421052632,TRUE,"AMBIENT",1,779,2.13278576317591,NA
1,"1-7-35-1-104",104,0.000447368421052632,TRUE,"AMBIENT",1,779,2.13278576317591,NA
1,"1-7-36-1-104",104,0.000236842105263158,TRUE,"AMBIENT",1,729,1.9958932238193,NA
2,"1-7-36-2-104",104,0.000184210526315789,TRUE,"AMBIENT",1,729,1.9958932238193,NA
3,"1-7-36-3-104",104,0.000210526315789474,FALSE,"AMBIENT",1,729,1.9958932238193,104
1,"1-7-37-1-104",104,0.000315789473684211,TRUE,"AMBIENT",1,729,1.9958932238193,NA
2,"1-7-37-2-104",104,0.000157894736842105,TRUE,"AMBIENT",1,729,1.9958932238193,NA
1,"1-8-1-1-104",104,0.000210526315789474,TRUE,"AMBIENT",1,80,0.219028062970568,NA
1.1,"1-8-1-1.1-11",11,0.000419161676646707,FALSE,"AMBIENT",1,339,0.928131416837782,11
2,"1-8-1-2-104",104,0.000210526315789474,TRUE,"AMBIENT",1,59,0.161533196440794,NA
2.1,"1-8-1-2.1-20",20,0.000658682634730539,FALSE,"AMBIENT",1,654,1.79055441478439,20
3.1,"1-8-1-3.1-11",11,0.000479041916167665,FALSE,"AMBIENT",1,339,0.928131416837782,11
4.1,"1-8-1-4.1-13",13,0.000598802395209581,FALSE,"AMBIENT",1,169,0.462696783025325,13
5.1,"1-8-1-5.1-18",18,0.000389221556886228,FALSE,"AMBIENT",1,173,0.473648186173854,18
1,"1-8-2-1-104",104,0.000368421052631579,TRUE,"AMBIENT",1,59,0.161533196440794,NA
1,"1-8-3-1-104",104,0.000578947368421053,TRUE,"AMBIENT",1,3047,8.34223134839151,NA
1.1,"1-8-3-1.1-11",11,0.000718562874251497,FALSE,"AMBIENT",1,339,0.928131416837782,11
2.1,"1-8-3-2.1-11",11,0.000419161676646707,FALSE,"AMBIENT",1,339,0.928131416837782,11
3.1,"1-8-3-3.1-11",11,0.000808383233532934,FALSE,"AMBIENT",1,339,0.928131416837782,11
4.1,"1-8-3-4.1-9",9,0.000838323353293413,FALSE,"AMBIENT",1,197,0.539356605065024,9
5.1,"1-8-3-5.1-61",61,0.00062874251497006,TRUE,"AMBIENT",1,1670,4.57221081451061,NA
6.1,"1-8-3-6.1-61",61,0.000508982035928144,TRUE,"AMBIENT",1,393,1.07597535934292,NA
1,"1-8-5-1-71",71,0.000289473684210526,FALSE,"AMBIENT",1,103,0.281998631074606,71
1.1,"1-8-5-1.1-8",8,0.000329341317365269,FALSE,"AMBIENT",1,238,0.65160848733744,8
2,"1-8-5-2-104",104,0.000263157894736842,TRUE,"AMBIENT",1,436,1.1937029431896,NA
2.1,"1-8-5-2.1-7",7,0.000329341317365269,FALSE,"AMBIENT",1,204,0.558521560574949,7
3.1,"1-8-5-3.1-8",8,0.000329341317365269,FALSE,"AMBIENT",1,238,0.65160848733744,8
4.1,"1-8-5-4.1-61",61,0.000479041916167665,TRUE,"AMBIENT",1,1593,4.36139630390144,NA
5.1,"1-8-5-5.1-61",61,0.000329341317365269,TRUE,"AMBIENT",1,1484,4.06297056810404,NA
6.1,"1-8-5-6.1-61",61,0.000329341317365269,TRUE,"AMBIENT",1,372,1.01848049281314,NA
1,"1-8-6-1-104",104,0.000263157894736842,TRUE,"AMBIENT",1,29,0.0793976728268309,NA
1.1,"1-8-7-1.1-11",11,0.000389221556886228,FALSE,"AMBIENT",1,339,0.928131416837782,11
2.1,"1-8-7-2.1-16",16,0.000359281437125748,FALSE,"AMBIENT",1,530,1.45106091718001,16
3.1,"1-8-7-3.1-16",16,0.000269461077844311,FALSE,"AMBIENT",1,530,1.45106091718001,16
4.1,"1-8-7-4.1-7",7,0.00029940119760479,FALSE,"AMBIENT",1,204,0.558521560574949,7
5.1,"1-8-7-5.1-7",7,0.000329341317365269,FALSE,"AMBIENT",1,204,0.558521560574949,7
6.1,"1-8-7-6.1-61",61,0.000329341317365269,TRUE,"AMBIENT",1,463,1.26762491444216,NA
1,"1-8-8-1-104",104,0.000342105263157895,TRUE,"AMBIENT",1,1327,3.6331279945243,NA
1,"1-8-9-1-104",104,5e-04,TRUE,"AMBIENT",1,59,0.161533196440794,NA
1.1,"1-8-9-1.1-20",20,0.000359281437125748,FALSE,"AMBIENT",1,654,1.79055441478439,20
2.1,"1-8-9-2.1-20",20,0.000269461077844311,FALSE,"AMBIENT",1,654,1.79055441478439,20
3.1,"1-8-9-3.1-19",19,0.00029940119760479,FALSE,"AMBIENT",1,627,1.71663244353183,19
4.1,"1-8-9-4.1-20",20,0.000329341317365269,FALSE,"AMBIENT",1,613,1.67830253251198,20
5.1,"1-8-9-5.1-20",20,0.000389221556886228,FALSE,"AMBIENT",1,613,1.67830253251198,20
6.1,"1-8-9-6.1-20",20,0.00029940119760479,FALSE,"AMBIENT",1,613,1.67830253251198,20
7.1,"1-8-9-7.1-20",20,0.000269461077844311,FALSE,"AMBIENT",1,613,1.67830253251198,20
8.1,"1-8-9-8.1-39",39,0.000359281437125748,FALSE,"AMBIENT",1,567,1.5523613963039,39
1.1,"1-8-11-1.1-59",59,0.000389221556886228,FALSE,"AMBIENT",1,2060,5.63997262149213,59
2.1,"1-8-11-2.1-52",52,0.000329341317365269,FALSE,"AMBIENT",1,1739,4.76112251882272,52
3.1,"1-8-11-3.1-52",52,0.000269461077844311,FALSE,"AMBIENT",1,1739,4.76112251882272,52
4.1,"1-8-11-4.1-61",61,0.000239520958083832,TRUE,"AMBIENT",1,1969,5.39082819986311,NA
5.1,"1-8-11-5.1-55",55,0.00029940119760479,FALSE,"AMBIENT",1,89,0.243668720054757,55
1,"1-8-12-1-83",83,0.000473684210526316,FALSE,"AMBIENT",1,503,1.37713894592745,83
2,"1-8-12-2-104",104,0.000289473684210526,TRUE,"AMBIENT",1,29,0.0793976728268309,NA
1,"1-8-13-1-85",85,0.000289473684210526,FALSE,"AMBIENT",1,1446,3.95893223819302,85
1.1,"1-8-13-1.1-61",61,0.000479041916167665,TRUE,"AMBIENT",1,2173,5.94934976043806,NA
2,"1-8-13-2-71",71,0.000315789473684211,FALSE,"AMBIENT",1,773,2.11635865845311,71
2.1,"1-8-13-2.1-45",45,0.00029940119760479,FALSE,"AMBIENT",1,1445,3.95619438740589,45
3.1,"1-8-13-3.1-52",52,0.000239520958083832,FALSE,"AMBIENT",1,1703,4.66255989048597,52
4.1,"1-8-13-4.1-61",61,0.000389221556886228,TRUE,"AMBIENT",1,651,1.782340862423,NA
5.1,"1-8-13-5.1-61",61,0.000329341317365269,TRUE,"AMBIENT",1,393,1.07597535934292,NA
6.1,"1-8-13-6.1-61",61,0.000359281437125748,TRUE,"AMBIENT",1,393,1.07597535934292,NA
7.1,"1-8-13-7.1-61",61,0.000329341317365269,TRUE,"AMBIENT",1,393,1.07597535934292,NA
8.1,"1-8-13-8.1-61",61,0.000269461077844311,TRUE,"AMBIENT",1,393,1.07597535934292,NA
1.1,"1-8-15-1.1-12",12,0.000538922155688623,FALSE,"AMBIENT",1,367,1.00479123887748,12
2.1,"1-8-15-2.1-12",12,0.000419161676646707,FALSE,"AMBIENT",1,290,0.793976728268309,12
3.1,"1-8-15-3.1-9",9,0.000359281437125748,FALSE,"AMBIENT",1,129,0.353182751540041,9
1,"1-8-17-1-104",104,0.000315789473684211,TRUE,"AMBIENT",1,29,0.0793976728268309,NA
1.1,"1-8-17-1.1-29",29,0.000329341317365269,FALSE,"AMBIENT",1,653,1.78781656399726,29
2.1,"1-8-17-2.1-34",34,0.000419161676646707,FALSE,"AMBIENT",1,475,1.30047912388775,34
1,"1-8-25-1-73",73,0.000473684210526316,FALSE,"AMBIENT",1,437,1.19644079397673,73
2,"1-8-25-2-73",73,0.000263157894736842,FALSE,"AMBIENT",1,437,1.19644079397673,73
3,"1-8-25-3-104",104,0.000710526315789474,TRUE,"AMBIENT",1,751,2.05612594113621,NA
1,"1-8-26-1-73",73,0.000368421052631579,FALSE,"AMBIENT",1,387,1.05954825462012,73
2,"1-8-26-2-104",104,5e-04,TRUE,"AMBIENT",1,751,2.05612594113621,NA
1,"1-8-28-1-104",104,0.000263157894736842,TRUE,"AMBIENT",1,1327,3.6331279945243,NA
1.1,"1-8-31-1.1-45",45,0.000389221556886228,FALSE,"AMBIENT",1,1445,3.95619438740589,45
1.1,"1-9-1-1.1-37",37,0.000359281437125748,FALSE,"AMBIENT",1,1200,3.28542094455852,37
2.1,"1-9-1-2.1-15",15,0.000389221556886228,FALSE,"AMBIENT",1,426,1.16632443531828,15
1,"1-9-2-1-70",70,0.000315789473684211,FALSE,"AMBIENT",1,302,0.826830937713895,70
2,"1-9-2-2-89",89,0.000263157894736842,FALSE,"AMBIENT",1,563,1.54140999315537,89
1.1,"1-9-3-1.1-15",15,0.000329341317365269,FALSE,"AMBIENT",1,503,1.37713894592745,15
2.1,"1-9-3-2.1-4",4,0.000359281437125748,FALSE,"AMBIENT",1,118,0.323066392881588,4
1,"1-9-4-1-71",71,0.000368421052631579,FALSE,"AMBIENT",1,330,0.903490759753593,71
2,"1-9-4-2-90",90,0.000289473684210526,FALSE,"AMBIENT",1,315,0.862422997946612,90
3,"1-9-4-3-104",104,0.000236842105263158,TRUE,"AMBIENT",1,59,0.161533196440794,NA
1.1,"1-9-5-1.1-10",10,0.000389221556886228,FALSE,"AMBIENT",1,308,0.843258042436687,10
2.1,"1-9-5-2.1-10",10,0.00029940119760479,FALSE,"AMBIENT",1,308,0.843258042436687,10
3.1,"1-9-5-3.1-11",11,0.000419161676646707,FALSE,"AMBIENT",1,339,0.928131416837782,11
4.1,"1-9-5-4.1-11",11,0.000359281437125748,FALSE,"AMBIENT",1,262,0.717316906228611,11
5.1,"1-9-5-5.1-24",24,0.000359281437125748,FALSE,"AMBIENT",1,119,0.32580424366872,24
1,"1-9-6-1-70",70,0.000263157894736842,FALSE,"AMBIENT",1,302,0.826830937713895,70
2,"1-9-6-2-68",68,0.000289473684210526,FALSE,"AMBIENT",1,227,0.621492128678987,68
1.1,"1-9-7-1.1-9",9,0.000269461077844311,FALSE,"AMBIENT",1,274,0.750171115674196,9
2.1,"1-9-7-2.1-13",13,0.00101796407185629,FALSE,"AMBIENT",1,407,1.11430527036277,13
3.1,"1-9-7-3.1-24",24,0.000718562874251497,FALSE,"AMBIENT",1,773,2.11635865845311,24
4.1,"1-9-7-4.1-11",11,0.000269461077844311,FALSE,"AMBIENT",1,339,0.928131416837782,11
5.1,"1-9-7-5.1-8",8,0.00062874251497006,FALSE,"AMBIENT",1,238,0.65160848733744,8
1,"1-9-9-1-82",82,0.000289473684210526,FALSE,"AMBIENT",1,364,0.996577686516085,82
1.1,"1-9-9-1.1-15",15,0.00062874251497006,FALSE,"AMBIENT",1,426,1.16632443531828,15
2,"1-9-9-2-76",76,0.000289473684210526,FALSE,"AMBIENT",1,211,0.577686516084873,76
2.1,"1-9-9-2.1-15",15,0.000329341317365269,FALSE,"AMBIENT",1,385,1.05407255304586,15
3,"1-9-9-3-104",104,0.000394736842105263,TRUE,"AMBIENT",1,29,0.0793976728268309,NA
3.1,"1-9-9-3.1-15",15,0.000329341317365269,FALSE,"AMBIENT",1,385,1.05407255304586,15
4.1,"1-9-9-4.1-15",15,0.000329341317365269,FALSE,"AMBIENT",1,265,0.725530458590007,15
1.1,"1-9-11-1.1-22",22,0.000419161676646707,FALSE,"AMBIENT",1,718,1.96577686516085,22
2.1,"1-9-11-2.1-22",22,0.000359281437125748,FALSE,"AMBIENT",1,718,1.96577686516085,22
3.1,"1-9-11-3.1-22",22,0.00029940119760479,FALSE,"AMBIENT",1,677,1.85352498288843,22
4.1,"1-9-11-4.1-22",22,0.000269461077844311,FALSE,"AMBIENT",1,677,1.85352498288843,22
5.1,"1-9-11-5.1-31",31,0.000389221556886228,FALSE,"AMBIENT",1,259,0.709103353867214,31
6.1,"1-9-11-6.1-61",61,0.000329341317365269,TRUE,"AMBIENT",1,198,0.542094455852156,NA
7.1,"1-9-11-7.1-61",61,0.000329341317365269,TRUE,"AMBIENT",1,141,0.386036960985626,NA
1.1,"1-9-13-1.1-61",61,0.000538922155688623,TRUE,"AMBIENT",1,1546,4.23271731690623,NA
2.1,"1-9-13-2.1-61",61,0.000389221556886228,TRUE,"AMBIENT",1,198,0.542094455852156,NA
1,"1-9-15-1-71",71,0.000368421052631579,FALSE,"AMBIENT",1,157,0.42984257357974,71
1.1,"1-9-15-1.1-23",23,0.000688622754491018,FALSE,"AMBIENT",1,745,2.03969883641342,23
2.1,"1-9-15-2.1-11",11,0.000329341317365269,FALSE,"AMBIENT",1,298,0.815879534565366,11
3.1,"1-9-15-3.1-11",11,0.000269461077844311,FALSE,"AMBIENT",1,298,0.815879534565366,11
4.1,"1-9-15-4.1-11",11,0.00029940119760479,FALSE,"AMBIENT",1,298,0.815879534565366,11
5.1,"1-9-15-5.1-11",11,0.000419161676646707,FALSE,"AMBIENT",1,262,0.717316906228611,11
1,"1-9-16-1-83",83,0.000263157894736842,FALSE,"AMBIENT",1,676,1.8507871321013,83
1,"1-9-18-1-104",104,0.000605263157894737,TRUE,"AMBIENT",1,59,0.161533196440794,NA
1,"1-9-19-1-104",104,0.000394736842105263,TRUE,"AMBIENT",1,59,0.161533196440794,NA
1.1,"1-9-19-1.1-24",24,0.000359281437125748,FALSE,"AMBIENT",1,773,2.11635865845311,24
2.1,"1-9-19-2.1-18",18,0.000419161676646707,FALSE,"AMBIENT",1,503,1.37713894592745,18
1.1,"1-9-21-1.1-7",7,0.000389221556886228,FALSE,"AMBIENT",1,163,0.446269678302533,7
1.1,"1-9-23-1.1-15",15,0.00029940119760479,FALSE,"AMBIENT",1,503,1.37713894592745,15
2.1,"1-9-23-2.1-9",9,0.000389221556886228,FALSE,"AMBIENT",1,197,0.539356605065024,9
3.1,"1-9-23-3.1-9",9,0.00029940119760479,FALSE,"AMBIENT",1,98,0.268309377138946,9
4.1,"1-9-23-4.1-9",9,0.00029940119760479,FALSE,"AMBIENT",1,98,0.268309377138946,9
1.1,"1-9-25-1.1-12",12,0.000688622754491018,FALSE,"AMBIENT",1,163,0.446269678302533,12
1,"1-9-30-1-74",74,0.000236842105263158,FALSE,"AMBIENT",1,34,0.0930869267624914,74
1,"1-9-35-1-77",77,0.000315789473684211,FALSE,"AMBIENT",1,266,0.728268309377139,77
2,"1-9-35-2-77",77,0.000289473684210526,FALSE,"AMBIENT",1,43,0.11772758384668,77
1,"1-9-36-1-77",77,0.000315789473684211,FALSE,"AMBIENT",1,266,0.728268309377139,77
2,"1-9-36-2-104",104,0.000263157894736842,TRUE,"AMBIENT",1,751,2.05612594113621,NA
1.1,"1-10-1-1.1-11",11,0.000449101796407186,FALSE,"AMBIENT",0,135,0.369609856262834,11
2.1,"1-10-1-2.1-48",48,0.00029940119760479,FALSE,"AMBIENT",0,579,1.58521560574949,48
1,"1-10-2-1-104",104,0.000236842105263158,FALSE,"AMBIENT",0,608,1.66461327857632,104
2,"1-10-2-2-92",92,0.000263157894736842,FALSE,"AMBIENT",0,253,0.692676249144422,92
3,"1-10-2-3-104",104,0.000473684210526316,TRUE,"AMBIENT",0,462,1.26488706365503,NA
1.1,"1-10-3-1.1-42",42,0.000329341317365269,FALSE,"AMBIENT",0,321,0.878850102669405,42
2.1,"1-10-3-2.1-42",42,0.000209580838323353,FALSE,"AMBIENT",0,321,0.878850102669405,42
3.1,"1-10-3-3.1-42",42,0.000269461077844311,FALSE,"AMBIENT",0,321,0.878850102669405,42
1,"1-10-4-1-104",104,0.000447368421052632,TRUE,"AMBIENT",0,693,1.89733059548255,NA
2,"1-10-4-2-84",84,0.000421052631578947,FALSE,"AMBIENT",0,43,0.11772758384668,84
1,"1-10-5-1-104",104,0.000315789473684211,TRUE,"AMBIENT",0,547,1.49760438056126,NA
1.1,"1-10-5-1.1-18",18,0.000329341317365269,FALSE,"AMBIENT",0,404,1.10609171800137,18
2.1,"1-10-5-2.1-24",24,0.000329341317365269,FALSE,"AMBIENT",0,434,1.18822724161533,24
3.1,"1-10-5-3.1-31",31,0.000329341317365269,FALSE,"AMBIENT",0,597,1.63449691991786,31
4.1,"1-10-5-4.1-48",48,0.000329341317365269,FALSE,"AMBIENT",0,517,1.4154688569473,48
1,"1-10-6-1-101",101,0.000236842105263158,FALSE,"AMBIENT",0,528,1.44558521560575,101
1,"1-10-7-1-79",79,0.000236842105263158,FALSE,"AMBIENT",0,423,1.15811088295688,79
1.1,"1-10-7-1.1-10",10,0.000419161676646707,FALSE,"AMBIENT",0,308,0.843258042436687,10
1.1,"1-10-9-1.1-10",10,0.0011377245508982,FALSE,"AMBIENT",0,308,0.843258042436687,10
2.1,"1-10-9-2.1-61",61,0.000419161676646707,TRUE,"AMBIENT",0,485,1.32785763175907,NA
3.1,"1-10-9-3.1-61",61,0.000359281437125748,TRUE,"AMBIENT",0,463,1.26762491444216,NA
1.1,"1-10-11-1.1-11",11,0.000389221556886228,FALSE,"AMBIENT",0,339,0.928131416837782,11
2.1,"1-10-11-2.1-7",7,0.000329341317365269,FALSE,"AMBIENT",0,204,0.558521560574949,7
3.1,"1-10-11-3.1-4",4,0.00062874251497006,FALSE,"AMBIENT",0,118,0.323066392881588,4
1.1,"1-10-13-1.1-56",56,0.000479041916167665,FALSE,"AMBIENT",0,356,0.974674880219028,56
1,"1-10-15-1-90",90,0.000236842105263158,FALSE,"AMBIENT",0,1139,3.11841204654346,90
1.1,"1-10-15-1.1-58",58,0.000329341317365269,FALSE,"AMBIENT",0,992,2.71594798083504,58
2.1,"1-10-15-2.1-58",58,0.000389221556886228,FALSE,"AMBIENT",0,930,2.54620123203285,58
3.1,"1-10-15-3.1-53",53,0.00029940119760479,FALSE,"AMBIENT",0,91,0.249144421629021,53
1,"1-10-18-1-104",104,0.000236842105263158,TRUE,"AMBIENT",0,693,1.89733059548255,NA
2,"1-10-18-2-104",104,0.000289473684210526,TRUE,"AMBIENT",0,608,1.66461327857632,NA
1,"1-10-20-1-84",84,0.000342105263157895,FALSE,"AMBIENT",0,719,1.96851471594798,84
2,"1-10-20-2-104",104,0.000184210526315789,TRUE,"AMBIENT",0,729,1.9958932238193,NA
1,"1-10-21-1-67",67,0.000289473684210526,FALSE,"AMBIENT",0,874,2.39288158795346,67
1.1,"1-10-21-1.1-61",61,0.000449101796407186,TRUE,"AMBIENT",0,651,1.782340862423,NA
2,"1-10-21-2-87",87,0.000315789473684211,FALSE,"AMBIENT",0,1510,4.13415468856947,87
2.1,"1-10-21-2.1-61",61,0.000329341317365269,TRUE,"AMBIENT",0,651,1.782340862423,NA
3.1,"1-10-21-3.1-51",51,0.000359281437125748,FALSE,"AMBIENT",0,188,0.514715947980835,51
4.1,"1-10-21-4.1-61",61,0.00029940119760479,TRUE,"AMBIENT",0,141,0.386036960985626,NA
5.1,"1-10-21-5.1-61",61,0.000269461077844311,TRUE,"AMBIENT",0,141,0.386036960985626,NA
1,"1-10-23-1-104",104,0.000394736842105263,TRUE,"AMBIENT",0,547,1.49760438056126,NA
1,"1-10-27-1-104",104,0.000368421052631579,FALSE,"AMBIENT",0,1202,3.29089664613279,104
1.1,"1-10-31-1.1-57",57,0.000359281437125748,FALSE,"AMBIENT",0,1378,3.77275838466804,57
1.1,"1-10-33-1.1-11",11,0.000419161676646707,FALSE,"AMBIENT",0,339,0.928131416837782,11
1,"1-11-1-1-73",73,0.000236842105263158,FALSE,"AMBIENT",0,578,1.58247775496235,73
1.1,"1-11-1-1.1-3",3,0.000389221556886228,FALSE,"AMBIENT",0,77,0.210814510609172,3
2.1,"1-11-1-2.1-61",61,0.00029940119760479,TRUE,"AMBIENT",0,141,0.386036960985626,NA
1,"1-11-2-1-72",72,0.000236842105263158,FALSE,"AMBIENT",0,331,0.906228610540726,72
1,"1-11-3-1-85",85,0.000184210526315789,FALSE,"AMBIENT",0,169,0.462696783025325,85
1.1,"1-11-3-1.1-16",16,0.00029940119760479,FALSE,"AMBIENT",0,292,0.799452429842574,16
1,"1-11-5-1-77",77,0.000263157894736842,FALSE,"AMBIENT",0,223,0.610540725530459,77
2,"1-11-5-2-85",85,0.000236842105263158,FALSE,"AMBIENT",0,197,0.539356605065024,85
1,"1-11-6-1-99",99,0.000289473684210526,TRUE,"AMBIENT",0,585,1.60164271047228,NA
2,"1-11-6-2-86",86,0.000184210526315789,FALSE,"AMBIENT",0,182,0.498288843258042,86
1.1,"1-11-7-1.1-24",24,0.000239520958083832,FALSE,"AMBIENT",0,499,1.36618754277892,24
2.1,"1-11-7-2.1-24",24,0.000239520958083832,FALSE,"AMBIENT",0,434,1.18822724161533,24
3.1,"1-11-7-3.1-22",22,0.000209580838323353,FALSE,"AMBIENT",0,379,1.03764544832307,22
4.1,"1-11-7-4.1-19",19,0.000239520958083832,FALSE,"AMBIENT",0,288,0.788501026694045,19
5.1,"1-11-7-5.1-22",22,0.000269461077844311,FALSE,"AMBIENT",0,188,0.514715947980835,22
6.1,"1-11-7-6.1-19",19,0.000209580838323353,FALSE,"AMBIENT",0,97,0.265571526351814,19
1,"1-11-9-1-86",86,0.000210526315789474,FALSE,"AMBIENT",0,182,0.498288843258042,86
1.1,"1-11-9-1.1-22",22,0.000479041916167665,FALSE,"AMBIENT",0,641,1.75496235455168,22
2,"1-11-9-2-99",99,0.000315789473684211,TRUE,"AMBIENT",0,438,1.19917864476386,NA
2.1,"1-11-9-2.1-19",19,0.00029940119760479,FALSE,"AMBIENT",0,423,1.15811088295688,19
3,"1-11-9-3-99",99,0.000421052631578947,TRUE,"AMBIENT",0,292,0.799452429842574,NA
3.1,"1-11-9-3.1-22",22,0.00029940119760479,FALSE,"AMBIENT",0,514,1.4072553045859,22
4.1,"1-11-9-4.1-22",22,0.000329341317365269,FALSE,"AMBIENT",0,514,1.4072553045859,22
5.1,"1-11-9-5.1-19",19,0.000239520958083832,FALSE,"AMBIENT",0,186,0.509240246406571,19
6.1,"1-11-9-6.1-19",19,0.000209580838323353,FALSE,"AMBIENT",0,186,0.509240246406571,19
7.1,"1-11-9-7.1-19",19,0.000149700598802395,FALSE,"AMBIENT",0,186,0.509240246406571,19
1.1,"1-11-11-1.1-26",26,0.000389221556886228,FALSE,"AMBIENT",0,598,1.637234770705,26
2.1,"1-11-11-2.1-12",12,0.00134730538922156,FALSE,"AMBIENT",0,129,0.353182751540041,12
1.1,"1-11-13-1.1-19",19,0.000359281437125748,FALSE,"AMBIENT",0,389,1.06502395619439,19
2.1,"1-11-13-2.1-11",11,0.000329341317365269,FALSE,"AMBIENT",0,65,0.177960301163587,11
1.1,"1-11-15-1.1-24",24,0.00029940119760479,FALSE,"AMBIENT",0,535,1.46475017111567,24
2.1,"1-11-15-2.1-24",24,0.000239520958083832,FALSE,"AMBIENT",0,535,1.46475017111567,24
3.1,"1-11-15-3.1-24",24,0.000209580838323353,FALSE,"AMBIENT",0,535,1.46475017111567,24
4.1,"1-11-15-4.1-24",24,0.000389221556886228,FALSE,"AMBIENT",0,434,1.18822724161533,24
5.1,"1-11-15-5.1-34",34,0.00029940119760479,FALSE,"AMBIENT",0,146,0.399726214921287,34
6.1,"1-11-15-6.1-34",34,0.000239520958083832,FALSE,"AMBIENT",0,146,0.399726214921287,34
1,"1-11-16-1-99",99,0.000210526315789474,TRUE,"AMBIENT",0,1183,3.23887748117728,NA
1,"1-11-17-1-86",86,0.000368421052631579,FALSE,"AMBIENT",0,61,0.167008898015058,86
1.1,"1-11-17-1.1-45",45,0.000329341317365269,FALSE,"AMBIENT",0,714,1.95482546201232,45
1,"1-11-18-1-86",86,0.000421052631578947,FALSE,"AMBIENT",0,61,0.167008898015058,86
1,"1-11-19-1-87",87,0.000263157894736842,FALSE,"AMBIENT",0,582,1.59342915811088,87
1.1,"1-11-19-1.1-41",41,0.000508982035928144,FALSE,"AMBIENT",0,84,0.229979466119097,41
2,"1-11-19-2-75",75,0.000236842105263158,FALSE,"AMBIENT",0,223,0.610540725530459,75
1,"1-11-21-1-81",81,0.000184210526315789,FALSE,"AMBIENT",0,177,0.484599589322382,81
1,"1-11-22-1-77",77,0.000210526315789474,FALSE,"AMBIENT",0,266,0.728268309377139,77
1,"1-11-23-1-68",68,0.000210526315789474,FALSE,"AMBIENT",0,200,0.54757015742642,68
1.1,"1-11-23-1.1-11",11,0.000598802395209581,FALSE,"AMBIENT",0,101,0.276522929500342,11
2.1,"1-11-23-2.1-12",12,0.000329341317365269,FALSE,"AMBIENT",0,129,0.353182751540041,12
1,"1-11-25-1-83",83,0.000236842105263158,FALSE,"AMBIENT",0,226,0.618754277891855,83
1.1,"1-11-25-1.1-61",61,0.000329341317365269,TRUE,"AMBIENT",0,372,1.01848049281314,NA
1.1,"1-11-29-1.1-59",59,0.000269461077844311,FALSE,"AMBIENT",0,85,0.232717316906229,59
1.1,"1-12-1-1.1-8",8,0.000508982035928144,FALSE,"AMBIENT",0,238,0.65160848733744,8
1.1,"1-12-3-1.1-42",42,0.000449101796407186,FALSE,"AMBIENT",0,1361,3.72621492128679,42
2.1,"1-12-3-2.1-9",9,0.000508982035928144,FALSE,"AMBIENT",0,274,0.750171115674196,9
3.1,"1-12-3-3.1-9",9,0.000479041916167665,FALSE,"AMBIENT",0,274,0.750171115674196,9
1.1,"1-12-5-1.1-4",4,0.000404191616766467,FALSE,"AMBIENT",0,118,0.323066392881588,4
2.1,"1-12-5-2.1-15",15,0.000419161676646707,FALSE,"AMBIENT",0,503,1.37713894592745,15
1,"1-12-8-1-83",83,0.000421052631578947,FALSE,"AMBIENT",0,161,0.440793976728268,83
1.1,"1-12-9-1.1-16",16,0.000359281437125748,FALSE,"AMBIENT",0,530,1.45106091718001,16
1,"1-12-13-1-73",73,0.000289473684210526,FALSE,"AMBIENT",0,214,0.58590006844627,73
1.1,"1-12-13-1.1-56",56,0.000449101796407186,FALSE,"AMBIENT",0,195,0.53388090349076,56
1,"1-12-19-1-104",104,5e-04,TRUE,"AMBIENT",0,1327,3.6331279945243,NA
1.1,"1-12-19-1.1-61",61,0.000598802395209581,TRUE,"AMBIENT",0,587,1.60711841204654,NA
2,"1-12-19-2-84",84,0.000263157894736842,FALSE,"AMBIENT",0,719,1.96851471594798,84
3,"1-12-19-3-69",69,0.000368421052631579,FALSE,"AMBIENT",0,145,0.396988364134155,69
4,"1-12-19-4-104",104,0.000289473684210526,TRUE,"AMBIENT",0,1154,3.15947980835044,NA
1.1,"1-12-21-1.1-61",61,0.000359281437125748,TRUE,"AMBIENT",0,526,1.44010951403149,NA
2.1,"1-12-21-2.1-61",61,0.000538922155688623,TRUE,"AMBIENT",0,485,1.32785763175907,NA
1,"1-12-24-1-104",104,0.000315789473684211,TRUE,"AMBIENT",0,1100,3.01163586584531,NA
1,"1-12-26-1-85",85,0.000263157894736842,FALSE,"AMBIENT",0,572,1.56605065023956,85
1,"1-12-28-1-104",104,0.000289473684210526,TRUE,"AMBIENT",0,144,0.394250513347023,NA
1.1,"1-12-33-1.1-42",42,0.000508982035928144,FALSE,"AMBIENT",0,954,2.61190965092402,42
1.1,"2-13-1-1.1-51",51,0.000239520958083832,FALSE,"ELEVATED",1,306,0.837782340862423,51
1,"2-13-3-1-78",78,0.000631578947368421,FALSE,"ELEVATED",1,65,0.177960301163587,78
1.1,"2-13-3-1.1-61",61,0.000269461077844311,FALSE,"ELEVATED",1,812,2.22313483915127,61
2.1,"2-13-3-2.1-61",61,0.00029940119760479,FALSE,"ELEVATED",1,651,1.782340862423,61
1.1,"2-13-5-1.1-50",50,0.000329341317365269,FALSE,"ELEVATED",1,166,0.454483230663929,50
2.1,"2-13-5-2.1-50",50,0.00029940119760479,FALSE,"ELEVATED",1,166,0.454483230663929,50
1.1,"2-13-7-1.1-48",48,0.000449101796407186,FALSE,"ELEVATED",1,258,0.706365503080082,48
2.1,"2-13-7-2.1-58",58,0.00029940119760479,FALSE,"ELEVATED",1,231,0.632443531827515,58
1.1,"2-13-9-1.1-21",21,0.000479041916167665,FALSE,"ELEVATED",1,689,1.88637919233402,21
2.1,"2-13-9-2.1-9",9,0.000329341317365269,FALSE,"ELEVATED",1,197,0.539356605065024,9
3.1,"2-13-9-3.1-9",9,0.000329341317365269,FALSE,"ELEVATED",1,197,0.539356605065024,9
4.1,"2-13-9-4.1-61",61,0.000389221556886228,TRUE,"ELEVATED",1,651,1.782340862423,NA
5.1,"2-13-9-5.1-58",58,0.000269461077844311,FALSE,"ELEVATED",1,252,0.68993839835729,58
6.1,"2-13-9-6.1-56",56,0.00029940119760479,FALSE,"ELEVATED",1,195,0.53388090349076,56
7.1,"2-13-9-7.1-57",57,0.000269461077844311,FALSE,"ELEVATED",1,225,0.616016427104723,57
8.1,"2-13-9-8.1-61",61,0.000329341317365269,TRUE,"ELEVATED",1,113,0.309377138945927,NA
1,"2-13-11-1-69",69,0.000342105263157895,FALSE,"ELEVATED",1,270,0.739219712525667,69
1.1,"2-13-11-1.1-9",9,0.000389221556886228,FALSE,"ELEVATED",1,197,0.539356605065024,9
2.1,"2-13-11-2.1-9",9,0.000419161676646707,FALSE,"ELEVATED",1,197,0.539356605065024,9
3.1,"2-13-11-3.1-9",9,0.000538922155688623,FALSE,"ELEVATED",1,70,0.191649555099247,9
1,"2-13-12-1-69",69,0.000289473684210526,FALSE,"ELEVATED",1,433,1.1854893908282,69
1,"2-13-13-1-69",69,0.000315789473684211,FALSE,"ELEVATED",1,270,0.739219712525667,69
1.1,"2-13-13-1.1-15",15,0.000359281437125748,FALSE,"ELEVATED",1,299,0.818617385352498,15
2,"2-13-13-2-69",69,0.000368421052631579,FALSE,"ELEVATED",1,270,0.739219712525667,69
1,"2-13-14-1-104",104,0.000394736842105263,TRUE,"ELEVATED",1,29,0.0793976728268309,NA
1.1,"2-13-15-1.1-19",19,0.000389221556886228,FALSE,"ELEVATED",1,482,1.31964407939767,19
1,"2-13-17-1-73",73,0.000289473684210526,FALSE,"ELEVATED",1,160,0.438056125941136,73
1.1,"2-13-17-1.1-16",16,0.000359281437125748,FALSE,"ELEVATED",1,385,1.05407255304586,16
2,"2-13-17-2-83",83,0.000368421052631579,FALSE,"ELEVATED",1,128,0.350444900752909,83
2.1,"2-13-17-2.1-61",61,0.000329341317365269,TRUE,"ELEVATED",1,1935,5.29774127310062,NA
1,"2-13-18-1-83",83,0.000763157894736842,FALSE,"ELEVATED",1,161,0.440793976728268,83
2,"2-13-18-2-83",83,0.000526315789473684,FALSE,"ELEVATED",1,161,0.440793976728268,83
1,"2-13-19-1-104",104,0.000342105263157895,TRUE,"ELEVATED",1,1100,3.01163586584531,NA
1.1,"2-13-19-1.1-61",61,0.000479041916167665,TRUE,"ELEVATED",1,1935,5.29774127310062,NA
2,"2-13-19-2-83",83,0.000289473684210526,FALSE,"ELEVATED",1,449,1.22929500342231,83
2.1,"2-13-19-2.1-52",52,0.000269461077844311,FALSE,"ELEVATED",1,1506,4.12320328542094,52
3,"2-13-19-3-84",84,0.000236842105263158,FALSE,"ELEVATED",1,492,1.34702258726899,84
3.1,"2-13-19-3.1-45",45,0.000598802395209581,FALSE,"ELEVATED",1,1248,3.41683778234086,45
4.1,"2-13-19-4.1-41",41,0.000419161676646707,FALSE,"ELEVATED",1,1066,2.91854893908282,41
5.1,"2-13-19-5.1-41",41,0.000359281437125748,FALSE,"ELEVATED",1,1032,2.82546201232033,41
1,"2-13-20-1-103",103,0.000368421052631579,FALSE,"ELEVATED",1,1071,2.93223819301848,103
2,"2-13-20-2-103",103,0.000421052631578947,FALSE,"ELEVATED",1,1071,2.93223819301848,103
3,"2-13-20-3-83",83,0.000210526315789474,FALSE,"ELEVATED",1,449,1.22929500342231,83
1,"2-13-21-1-104",104,0.000263157894736842,TRUE,"ELEVATED",1,29,0.0793976728268309,NA
1.1,"2-13-21-1.1-26",26,0.000538922155688623,FALSE,"ELEVATED",1,528,1.44558521560575,26
2.1,"2-13-21-2.1-59",59,0.000419161676646707,FALSE,"ELEVATED",1,280,0.766598220396988,59
3.1,"2-13-21-3.1-61",61,0.000269461077844311,TRUE,"ELEVATED",1,372,1.01848049281314,NA
4.1,"2-13-21-4.1-61",61,0.00029940119760479,TRUE,"ELEVATED",1,372,1.01848049281314,NA
5.1,"2-13-21-5.1-61",61,0.000269461077844311,TRUE,"ELEVATED",1,372,1.01848049281314,NA
1,"2-13-22-1-104",104,0.000394736842105263,TRUE,"ELEVATED",1,1100,3.01163586584531,NA
2,"2-13-22-2-83",83,0.000289473684210526,FALSE,"ELEVATED",1,449,1.22929500342231,83
3,"2-13-22-3-104",104,0.000368421052631579,TRUE,"ELEVATED",1,1100,3.01163586584531,NA
1,"2-13-23-1-104",104,0.000631578947368421,TRUE,"ELEVATED",1,1100,3.01163586584531,NA
2,"2-13-23-2-104",104,0.000552631578947368,TRUE,"ELEVATED",1,1100,3.01163586584531,NA
3,"2-13-23-3-104",104,0.000263157894736842,TRUE,"ELEVATED",1,1025,2.8062970568104,NA
4,"2-13-23-4-104",104,0.000315789473684211,TRUE,"ELEVATED",1,751,2.05612594113621,NA
5,"2-13-23-5-104",104,0.000368421052631579,TRUE,"ELEVATED",1,29,0.0793976728268309,NA
1,"2-13-24-1-69",69,0.000236842105263158,FALSE,"ELEVATED",1,692,1.89459274469541,69
2,"2-13-24-2-83",83,0.000473684210526316,FALSE,"ELEVATED",1,406,1.11156741957563,83
1,"2-13-25-1-76",76,0.000342105263157895,FALSE,"ELEVATED",1,481,1.31690622861054,76
2,"2-13-25-2-68",68,0.000289473684210526,FALSE,"ELEVATED",1,227,0.621492128678987,68
3,"2-13-25-3-76",76,0.000289473684210526,FALSE,"ELEVATED",1,481,1.31690622861054,76
4,"2-13-25-4-104",104,0.000315789473684211,TRUE,"ELEVATED",1,29,0.0793976728268309,NA
1,"2-13-26-1-104",104,0.000368421052631579,TRUE,"ELEVATED",1,693,1.89733059548255,NA
2,"2-13-26-2-104",104,0.000342105263157895,TRUE,"ELEVATED",1,693,1.89733059548255,NA
3,"2-13-26-3-104",104,0.000394736842105263,TRUE,"ELEVATED",1,518,1.41820670773443,NA
4,"2-13-26-4-104",104,0.000394736842105263,TRUE,"ELEVATED",1,518,1.41820670773443,NA
5,"2-13-26-5-104",104,0.000315789473684211,TRUE,"ELEVATED",1,518,1.41820670773443,NA
1.1,"2-14-1-1.1-33",33,0.000329341317365269,FALSE,"ELEVATED",1,299,0.818617385352498,33
1.1,"2-14-3-1.1-36",36,0.000239520958083832,FALSE,"ELEVATED",1,434,1.18822724161533,36
1.1,"2-14-5-1.1-26",26,0.000179640718562874,FALSE,"ELEVATED",1,836,2.28884325804244,26
1.1,"2-14-7-1.1-11",11,0.00029940119760479,FALSE,"ELEVATED",1,221,0.605065023956194,11
1.1,"2-14-13-1.1-2",2,0.000359281437125748,FALSE,"ELEVATED",1,41,0.112251882272416,2
2.1,"2-14-13-2.1-2",2,0.000359281437125748,FALSE,"ELEVATED",1,41,0.112251882272416,2
3.1,"2-14-13-3.1-8",8,0.000359281437125748,FALSE,"ELEVATED",1,238,0.65160848733744,8
4.1,"2-14-13-4.1-7",7,0.000359281437125748,FALSE,"ELEVATED",1,127,0.347707049965777,7
1.1,"2-14-15-1.1-39",39,0.00116766467065868,TRUE,"ELEVATED",1,1256,3.43874058863792,NA
2.1,"2-14-15-2.1-8",8,0.000568862275449102,FALSE,"ELEVATED",1,238,0.65160848733744,8
3.1,"2-14-15-3.1-8",8,0.000419161676646707,FALSE,"ELEVATED",1,238,0.65160848733744,8
4.1,"2-14-15-4.1-21",21,0.000658682634730539,FALSE,"ELEVATED",1,689,1.88637919233402,21
1.1,"2-14-17-1.1-9",9,0.000449101796407186,FALSE,"ELEVATED",1,274,0.750171115674196,9
2.1,"2-14-17-2.1-11",11,0.00029940119760479,FALSE,"ELEVATED",1,339,0.928131416837782,11
3.1,"2-14-17-3.1-11",11,0.000419161676646707,FALSE,"ELEVATED",1,298,0.815879534565366,11
1.1,"2-14-19-1.1-12",12,0.000329341317365269,FALSE,"ELEVATED",1,93,0.254620123203285,12
2.1,"2-14-19-2.1-12",12,0.000269461077844311,FALSE,"ELEVATED",1,93,0.254620123203285,12
3.1,"2-14-19-3.1-12",12,0.000269461077844311,FALSE,"ELEVATED",1,93,0.254620123203285,12
4.1,"2-14-19-4.1-12",12,0.00029940119760479,FALSE,"ELEVATED",1,93,0.254620123203285,12
5.1,"2-14-19-5.1-23",23,0.00029940119760479,FALSE,"ELEVATED",1,118,0.323066392881588,23
6.1,"2-14-19-6.1-21",21,0.000269461077844311,FALSE,"ELEVATED",1,35,0.0958247775496235,21
1.1,"2-14-21-1.1-39",39,0.00062874251497006,TRUE,"ELEVATED",1,1179,3.22792607802875,NA
2.1,"2-14-21-2.1-19",19,0.000359281437125748,FALSE,"ELEVATED",1,389,1.06502395619439,19
3.1,"2-14-21-3.1-39",39,0.000329341317365269,TRUE,"ELEVATED",1,917,2.51060917180014,NA
4.1,"2-14-21-4.1-23",23,0.000329341317365269,FALSE,"ELEVATED",1,91,0.249144421629021,23
1.1,"2-14-23-1.1-39",39,0.000329341317365269,TRUE,"ELEVATED",1,917,2.51060917180014,NA
2.1,"2-14-23-2.1-39",39,0.000449101796407186,TRUE,"ELEVATED",1,917,2.51060917180014,NA
3.1,"2-14-23-3.1-39",39,0.000359281437125748,TRUE,"ELEVATED",1,917,2.51060917180014,NA
4.1,"2-14-23-4.1-39",39,0.000359281437125748,TRUE,"ELEVATED",1,629,1.72210814510609,NA
5.1,"2-14-23-5.1-39",39,0.000359281437125748,TRUE,"ELEVATED",1,300,0.82135523613963,NA
1.1,"2-14-29-1.1-13",13,0.000329341317365269,FALSE,"ELEVATED",1,407,1.11430527036277,13
1.1,"2-14-33-1.1-19",19,0.00029940119760479,FALSE,"ELEVATED",1,586,1.60438056125941,19
2.1,"2-14-33-2.1-39",39,0.000329341317365269,TRUE,"ELEVATED",1,982,2.68856947296372,NA
3.1,"2-14-33-3.1-39",39,0.000508982035928144,TRUE,"ELEVATED",1,629,1.72210814510609,NA
4.1,"2-14-33-4.1-39",39,0.00029940119760479,TRUE,"ELEVATED",1,602,1.64818617385353,NA
5.1,"2-14-33-5.1-39",39,0.000329341317365269,TRUE,"ELEVATED",1,602,1.64818617385353,NA
6.1,"2-14-33-6.1-39",39,0.00029940119760479,TRUE,"ELEVATED",1,602,1.64818617385353,NA
7.1,"2-14-33-7.1-39",39,0.000329341317365269,TRUE,"ELEVATED",1,602,1.64818617385353,NA
8.1,"2-14-33-8.1-39",39,0.00029940119760479,TRUE,"ELEVATED",1,602,1.64818617385353,NA
9.1,"2-14-33-9.1-32",32,0.000269461077844311,FALSE,"ELEVATED",1,351,0.960985626283368,32
10.1,"2-14-33-10.1-39",39,0.000419161676646707,TRUE,"ELEVATED",1,252,0.68993839835729,NA
11.1,"2-14-33-11.1-39",39,0.000329341317365269,TRUE,"ELEVATED",1,216,0.591375770020534,NA
12.1,"2-14-33-12.1-39",39,0.000419161676646707,TRUE,"ELEVATED",1,154,0.421629021218344,NA
13.1,"2-14-33-13.1-39",39,0.000329341317365269,TRUE,"ELEVATED",1,154,0.421629021218344,NA
14.1,"2-14-33-14.1-39",39,0.000329341317365269,TRUE,"ELEVATED",1,154,0.421629021218344,NA
15.1,"2-14-33-15.1-39",39,0.000209580838323353,TRUE,"ELEVATED",1,154,0.421629021218344,NA
1.1,"2-16-5-1.1-7",7,0.000449101796407186,FALSE,"ELEVATED",1,204,0.558521560574949,7
1.1,"2-16-7-1.1-50",50,0.000269461077844311,FALSE,"ELEVATED",1,166,0.454483230663929,50
1.1,"2-16-11-1.1-28",28,0.000389221556886228,FALSE,"ELEVATED",1,272,0.744695414099932,28
2.1,"2-16-11-2.1-61",61,0.000269461077844311,TRUE,"ELEVATED",1,141,0.386036960985626,NA
1,"2-16-12-1-74",74,0.000263157894736842,FALSE,"ELEVATED",1,612,1.67556468172485,74
1,"2-16-15-1-97",97,0.000289473684210526,TRUE,"ELEVATED",1,372,1.01848049281314,NA
1.1,"2-16-15-1.1-7",7,0.000359281437125748,FALSE,"ELEVATED",1,28,0.0766598220396988,7
2,"2-16-15-2-97",97,0.000368421052631579,TRUE,"ELEVATED",1,337,0.922655715263518,NA
1.1,"2-16-21-1.1-61",61,0.000269461077844311,TRUE,"ELEVATED",1,198,0.542094455852156,NA
1,"2-16-22-1-80",80,0.000289473684210526,FALSE,"ELEVATED",1,824,2.25598904859685,80
1.1,"2-16-25-1.1-21",21,0.000269461077844311,FALSE,"ELEVATED",1,282,0.772073921971253,21
1,"2-17-1-1-69",69,0.000289473684210526,FALSE,"ELEVATED",1,270,0.739219712525667,69
1.1,"2-17-1-1.1-6",6,0.000359281437125748,FALSE,"ELEVATED",1,176,0.48186173853525,6
2,"2-17-1-2-104",104,0.000236842105263158,TRUE,"ELEVATED",1,1025,2.8062970568104,NA
2.1,"2-17-1-2.1-7",7,0.000359281437125748,FALSE,"ELEVATED",1,204,0.558521560574949,7
3,"2-17-1-3-73",73,0.000394736842105263,FALSE,"ELEVATED",1,57,0.15605749486653,73
3.1,"2-17-1-3.1-7",7,0.000269461077844311,FALSE,"ELEVATED",1,127,0.347707049965777,7
1,"2-17-2-1-104",104,0.000368421052631579,TRUE,"ELEVATED",1,1100,3.01163586584531,NA
1,"2-17-3-1-104",104,5e-04,TRUE,"ELEVATED",1,1100,3.01163586584531,NA
1.1,"2-17-3-1.1-13",13,0.00134730538922156,FALSE,"ELEVATED",1,407,1.11430527036277,13
2.1,"2-17-3-2.1-4",4,0.00029940119760479,FALSE,"ELEVATED",1,118,0.323066392881588,4
3.1,"2-17-3-3.1-10",10,0.000389221556886228,FALSE,"ELEVATED",1,231,0.632443531827515,10
1,"2-17-4-1-71",71,0.000368421052631579,FALSE,"ELEVATED",1,330,0.903490759753593,71
2,"2-17-4-2-71",71,0.000342105263157895,FALSE,"ELEVATED",1,330,0.903490759753593,71
1,"2-17-5-1-74",74,0.00081578947368421,FALSE,"ELEVATED",1,151,0.413415468856947,74
1.1,"2-17-5-1.1-5",5,0.000419161676646707,FALSE,"ELEVATED",1,145,0.396988364134155,5
2,"2-17-5-2-71",71,0.000447368421052632,FALSE,"ELEVATED",1,60,0.164271047227926,71
2.1,"2-17-5-2.1-5",5,0.000359281437125748,FALSE,"ELEVATED",1,145,0.396988364134155,5
3.1,"2-17-5-3.1-8",8,0.000374251497005988,FALSE,"ELEVATED",1,120,0.328542094455852,8
4.1,"2-17-5-4.1-10",10,0.000329341317365269,FALSE,"ELEVATED",1,132,0.361396303901437,10
5.1,"2-17-5-5.1-19",19,0.000568862275449102,FALSE,"ELEVATED",1,423,1.15811088295688,19
6.1,"2-17-5-6.1-21",21,0.000269461077844311,FALSE,"ELEVATED",1,451,1.23477070499658,21
7.1,"2-17-5-7.1-61",61,0.000329341317365269,TRUE,"ELEVATED",1,198,0.542094455852156,NA
8.1,"2-17-5-8.1-61",61,0.000209580838323353,TRUE,"ELEVATED",1,198,0.542094455852156,NA
1.1,"2-17-7-1.1-6",6,0.000359281437125748,FALSE,"ELEVATED",1,176,0.48186173853525,6
2.1,"2-17-7-2.1-7",7,0.000778443113772455,FALSE,"ELEVATED",1,204,0.558521560574949,7
3.1,"2-17-7-3.1-7",7,0.00029940119760479,FALSE,"ELEVATED",1,163,0.446269678302533,7
4.1,"2-17-7-4.1-7",7,0.000389221556886228,FALSE,"ELEVATED",1,127,0.347707049965777,7
1,"2-17-8-1-74",74,0.000210526315789474,FALSE,"ELEVATED",1,151,0.413415468856947,74
1.1,"2-17-9-1.1-6",6,0.000449101796407186,FALSE,"ELEVATED",1,176,0.48186173853525,6
2.1,"2-17-9-2.1-7",7,0.000359281437125748,FALSE,"ELEVATED",1,163,0.446269678302533,7
1.1,"2-17-11-1.1-12",12,0.000568862275449102,FALSE,"ELEVATED",1,290,0.793976728268309,12
2.1,"2-17-11-2.1-10",10,0.000419161676646707,FALSE,"ELEVATED",1,231,0.632443531827515,10
3.1,"2-17-11-3.1-10",10,0.000389221556886228,FALSE,"ELEVATED",1,231,0.632443531827515,10
4.1,"2-17-11-4.1-10",10,0.000359281437125748,FALSE,"ELEVATED",1,190,0.520191649555099,10
5.1,"2-17-11-5.1-11",11,0.00029940119760479,FALSE,"ELEVATED",1,163,0.446269678302533,11
1,"2-17-12-1-67",67,0.000289473684210526,FALSE,"ELEVATED",1,89,0.243668720054757,67
1.1,"2-17-13-1.1-6",6,0.000748502994011976,FALSE,"ELEVATED",1,99,0.271047227926078,6
2.1,"2-17-13-2.1-11",11,0.000598802395209581,FALSE,"ELEVATED",1,262,0.717316906228611,11
3.1,"2-17-13-3.1-11",11,0.000703592814371257,FALSE,"ELEVATED",1,221,0.605065023956194,11
4.1,"2-17-13-4.1-11",11,0.00029940119760479,FALSE,"ELEVATED",1,163,0.446269678302533,11
5.1,"2-17-13-5.1-11",11,0.000269461077844311,FALSE,"ELEVATED",1,163,0.446269678302533,11
6.1,"2-17-13-6.1-11",11,0.000239520958083832,FALSE,"ELEVATED",1,101,0.276522929500342,11
7.1,"2-17-13-7.1-27",27,0.000329341317365269,FALSE,"ELEVATED",1,240,0.657084188911704,27
1,"2-17-14-1-78",78,0.000526315789473684,FALSE,"ELEVATED",1,488,1.33607118412047,78
1.1,"2-17-15-1.1-11",11,0.000658682634730539,FALSE,"ELEVATED",1,194,0.531143052703628,11
2.1,"2-17-15-2.1-26",26,0.00029940119760479,FALSE,"ELEVATED",1,209,0.572210814510609,26
2.1,"2-17-17-2.1-44",44,0.000209580838323353,FALSE,"ELEVATED",1,206,0.563997262149213,44
1,"2-17-19-1-104",104,0.000342105263157895,TRUE,"ELEVATED",1,1100,3.01163586584531,NA
1,"2-17-20-1-80",80,0.000263157894736842,FALSE,"ELEVATED",1,306,0.837782340862423,80
1,"2-17-21-1-104",104,0.000342105263157895,TRUE,"ELEVATED",1,1057,2.89390828199863,NA
1.1,"2-17-21-1.1-12",12,0.000269461077844311,FALSE,"ELEVATED",1,249,0.681724845995893,12
1,"2-17-32-1-104",104,0.000394736842105263,TRUE,"ELEVATED",1,329,0.900752908966461,NA
1,"2-17-33-1-104",104,0.000289473684210526,TRUE,"ELEVATED",1,1025,2.8062970568104,NA
2,"2-17-33-2-104",104,0.000342105263157895,TRUE,"ELEVATED",1,1025,2.8062970568104,NA
3,"2-17-33-3-95",95,0.000473684210526316,FALSE,"ELEVATED",1,761,2.08350444900753,95
4,"2-17-33-4-104",104,5e-04,TRUE,"ELEVATED",1,969,2.65297741273101,NA
5,"2-17-33-5-104",104,0.000526315789473684,TRUE,"ELEVATED",1,969,2.65297741273101,NA
6,"2-17-33-6-104",104,0.000368421052631579,TRUE,"ELEVATED",1,394,1.07871321013005,NA
7,"2-17-33-7-104",104,0.000342105263157895,TRUE,"ELEVATED",1,355,0.971937029431896,NA
8,"2-17-33-8-104",104,0.000342105263157895,TRUE,"ELEVATED",1,232,0.635181382614648,NA
9,"2-17-33-9-104",104,0.000236842105263158,TRUE,"ELEVATED",1,144,0.394250513347023,NA
10,"2-17-33-10-104",104,0.000263157894736842,TRUE,"ELEVATED",1,116,0.317590691307324,NA
1,"2-17-34-1-104",104,0.000578947368421053,TRUE,"ELEVATED",1,969,2.65297741273101,NA
2,"2-17-34-2-104",104,0.000368421052631579,TRUE,"ELEVATED",1,969,2.65297741273101,NA
3,"2-17-34-3-104",104,0.000421052631578947,TRUE,"ELEVATED",1,329,0.900752908966461,NA
4,"2-17-34-4-104",104,0.000289473684210526,TRUE,"ELEVATED",1,329,0.900752908966461,NA
5,"2-17-34-5-104",104,0.000315789473684211,TRUE,"ELEVATED",1,232,0.635181382614648,NA
6,"2-17-34-6-104",104,0.000368421052631579,TRUE,"ELEVATED",1,232,0.635181382614648,NA
1,"2-17-37-1-104",104,0.000315789473684211,TRUE,"ELEVATED",1,969,2.65297741273101,NA
1,"2-18-1-1-87",87,0.000710526315789474,FALSE,"ELEVATED",1,935,2.55989048596851,87
1.1,"2-18-1-1.1-13",13,0.000269461077844311,FALSE,"ELEVATED",1,407,1.11430527036277,13
2,"2-18-1-2-73",73,0.000789473684210526,FALSE,"ELEVATED",1,900,2.46406570841889,73
2.1,"2-18-1-2.1-9",9,0.000329341317365269,FALSE,"ELEVATED",1,274,0.750171115674196,9
3,"2-18-1-3-70",70,0.000315789473684211,FALSE,"ELEVATED",1,75,0.205338809034908,70
3.1,"2-18-1-3.1-20",20,0.000329341317365269,FALSE,"ELEVATED",1,654,1.79055441478439,20
4.1,"2-18-1-4.1-7",7,0.000568862275449102,FALSE,"ELEVATED",1,204,0.558521560574949,7
5.1,"2-18-1-5.1-10",10,0.000748502994011976,FALSE,"ELEVATED",1,308,0.843258042436687,10
6.1,"2-18-1-6.1-47",47,0.000419161676646707,FALSE,"ELEVATED",1,64,0.175222450376454,47
7.1,"2-18-1-7.1-49",49,0.000359281437125748,FALSE,"ELEVATED",1,61,0.167008898015058,49
8.1,"2-18-1-8.1-49",49,0.000419161676646707,FALSE,"ELEVATED",1,61,0.167008898015058,49
9.1,"2-18-1-9.1-61",61,0.000838323353293413,TRUE,"ELEVATED",1,463,1.26762491444216,NA
10.1,"2-18-1-10.1-61",61,0.000508982035928144,TRUE,"ELEVATED",1,393,1.07597535934292,NA
11.1,"2-18-1-11.1-61",61,0.000359281437125748,TRUE,"ELEVATED",1,113,0.309377138945927,NA
12.1,"2-18-1-12.1-61",61,0.000359281437125748,TRUE,"ELEVATED",1,76,0.20807665982204,NA
1,"2-18-3-1-68",68,0.000236842105263158,FALSE,"ELEVATED",1,353,0.966461327857632,68
1.1,"2-18-3-1.1-21",21,0.00062874251497006,FALSE,"ELEVATED",1,689,1.88637919233402,21
2,"2-18-3-2-69",69,0.000342105263157895,FALSE,"ELEVATED",1,97,0.265571526351814,69
2.1,"2-18-3-2.1-61",61,0.000329341317365269,TRUE,"ELEVATED",1,76,0.20807665982204,NA
3,"2-18-3-3-72",72,0.000289473684210526,FALSE,"ELEVATED",1,88,0.240930869267625,72
3.1,"2-18-3-3.1-61",61,0.000239520958083832,TRUE,"ELEVATED",1,76,0.20807665982204,NA
4,"2-18-3-4-103",103,0.000289473684210526,FALSE,"ELEVATED",1,51,0.139630390143737,103
1,"2-18-4-1-86",86,0.000263157894736842,FALSE,"ELEVATED",1,146,0.399726214921287,86
2,"2-18-4-2-104",104,0.000315789473684211,FALSE,"ELEVATED",1,264,0.722792607802875,104
3,"2-18-4-3-104",104,0.000263157894736842,FALSE,"ELEVATED",1,232,0.635181382614648,104
1.1,"2-18-5-1.1-22",22,0.000359281437125748,FALSE,"ELEVATED",1,718,1.96577686516085,22
2.1,"2-18-5-2.1-43",43,0.000329341317365269,FALSE,"ELEVATED",1,1200,3.28542094455852,43
3.1,"2-18-5-3.1-61",61,0.000329341317365269,TRUE,"ELEVATED",1,76,0.20807665982204,NA
1,"2-18-6-1-104",104,0.000394736842105263,TRUE,"ELEVATED",1,232,0.635181382614648,NA
2,"2-18-6-2-104",104,0.000368421052631579,TRUE,"ELEVATED",1,232,0.635181382614648,NA
3,"2-18-6-3-104",104,0.000447368421052632,TRUE,"ELEVATED",1,232,0.635181382614648,NA
1.1,"2-18-7-1.1-44",44,0.000359281437125748,FALSE,"ELEVATED",1,430,1.1772758384668,44
2.1,"2-18-7-2.1-61",61,0.000269461077844311,TRUE,"ELEVATED",1,76,0.20807665982204,NA
1.1,"2-18-11-1.1-9",9,0.000329341317365269,FALSE,"ELEVATED",1,274,0.750171115674196,9
1.1,"2-18-13-1.1-22",22,0.000329341317365269,FALSE,"ELEVATED",1,64,0.175222450376454,22
2.1,"2-18-13-2.1-59",59,0.000329341317365269,FALSE,"ELEVATED",1,191,0.522929500342231,59
1.1,"2-18-15-1.1-52",52,0.000359281437125748,FALSE,"ELEVATED",1,1780,4.87337440109514,52
2.1,"2-18-15-2.1-9",9,0.000359281437125748,FALSE,"ELEVATED",1,274,0.750171115674196,9
1,"2-18-17-1-79",79,0.000263157894736842,FALSE,"ELEVATED",1,278,0.761122518822724,79
2,"2-18-17-2-79",79,0.000236842105263158,FALSE,"ELEVATED",1,278,0.761122518822724,79
3,"2-18-17-3-79",79,0.000236842105263158,FALSE,"ELEVATED",1,278,0.761122518822724,79
1,"2-18-18-1-79",79,0.000342105263157895,FALSE,"ELEVATED",1,278,0.761122518822724,79
2,"2-18-18-2-79",79,0.000236842105263158,FALSE,"ELEVATED",1,278,0.761122518822724,79
3,"2-18-18-3-79",79,0.000236842105263158,FALSE,"ELEVATED",1,278,0.761122518822724,79
4,"2-18-18-4-79",79,0.000263157894736842,FALSE,"ELEVATED",1,278,0.761122518822724,79
1,"2-18-22-1-104",104,0.000394736842105263,TRUE,"ELEVATED",1,751,2.05612594113621,NA
1,"2-18-23-1-72",72,0.000447368421052632,FALSE,"ELEVATED",1,1927,5.27583846680356,72
1.1,"2-18-23-1.1-61",61,0.000359281437125748,TRUE,"ELEVATED",1,1519,4.15879534565366,NA
2.1,"2-18-23-2.1-28",28,0.000209580838323353,FALSE,"ELEVATED",1,32,0.0876112251882272,28
1,"2-18-25-1-104",104,0.000447368421052632,TRUE,"ELEVATED",1,1057,2.89390828199863,NA
1,"2-18-26-1-104",104,0.000578947368421053,TRUE,"ELEVATED",1,1100,3.01163586584531,NA
2,"2-18-26-2-104",104,0.000315789473684211,TRUE,"ELEVATED",1,1100,3.01163586584531,NA
3,"2-18-26-3-104",104,0.000552631578947368,TRUE,"ELEVATED",1,1057,2.89390828199863,NA
4,"2-18-26-4-104",104,0.000421052631578947,TRUE,"ELEVATED",1,1057,2.89390828199863,NA
1.1,"2-18-27-1.1-52",52,0.000538922155688623,FALSE,"ELEVATED",1,230,0.629705681040383,52
1,"2-18-28-1-68",68,0.000263157894736842,FALSE,"ELEVATED",1,227,0.621492128678987,68
2,"2-18-28-2-68",68,0.000342105263157895,FALSE,"ELEVATED",1,227,0.621492128678987,68
1,"2-18-29-1-68",68,0.000289473684210526,FALSE,"ELEVATED",1,1194,3.26899383983573,68
1.1,"2-18-29-1.1-61",61,0.000269461077844311,TRUE,"ELEVATED",1,1101,3.01437371663244,NA
2,"2-18-29-2-68",68,0.000289473684210526,FALSE,"ELEVATED",1,1378,3.77275838466804,68
2.1,"2-18-29-2.1-61",61,0.000269461077844311,TRUE,"ELEVATED",1,917,2.51060917180014,NA
3.1,"2-18-29-3.1-59",59,0.000269461077844311,FALSE,"ELEVATED",1,538,1.47296372347707,59
1,"2-18-30-1-104",104,0.000868421052631579,TRUE,"ELEVATED",1,1057,2.89390828199863,NA
1,"2-18-31-1-73",73,0.000315789473684211,FALSE,"ELEVATED",1,117,0.320328542094456,73
2,"2-18-31-2-101",101,0.000342105263157895,FALSE,"ELEVATED",1,977,2.67488021902806,101
1,"2-18-32-1-104",104,0.000631578947368421,TRUE,"ELEVATED",1,1100,3.01163586584531,NA
2,"2-18-32-2-104",104,0.000315789473684211,TRUE,"ELEVATED",1,1100,3.01163586584531,NA
3,"2-18-32-3-104",104,0.000289473684210526,TRUE,"ELEVATED",1,1100,3.01163586584531,NA
1,"2-18-33-1-104",104,0.000315789473684211,TRUE,"ELEVATED",1,1100,3.01163586584531,NA
2,"2-18-33-2-104",104,0.000289473684210526,TRUE,"ELEVATED",1,1057,2.89390828199863,NA
3,"2-18-33-3-104",104,0.000263157894736842,TRUE,"ELEVATED",1,1057,2.89390828199863,NA
1,"2-18-34-1-104",104,0.000289473684210526,TRUE,"ELEVATED",1,1327,3.6331279945243,NA
2,"2-18-34-2-104",104,0.000578947368421053,TRUE,"ELEVATED",1,1100,3.01163586584531,NA
3,"2-18-34-3-104",104,0.000263157894736842,TRUE,"ELEVATED",1,1057,2.89390828199863,NA
1,"2-18-36-1-104",104,0.000289473684210526,TRUE,"ELEVATED",1,1057,2.89390828199863,NA
1,"2-19-1-1-75",75,0.000236842105263158,FALSE,"ELEVATED",0,325,0.889801505817933,75
1.1,"2-19-1-1.1-9",9,0.000508982035928144,FALSE,"ELEVATED",0,274,0.750171115674196,9
2,"2-19-1-2-81",81,0.000368421052631579,FALSE,"ELEVATED",0,117,0.320328542094456,81
2.1,"2-19-1-2.1-10",10,0.000389221556886228,FALSE,"ELEVATED",0,34,0.0930869267624914,10
3.1,"2-19-1-3.1-61",61,0.000329341317365269,TRUE,"ELEVATED",0,113,0.309377138945927,NA
1,"2-19-4-1-104",104,0.000894736842105263,TRUE,"ELEVATED",0,116,0.317590691307324,NA
1.1,"2-19-5-1.1-9",9,0.000419161676646707,FALSE,"ELEVATED",0,70,0.191649555099247,9
2.1,"2-19-5-2.1-10",10,0.00110778443113772,FALSE,"ELEVATED",0,70,0.191649555099247,10
3.1,"2-19-5-3.1-18",18,0.000329341317365269,FALSE,"ELEVATED",0,139,0.380561259411362,18
1,"2-19-7-1-84",84,0.000210526315789474,FALSE,"ELEVATED",0,1162,3.1813826146475,84
1.1,"2-19-7-1.1-55",55,0.000329341317365269,FALSE,"ELEVATED",0,89,0.243668720054757,55
2,"2-19-7-2-80",80,0.000236842105263158,FALSE,"ELEVATED",0,576,1.57700205338809,80
1,"2-19-9-1-94",94,0.000184210526315789,FALSE,"ELEVATED",0,1193,3.2662559890486,94
2,"2-19-9-2-86",86,0.000210526315789474,FALSE,"ELEVATED",0,943,2.58179329226557,86
1,"2-19-10-1-94",94,0.000263157894736842,FALSE,"ELEVATED",0,1030,2.81998631074606,94
1,"2-19-11-1-91",91,0.000289473684210526,FALSE,"ELEVATED",0,335,0.917180013689254,91
2,"2-19-11-2-91",91,0.000289473684210526,FALSE,"ELEVATED",0,335,0.917180013689254,91
3,"2-19-11-3-101",101,0.000236842105263158,FALSE,"ELEVATED",0,356,0.974674880219028,101
1,"2-19-12-1-90",90,0.000289473684210526,FALSE,"ELEVATED",0,315,0.862422997946612,90
1,"2-19-13-1-80",80,0.000315789473684211,FALSE,"ELEVATED",0,126,0.344969199178645,80
1.1,"2-19-13-1.1-33",33,0.000269461077844311,FALSE,"ELEVATED",0,798,2.18480492813142,33
2.1,"2-19-13-2.1-19",19,0.000239520958083832,FALSE,"ELEVATED",0,353,0.966461327857632,19
1.1,"2-19-15-1.1-21",21,0.000389221556886228,FALSE,"ELEVATED",0,689,1.88637919233402,21
2.1,"2-19-15-2.1-11",11,0.00029940119760479,FALSE,"ELEVATED",0,339,0.928131416837782,11
3.1,"2-19-15-3.1-8",8,0.000209580838323353,FALSE,"ELEVATED",0,238,0.65160848733744,8
4.1,"2-19-15-4.1-5",5,0.000239520958083832,FALSE,"ELEVATED",0,145,0.396988364134155,5
5.1,"2-19-15-5.1-11",11,0.000538922155688623,FALSE,"ELEVATED",0,135,0.369609856262834,11
6.1,"2-19-15-6.1-28",28,0.000389221556886228,FALSE,"ELEVATED",0,126,0.344969199178645,28
7.1,"2-19-15-7.1-31",31,0.000568862275449102,FALSE,"ELEVATED",0,196,0.536618754277892,31
1.1,"2-19-17-1.1-11",11,0.000359281437125748,FALSE,"ELEVATED",0,339,0.928131416837782,11
2.1,"2-19-17-2.1-11",11,0.000269461077844311,FALSE,"ELEVATED",0,339,0.928131416837782,11
3.1,"2-19-17-3.1-31",31,0.000359281437125748,FALSE,"ELEVATED",0,1004,2.74880219028063,31
4.1,"2-19-17-4.1-3",3,0.000269461077844311,FALSE,"ELEVATED",0,77,0.210814510609172,3
5.1,"2-19-17-5.1-11",11,0.000239520958083832,FALSE,"ELEVATED",0,339,0.928131416837782,11
1.1,"2-19-19-1.1-22",22,0.000583832335329341,FALSE,"ELEVATED",0,718,1.96577686516085,22
2.1,"2-19-19-2.1-9",9,0.000449101796407186,FALSE,"ELEVATED",0,274,0.750171115674196,9
3.1,"2-19-19-3.1-27",27,0.000419161676646707,FALSE,"ELEVATED",0,867,2.37371663244353,27
4.1,"2-19-19-4.1-12",12,0.000359281437125748,FALSE,"ELEVATED",0,367,1.00479123887748,12
5.1,"2-19-19-5.1-11",11,0.000269461077844311,FALSE,"ELEVATED",0,339,0.928131416837782,11
6.1,"2-19-19-6.1-11",11,0.000269461077844311,FALSE,"ELEVATED",0,339,0.928131416837782,11
7.1,"2-19-19-7.1-31",31,0.000239520958083832,FALSE,"ELEVATED",0,1004,2.74880219028063,31
8.1,"2-19-19-8.1-11",11,0.000329341317365269,FALSE,"ELEVATED",0,339,0.928131416837782,11
9.1,"2-19-19-9.1-11",11,0.000269461077844311,FALSE,"ELEVATED",0,339,0.928131416837782,11
10.1,"2-19-19-10.1-11",11,0.000419161676646707,FALSE,"ELEVATED",0,262,0.717316906228611,11
11.1,"2-19-19-11.1-11",11,0.000269461077844311,FALSE,"ELEVATED",0,135,0.369609856262834,11
12.1,"2-19-19-12.1-21",21,0.000479041916167665,FALSE,"ELEVATED",0,415,1.13620807665982,21
13.1,"2-19-19-13.1-18",18,0.000374251497005988,FALSE,"ELEVATED",0,306,0.837782340862423,18
1,"2-19-20-1-103",103,0.000368421052631579,FALSE,"ELEVATED",0,1298,3.55373032169747,103
1.1,"2-19-21-1.1-11",11,0.000718562874251497,FALSE,"ELEVATED",0,339,0.928131416837782,11
2.1,"2-19-21-2.1-11",11,0.000389221556886228,FALSE,"ELEVATED",0,339,0.928131416837782,11
3.1,"2-19-21-3.1-8",8,0.00029940119760479,FALSE,"ELEVATED",0,197,0.539356605065024,8
4.1,"2-19-21-4.1-55",55,0.000239520958083832,FALSE,"ELEVATED",0,89,0.243668720054757,55
1.1,"2-19-23-1.1-19",19,0.000389221556886228,FALSE,"ELEVATED",0,319,0.87337440109514,19
1,"2-19-25-1-86",86,0.000289473684210526,FALSE,"ELEVATED",0,830,2.27241615331964,86
1.1,"2-19-25-1.1-12",12,0.000538922155688623,FALSE,"ELEVATED",0,326,0.892539356605065,12
2,"2-19-25-2-104",104,0.000263157894736842,TRUE,"ELEVATED",0,232,0.635181382614648,NA
2.1,"2-19-25-2.1-11",11,0.000209580838323353,FALSE,"ELEVATED",0,135,0.369609856262834,11
3.1,"2-19-25-3.1-11",11,0.000269461077844311,FALSE,"ELEVATED",0,65,0.177960301163587,11
4.1,"2-19-25-4.1-21",21,0.000239520958083832,FALSE,"ELEVATED",0,186,0.509240246406571,21
5.1,"2-19-25-5.1-55",55,0.000269461077844311,FALSE,"ELEVATED",0,89,0.243668720054757,55
1,"2-19-28-1-76",76,0.000289473684210526,FALSE,"ELEVATED",0,481,1.31690622861054,76
1,"2-19-30-1-73",73,0.000289473684210526,FALSE,"ELEVATED",0,387,1.05954825462012,73
2,"2-19-30-2-104",104,0.000210526315789474,TRUE,"ELEVATED",0,1327,3.6331279945243,NA
3,"2-19-30-3-73",73,0.000289473684210526,FALSE,"ELEVATED",0,387,1.05954825462012,73
1,"2-19-31-1-104",104,0.000421052631578947,TRUE,"ELEVATED",0,2832,7.75359342915811,NA
1.1,"2-19-31-1.1-59",59,0.000538922155688623,FALSE,"ELEVATED",0,1342,3.67419575633128,59
2,"2-19-31-2-104",104,0.000184210526315789,TRUE,"ELEVATED",0,2805,7.67967145790554,NA
2.1,"2-19-31-2.1-55",55,0.00029940119760479,FALSE,"ELEVATED",0,1151,3.15126625598905,55
3,"2-19-31-3-104",104,0.000289473684210526,TRUE,"ELEVATED",0,2805,7.67967145790554,NA
3.1,"2-19-31-3.1-55",55,0.00029940119760479,FALSE,"ELEVATED",0,1151,3.15126625598905,55
4,"2-19-31-4-104",104,0.000184210526315789,TRUE,"ELEVATED",0,1327,3.6331279945243,NA
4.1,"2-19-31-4.1-32",32,0.000239520958083832,FALSE,"ELEVATED",0,295,0.80766598220397,32
5,"2-19-31-5-104",104,0.000210526315789474,TRUE,"ELEVATED",0,2832,7.75359342915811,NA
5.1,"2-19-31-5.1-32",32,0.000209580838323353,FALSE,"ELEVATED",0,295,0.80766598220397,32
6.1,"2-19-31-6.1-32",32,0.000209580838323353,FALSE,"ELEVATED",0,295,0.80766598220397,32
7.1,"2-19-31-7.1-32",32,0.000149700598802395,FALSE,"ELEVATED",0,295,0.80766598220397,32
1,"2-19-32-1-76",76,0.000315789473684211,FALSE,"ELEVATED",0,481,1.31690622861054,76
2,"2-19-32-2-104",104,0.000394736842105263,TRUE,"ELEVATED",0,608,1.66461327857632,NA
1,"2-19-33-1-80",80,0.000210526315789474,FALSE,"ELEVATED",0,576,1.57700205338809,80
1.1,"2-19-33-1.1-26",26,0.000329341317365269,FALSE,"ELEVATED",0,429,1.17453798767967,26
2,"2-19-33-2-75",75,0.000368421052631579,FALSE,"ELEVATED",0,1717,4.70088980150582,75
2.1,"2-19-33-2.1-59",59,0.000958083832335329,FALSE,"ELEVATED",0,1104,3.02258726899384,59
3,"2-19-33-3-90",90,0.000368421052631579,FALSE,"ELEVATED",0,1313,3.59479808350445,90
3.1,"2-19-33-3.1-55",55,0.00029940119760479,FALSE,"ELEVATED",0,68,0.186173853524983,55
1,"2-19-34-1-69",69,0.000210526315789474,FALSE,"ELEVATED",0,270,0.739219712525667,69
2,"2-19-34-2-72",72,0.000210526315789474,FALSE,"ELEVATED",0,358,0.980150581793292,72
3,"2-19-34-3-93",93,0.000184210526315789,FALSE,"ELEVATED",0,577,1.57973990417522,93
4,"2-19-34-4-103",103,0.000289473684210526,FALSE,"ELEVATED",0,137,0.375085557837098,103
5,"2-19-34-5-104",104,0.000421052631578947,TRUE,"ELEVATED",0,166,0.454483230663929,NA
6,"2-19-34-6-104",104,0.000263157894736842,TRUE,"ELEVATED",0,144,0.394250513347023,NA
7,"2-19-34-7-104",104,0.000289473684210526,TRUE,"ELEVATED",0,144,0.394250513347023,NA
8,"2-19-34-8-104",104,0.000289473684210526,TRUE,"ELEVATED",0,144,0.394250513347023,NA
1,"2-20-1-1-86",86,0.000236842105263158,FALSE,"ELEVATED",0,2765,7.57015742642026,86
1.1,"2-20-1-1.1-10",10,0.000359281437125748,FALSE,"ELEVATED",0,308,0.843258042436687,10
2,"2-20-1-2-86",86,0.000263157894736842,FALSE,"ELEVATED",0,204,0.558521560574949,86
2.1,"2-20-1-2.1-3",3,0.000329341317365269,FALSE,"ELEVATED",0,36,0.0985626283367557,3
3.1,"2-20-1-3.1-53",53,0.000389221556886228,FALSE,"ELEVATED",0,1563,4.27926078028747,53
4.1,"2-20-1-4.1-24",24,0.00029940119760479,FALSE,"ELEVATED",0,465,1.27310061601643,24
5.1,"2-20-1-5.1-24",24,0.000329341317365269,FALSE,"ELEVATED",0,465,1.27310061601643,24
6.1,"2-20-1-6.1-52",52,0.000329341317365269,FALSE,"ELEVATED",0,1153,3.15674195756331,52
7.1,"2-20-1-7.1-53",53,0.000329341317365269,FALSE,"ELEVATED",0,21,0.0574948665297741,53
1,"2-20-2-1-81",81,0.000236842105263158,FALSE,"ELEVATED",0,211,0.577686516084873,81
1,"2-20-3-1-96",96,0.000289473684210526,FALSE,"ELEVATED",0,868,2.37645448323066,96
1.1,"2-20-3-1.1-26",26,0.00125748502994012,FALSE,"ELEVATED",0,333,0.91170431211499,26
2.1,"2-20-3-2.1-41",41,0.000329341317365269,FALSE,"ELEVATED",0,760,2.0807665982204,41
3.1,"2-20-3-3.1-42",42,0.000329341317365269,FALSE,"ELEVATED",0,734,2.00958247775496,42
4.1,"2-20-3-4.1-43",43,0.00029940119760479,FALSE,"ELEVATED",0,568,1.55509924709103,43
5.1,"2-20-3-5.1-43",43,0.000419161676646707,FALSE,"ELEVATED",0,448,1.22655715263518,43
6.1,"2-20-3-6.1-43",43,0.000269461077844311,FALSE,"ELEVATED",0,448,1.22655715263518,43
7.1,"2-20-3-7.1-50",50,0.000838323353293413,FALSE,"ELEVATED",0,41,0.112251882272416,50
1,"2-20-4-1-78",78,0.000447368421052632,FALSE,"ELEVATED",0,65,0.177960301163587,78
2,"2-20-4-2-85",85,0.000394736842105263,FALSE,"ELEVATED",0,147,0.402464065708419,85
1.1,"2-20-5-1.1-13",13,0.0013622754491018,FALSE,"ELEVATED",0,407,1.11430527036277,13
2.1,"2-20-5-2.1-8",8,0.000778443113772455,FALSE,"ELEVATED",0,161,0.440793976728268,8
1,"2-20-6-1-81",81,0.00197368421052632,FALSE,"ELEVATED",0,83,0.227241615331964,81
1,"2-20-7-1-79",79,0.000236842105263158,FALSE,"ELEVATED",0,321,0.878850102669405,79
2,"2-20-7-2-104",104,0.000236842105263158,TRUE,"ELEVATED",0,1100,3.01163586584531,NA
1,"2-20-9-1-74",74,0.000236842105263158,FALSE,"ELEVATED",0,547,1.49760438056126,74
1.1,"2-20-9-1.1-61",61,0.00029940119760479,TRUE,"ELEVATED",0,651,1.782340862423,NA
2.1,"2-20-9-2.1-61",61,0.000329341317365269,TRUE,"ELEVATED",0,198,0.542094455852156,NA
1,"2-20-11-1-104",104,0.000710526315789474,TRUE,"ELEVATED",0,2970,8.13141683778234,NA
1.1,"2-20-11-1.1-61",61,0.000389221556886228,TRUE,"ELEVATED",0,1593,4.36139630390144,NA
2,"2-20-11-2-104",104,0.000605263157894737,TRUE,"ELEVATED",0,779,2.13278576317591,NA
2.1,"2-20-11-2.1-45",45,0.00029940119760479,FALSE,"ELEVATED",0,895,2.45037645448323,45
3,"2-20-11-3-98",98,0.000289473684210526,FALSE,"ELEVATED",0,485,1.32785763175907,98
3.1,"2-20-11-3.1-45",45,0.000329341317365269,FALSE,"ELEVATED",0,895,2.45037645448323,45
3.1,"2-20-11-3.1-61",61,0.000329341317365269,TRUE,"ELEVATED",0,1546,4.23271731690623,NA
4.1,"2-20-11-4.1-45",45,0.00029940119760479,FALSE,"ELEVATED",0,895,2.45037645448323,45
5.1,"2-20-11-5.1-45",45,0.000329341317365269,FALSE,"ELEVATED",0,895,2.45037645448323,45
1,"2-20-12-1-72",72,0.000921052631578947,FALSE,"ELEVATED",0,358,0.980150581793292,72
1,"2-20-13-1-75",75,0.000289473684210526,FALSE,"ELEVATED",0,893,2.44490075290897,75
1.1,"2-20-13-1.1-42",42,0.000269461077844311,FALSE,"ELEVATED",0,434,1.18822724161533,42
2.1,"2-20-13-2.1-61",61,0.000419161676646707,TRUE,"ELEVATED",0,393,1.07597535934292,NA
3.1,"2-20-13-3.1-61",61,0.00029940119760479,TRUE,"ELEVATED",0,372,1.01848049281314,NA
4.1,"2-20-13-4.1-61",61,0.000269461077844311,TRUE,"ELEVATED",0,372,1.01848049281314,NA
1,"2-20-14-1-104",104,0.000631578947368421,TRUE,"ELEVATED",0,1025,2.8062970568104,NA
2,"2-20-14-2-104",104,0.000368421052631579,TRUE,"ELEVATED",0,1025,2.8062970568104,NA
1,"2-20-15-1-82",82,0.000368421052631579,FALSE,"ELEVATED",0,364,0.996577686516085,82
1.1,"2-20-15-1.1-12",12,0.000419161676646707,FALSE,"ELEVATED",0,367,1.00479123887748,12
1,"2-20-16-1-84",84,0.000315789473684211,FALSE,"ELEVATED",0,332,0.908966461327858,84
2,"2-20-16-2-104",104,0.000289473684210526,TRUE,"ELEVATED",0,355,0.971937029431896,NA
1,"2-20-17-1-84",84,0.000263157894736842,FALSE,"ELEVATED",0,1162,3.1813826146475,84
1.1,"2-20-17-1.1-52",52,0.000269461077844311,FALSE,"ELEVATED",0,1091,2.98699520876112,52
2.1,"2-20-17-2.1-59",59,0.000269461077844311,FALSE,"ELEVATED",0,804,2.20123203285421,59
3.1,"2-20-17-3.1-61",61,0.000239520958083832,TRUE,"ELEVATED",0,393,1.07597535934292,NA
4.1,"2-20-17-4.1-61",61,0.000329341317365269,TRUE,"ELEVATED",0,393,1.07597535934292,NA
1,"2-20-19-1-104",104,0.000263157894736842,TRUE,"ELEVATED",0,751,2.05612594113621,NA
1.1,"2-20-19-1.1-61",61,0.000389221556886228,TRUE,"ELEVATED",0,198,0.542094455852156,NA
2,"2-20-19-2-104",104,0.000289473684210526,TRUE,"ELEVATED",0,751,2.05612594113621,NA
2.1,"2-20-19-2.1-61",61,0.000329341317365269,TRUE,"ELEVATED",0,198,0.542094455852156,NA
1,"2-20-20-1-104",104,0.000684210526315789,TRUE,"ELEVATED",0,80,0.219028062970568,NA
1.1,"2-20-21-1.1-26",26,0.000269461077844311,FALSE,"ELEVATED",0,63,0.172484599589322,26
2.1,"2-20-21-2.1-53",53,0.00029940119760479,FALSE,"ELEVATED",0,279,0.763860369609856,53
3.1,"2-20-21-3.1-56",56,0.000239520958083832,FALSE,"ELEVATED",0,195,0.53388090349076,56
4.1,"2-20-21-4.1-61",61,0.00029940119760479,TRUE,"ELEVATED",0,198,0.542094455852156,NA
1.1,"2-20-23-1.1-61",61,0.000269461077844311,TRUE,"ELEVATED",0,1806,4.94455852156057,NA
1.1,"2-20-25-1.1-9",9,0.000449101796407186,FALSE,"ELEVATED",0,274,0.750171115674196,9
1,"2-20-28-1-104",104,0.000210526315789474,TRUE,"ELEVATED",0,1181,3.23340177960301,NA
1,"2-20-30-1-101",101,0.000315789473684211,FALSE,"ELEVATED",0,1247,3.41409993155373,101
1.1,"2-20-31-1.1-56",56,0.000329341317365269,FALSE,"ELEVATED",0,1348,3.69062286105407,56
1,"2-20-32-1-103",103,0.000342105263157895,FALSE,"ELEVATED",0,968,2.65023956194387,103
1.1,"2-20-33-1.1-34",34,0.00029940119760479,FALSE,"ELEVATED",0,175,0.479123887748118,34
2.1,"2-20-33-2.1-56",56,0.000269461077844311,FALSE,"ELEVATED",0,873,2.39014373716632,56
1,"2-20-36-1-104",104,0.000526315789473684,TRUE,"ELEVATED",0,1181,3.23340177960301,NA
2,"2-20-36-2-76",76,0.000473684210526316,FALSE,"ELEVATED",0,308,0.843258042436687,76
1,"2-21-1-1-75",75,0.000184210526315789,FALSE,"ELEVATED",0,576,1.57700205338809,75
1.1,"2-21-1-1.1-4",4,0.000329341317365269,FALSE,"ELEVATED",0,118,0.323066392881588,4
2.1,"2-21-1-2.1-8",8,0.000598802395209581,FALSE,"ELEVATED",0,197,0.539356605065024,8
3.1,"2-21-1-3.1-12",12,0.000718562874251497,FALSE,"ELEVATED",0,290,0.793976728268309,12
4.1,"2-21-1-4.1-12",12,0.000389221556886228,FALSE,"ELEVATED",0,163,0.446269678302533,12
5.1,"2-21-1-5.1-18",18,0.000329341317365269,FALSE,"ELEVATED",0,306,0.837782340862423,18
6.1,"2-21-1-6.1-61",61,0.000329341317365269,TRUE,"ELEVATED",0,198,0.542094455852156,NA
7.1,"2-21-1-7.1-61",61,0.000329341317365269,TRUE,"ELEVATED",0,76,0.20807665982204,NA
8.1,"2-21-1-8.1-61",61,0.000269461077844311,TRUE,"ELEVATED",0,76,0.20807665982204,NA
1,"2-21-3-1-70",70,0.000210526315789474,FALSE,"ELEVATED",0,428,1.17180013689254,70
1.1,"2-21-3-1.1-33",33,0.000359281437125748,FALSE,"ELEVATED",0,1072,2.93497604380561,33
2,"2-21-3-2-70",70,0.000263157894736842,FALSE,"ELEVATED",0,428,1.17180013689254,70
2.1,"2-21-3-2.1-3",3,0.000449101796407186,FALSE,"ELEVATED",0,77,0.210814510609172,3
3,"2-21-3-3-70",70,0.000289473684210526,FALSE,"ELEVATED",0,428,1.17180013689254,70
3.1,"2-21-3-3.1-3",3,0.000389221556886228,FALSE,"ELEVATED",0,77,0.210814510609172,3
4.1,"2-21-3-4.1-21",21,0.000329341317365269,FALSE,"ELEVATED",0,381,1.04312114989733,21
1,"2-21-5-1-80",80,0.000342105263157895,FALSE,"ELEVATED",0,998,2.73237508555784,80
1.1,"2-21-5-1.1-61",61,0.000419161676646707,TRUE,"ELEVATED",0,2173,5.94934976043806,NA
2,"2-21-5-2-104",104,0.0015,TRUE,"ELEVATED",0,394,1.07871321013005,NA
2.1,"2-21-5-2.1-10",10,0.000479041916167665,FALSE,"ELEVATED",0,308,0.843258042436687,10
3.1,"2-21-5-3.1-4",4,0.000419161676646707,FALSE,"ELEVATED",0,118,0.323066392881588,4
4.1,"2-21-5-4.1-7",7,0.000449101796407186,FALSE,"ELEVATED",0,204,0.558521560574949,7
5.1,"2-21-5-5.1-9",9,0.000359281437125748,FALSE,"ELEVATED",0,274,0.750171115674196,9
6.1,"2-21-5-6.1-11",11,0.000269461077844311,FALSE,"ELEVATED",0,339,0.928131416837782,11
7.1,"2-21-5-7.1-3",3,0.000389221556886228,FALSE,"ELEVATED",0,77,0.210814510609172,3
8.1,"2-21-5-8.1-57",57,0.000269461077844311,FALSE,"ELEVATED",0,204,0.558521560574949,57
1,"2-21-6-1-80",80,0.000210526315789474,FALSE,"ELEVATED",0,306,0.837782340862423,80
1,"2-21-7-1-79",79,0.000263157894736842,FALSE,"ELEVATED",0,278,0.761122518822724,79
1.1,"2-21-7-1.1-7",7,0.00110778443113772,FALSE,"ELEVATED",0,204,0.558521560574949,7
2,"2-21-7-2-104",104,0.00123684210526316,TRUE,"ELEVATED",0,436,1.1937029431896,NA
2.1,"2-21-7-2.1-7",7,0.000868263473053892,FALSE,"ELEVATED",0,204,0.558521560574949,7
3.1,"2-21-7-3.1-10",10,0.000419161676646707,FALSE,"ELEVATED",0,308,0.843258042436687,10
4.1,"2-21-7-4.1-9",9,0.000389221556886228,FALSE,"ELEVATED",0,274,0.750171115674196,9
5.1,"2-21-7-5.1-10",10,0.000359281437125748,FALSE,"ELEVATED",0,308,0.843258042436687,10
6.1,"2-21-7-6.1-61",61,0.000359281437125748,TRUE,"ELEVATED",0,198,0.542094455852156,NA
7.1,"2-21-7-7.1-61",61,0.00029940119760479,TRUE,"ELEVATED",0,198,0.542094455852156,NA
1,"2-21-8-1-68",68,0.000368421052631579,FALSE,"ELEVATED",0,227,0.621492128678987,68
2,"2-21-8-2-104",104,0.000973684210526316,TRUE,"ELEVATED",0,518,1.41820670773443,NA
1,"2-21-9-1-104",104,0.00192105263157895,TRUE,"ELEVATED",0,608,1.66461327857632,NA
1.1,"2-21-9-1.1-5",5,0.000389221556886228,FALSE,"ELEVATED",0,145,0.396988364134155,5
2.1,"2-21-9-2.1-59",59,0.000389221556886228,FALSE,"ELEVATED",0,223,0.610540725530459,59
1,"2-21-12-1-88",88,0.000447368421052632,FALSE,"ELEVATED",0,286,0.783025325119781,88
1,"2-21-19-1-85",85,0.000315789473684211,FALSE,"ELEVATED",0,993,2.71868583162218,85
1.1,"2-21-19-1.1-61",61,0.000359281437125748,TRUE,"ELEVATED",0,198,0.542094455852156,NA
2,"2-21-19-2-75",75,0.000289473684210526,FALSE,"ELEVATED",0,698,1.91101984941821,75
1,"2-21-20-1-104",104,0.000289473684210526,TRUE,"ELEVATED",0,1327,3.6331279945243,NA
2,"2-21-20-2-91",91,0.000210526315789474,FALSE,"ELEVATED",0,933,2.55441478439425,91
3,"2-21-20-3-91",91,0.000236842105263158,FALSE,"ELEVATED",0,933,2.55441478439425,91
1,"2-21-25-1-104",104,0.000342105263157895,TRUE,"ELEVATED",0,394,1.07871321013005,NA
1.1,"2-21-25-1.1-57",57,0.000239520958083832,FALSE,"ELEVATED",0,317,0.867898699520876,57
2,"2-21-25-2-104",104,0.000342105263157895,TRUE,"ELEVATED",0,297,0.813141683778234,NA
3,"2-21-25-3-104",104,0.000289473684210526,TRUE,"ELEVATED",0,297,0.813141683778234,NA
1,"2-21-26-1-104",104,0.000315789473684211,TRUE,"ELEVATED",0,693,1.89733059548255,NA
1,"2-21-27-1-104",104,0.000263157894736842,TRUE,"ELEVATED",0,693,1.89733059548255,NA
1.1,"2-21-27-1.1-61",61,0.000419161676646707,TRUE,"ELEVATED",0,1484,4.06297056810404,NA
2.1,"2-21-27-2.1-60",60,0.000479041916167665,FALSE,"ELEVATED",0,1379,3.77549623545517,60
3.1,"2-21-27-3.1-35",35,0.000329341317365269,FALSE,"ELEVATED",0,360,0.985626283367556,35
4.1,"2-21-27-4.1-57",57,0.00029940119760479,FALSE,"ELEVATED",0,204,0.558521560574949,57
1,"2-21-28-1-104",104,0.000289473684210526,TRUE,"ELEVATED",0,1327,3.6331279945243,NA
2,"2-21-28-2-66",66,0.000236842105263158,FALSE,"ELEVATED",0,146,0.399726214921287,66
3,"2-21-28-3-104",104,0.000473684210526316,TRUE,"ELEVATED",0,355,0.971937029431896,NA
4,"2-21-28-4-104",104,0.000394736842105263,TRUE,"ELEVATED",0,29,0.0793976728268309,NA
1,"2-21-29-1-104",104,0.000236842105263158,TRUE,"ELEVATED",0,29,0.0793976728268309,NA
1.1,"2-21-29-1.1-61",61,0.000359281437125748,TRUE,"ELEVATED",0,485,1.32785763175907,NA
2.1,"2-21-29-2.1-61",61,0.000329341317365269,TRUE,"ELEVATED",0,463,1.26762491444216,NA
3.1,"2-21-29-3.1-61",61,0.000269461077844311,TRUE,"ELEVATED",0,198,0.542094455852156,NA
1,"2-21-30-1-104",104,0.000236842105263158,TRUE,"ELEVATED",0,729,1.9958932238193,NA
2,"2-21-30-2-104",104,0.000315789473684211,TRUE,"ELEVATED",0,59,0.161533196440794,NA
3,"2-21-30-3-104",104,0.000263157894736842,TRUE,"ELEVATED",0,80,0.219028062970568,NA
4,"2-21-30-4-104",104,0.000315789473684211,TRUE,"ELEVATED",0,59,0.161533196440794,NA
1.1,"2-21-31-1.1-61",61,0.000359281437125748,TRUE,"ELEVATED",0,463,1.26762491444216,NA
2.1,"2-21-31-2.1-61",61,0.00029940119760479,TRUE,"ELEVATED",0,141,0.386036960985626,NA
3.1,"2-21-31-3.1-61",61,0.000329341317365269,TRUE,"ELEVATED",0,113,0.309377138945927,NA
1,"2-21-34-1-104",104,0.000368421052631579,TRUE,"ELEVATED",0,1327,3.6331279945243,NA
1,"2-22-1-1-84",84,0.000315789473684211,FALSE,"ELEVATED",0,143,0.39151266255989,84
1.1,"2-22-1-1.1-11",11,0.000389221556886228,FALSE,"ELEVATED",0,221,0.605065023956194,11
2,"2-22-1-2-104",104,0.000605263157894737,TRUE,"ELEVATED",0,394,1.07871321013005,NA
2.1,"2-22-1-2.1-11",11,0.000449101796407186,FALSE,"ELEVATED",0,194,0.531143052703628,11
3,"2-22-1-3-104",104,0.000263157894736842,TRUE,"ELEVATED",0,394,1.07871321013005,NA
3.1,"2-22-1-3.1-32",32,0.000329341317365269,FALSE,"ELEVATED",0,864,2.36550308008214,32
4.1,"2-22-1-4.1-34",34,0.000718562874251497,FALSE,"ELEVATED",0,203,0.555783709787817,34
5.1,"2-22-1-5.1-41",41,0.000269461077844311,FALSE,"ELEVATED",0,44,0.120465434633812,41
6.1,"2-22-1-6.1-41",41,0.00029940119760479,FALSE,"ELEVATED",0,44,0.120465434633812,41
7.1,"2-22-1-7.1-41",41,0.000269461077844311,FALSE,"ELEVATED",0,44,0.120465434633812,41
8.1,"2-22-1-8.1-52",52,0.000718562874251497,FALSE,"ELEVATED",0,419,1.14715947980835,52
9.1,"2-22-1-9.1-59",59,0.000598802395209581,FALSE,"ELEVATED",0,538,1.47296372347707,59
10.1,"2-22-1-10.1-60",60,0.000329341317365269,FALSE,"ELEVATED",0,122,0.334017796030116,60
11.1,"2-22-1-11.1-59",59,0.000269461077844311,FALSE,"ELEVATED",0,85,0.232717316906229,59
1,"2-22-3-1-81",81,0.000210526315789474,FALSE,"ELEVATED",0,296,0.810403832991102,81
1.1,"2-22-3-1.1-7",7,0.00092814371257485,FALSE,"ELEVATED",0,86,0.235455167693361,7
2.1,"2-22-3-2.1-6",6,0.000449101796407186,FALSE,"ELEVATED",0,31,0.0848733744010951,6
3.1,"2-22-3-3.1-12",12,0.00029940119760479,FALSE,"ELEVATED",0,163,0.446269678302533,12
4.1,"2-22-3-4.1-56",56,0.000389221556886228,FALSE,"ELEVATED",0,138,0.37782340862423,56
5.1,"2-22-3-5.1-61",61,0.000329341317365269,TRUE,"ELEVATED",0,198,0.542094455852156,NA
1,"2-22-4-1-68",68,0.000289473684210526,FALSE,"ELEVATED",0,227,0.621492128678987,68
2,"2-22-4-2-67",67,0.000289473684210526,FALSE,"ELEVATED",0,173,0.473648186173854,67
3,"2-22-4-3-85",85,0.000263157894736842,FALSE,"ELEVATED",0,169,0.462696783025325,85
1.1,"2-22-5-1.1-59",59,0.000404191616766467,FALSE,"ELEVATED",0,223,0.610540725530459,59
1,"2-22-6-1-69",69,0.000236842105263158,FALSE,"ELEVATED",0,270,0.739219712525667,69
2,"2-22-6-2-68",68,0.000236842105263158,FALSE,"ELEVATED",0,227,0.621492128678987,68
3,"2-22-6-3-104",104,0.000315789473684211,TRUE,"ELEVATED",0,59,0.161533196440794,NA
1,"2-22-7-1-71",71,0.000368421052631579,FALSE,"ELEVATED",0,330,0.903490759753593,71
1.1,"2-22-7-1.1-9",9,0.000419161676646707,FALSE,"ELEVATED",0,274,0.750171115674196,9
2,"2-22-7-2-71",71,0.000210526315789474,FALSE,"ELEVATED",0,184,0.503764544832307,71
2.1,"2-22-7-2.1-12",12,0.00110778443113772,FALSE,"ELEVATED",0,163,0.446269678302533,12
3,"2-22-7-3-71",71,0.000736842105263158,FALSE,"ELEVATED",0,184,0.503764544832307,71
3.1,"2-22-7-3.1-61",61,0.00029940119760479,TRUE,"ELEVATED",0,198,0.542094455852156,NA
4,"2-22-7-4-71",71,0.000263157894736842,FALSE,"ELEVATED",0,103,0.281998631074606,71
5,"2-22-7-5-104",104,5e-04,TRUE,"ELEVATED",0,29,0.0793976728268309,NA
6,"2-22-7-6-104",104,0.000447368421052632,TRUE,"ELEVATED",0,29,0.0793976728268309,NA
1,"2-22-9-1-104",104,0.000394736842105263,FALSE,"ELEVATED",0,779,2.13278576317591,104
1.1,"2-22-9-1.1-17",17,0.000359281437125748,FALSE,"ELEVATED",0,280,0.766598220396988,17
2.1,"2-22-9-2.1-19",19,0.000329341317365269,FALSE,"ELEVATED",0,260,0.711841204654346,19
1,"2-22-10-1-71",71,0.000315789473684211,FALSE,"ELEVATED",0,60,0.164271047227926,71
2,"2-22-10-2-71",71,0.000236842105263158,FALSE,"ELEVATED",0,60,0.164271047227926,71
1,"2-22-11-1-68",68,0.000289473684210526,FALSE,"ELEVATED",0,277,0.758384668035592,68
1.1,"2-22-11-1.1-60",60,0.000479041916167665,FALSE,"ELEVATED",0,897,2.4558521560575,60
2,"2-22-11-2-82",82,0.000210526315789474,FALSE,"ELEVATED",0,760,2.0807665982204,82
2.1,"2-22-11-2.1-61",61,0.00029940119760479,TRUE,"ELEVATED",0,198,0.542094455852156,NA
3.1,"2-22-11-3.1-61",61,0.000329341317365269,TRUE,"ELEVATED",0,76,0.20807665982204,NA
1,"2-22-14-1-74",74,0.000368421052631579,FALSE,"ELEVATED",0,421,1.15263518138261,74
1,"2-22-15-1-73",73,0.000289473684210526,FALSE,"ELEVATED",0,550,1.50581793292266,73
1.1,"2-22-15-1.1-11",11,0.000359281437125748,FALSE,"ELEVATED",0,339,0.928131416837782,11
2,"2-22-15-2-73",73,0.000289473684210526,FALSE,"ELEVATED",0,550,1.50581793292266,73
2.1,"2-22-15-2.1-22",22,0.000359281437125748,FALSE,"ELEVATED",0,91,0.249144421629021,22
3,"2-22-15-3-73",73,0.000184210526315789,FALSE,"ELEVATED",0,387,1.05954825462012,73
3.1,"2-22-15-3.1-22",22,0.000389221556886228,FALSE,"ELEVATED",0,91,0.249144421629021,22
4,"2-22-15-4-73",73,0.000289473684210526,FALSE,"ELEVATED",0,387,1.05954825462012,73
4.1,"2-22-15-4.1-41",41,0.000329341317365269,FALSE,"ELEVATED",0,140,0.383299110198494,41
5,"2-22-15-5-68",68,0.000315789473684211,FALSE,"ELEVATED",0,227,0.621492128678987,68
5.1,"2-22-15-5.1-41",41,0.000269461077844311,FALSE,"ELEVATED",0,140,0.383299110198494,41
6.1,"2-22-15-6.1-56",56,0.00029940119760479,FALSE,"ELEVATED",0,265,0.725530458590007,56
7.1,"2-22-15-7.1-56",56,0.00029940119760479,FALSE,"ELEVATED",0,265,0.725530458590007,56
8.1,"2-22-15-8.1-61",61,0.000329341317365269,TRUE,"ELEVATED",0,113,0.309377138945927,NA
9.1,"2-22-15-9.1-61",61,0.00029940119760479,TRUE,"ELEVATED",0,113,0.309377138945927,NA
10.1,"2-22-15-10.1-61",61,0.000209580838323353,TRUE,"ELEVATED",0,113,0.309377138945927,NA
1,"2-22-16-1-73",73,0.000447368421052632,FALSE,"ELEVATED",0,387,1.05954825462012,73
2,"2-22-16-2-78",78,0.000421052631578947,FALSE,"ELEVATED",0,515,1.40999315537303,78
3,"2-22-16-3-73",73,0.000236842105263158,FALSE,"ELEVATED",0,387,1.05954825462012,73
4,"2-22-16-4-73",73,0.000210526315789474,FALSE,"ELEVATED",0,387,1.05954825462012,73
5,"2-22-16-5-73",73,0.000236842105263158,FALSE,"ELEVATED",0,387,1.05954825462012,73
1,"2-22-17-1-75",75,5e-04,FALSE,"ELEVATED",0,576,1.57700205338809,75
1.1,"2-22-17-1.1-61",61,0.000269461077844311,TRUE,"ELEVATED",0,1101,3.01437371663244,NA
2,"2-22-17-2-71",71,0.000236842105263158,FALSE,"ELEVATED",0,330,0.903490759753593,71
2.1,"2-22-17-2.1-61",61,0.000209580838323353,TRUE,"ELEVATED",0,994,2.72142368240931,NA
3,"2-22-17-3-73",73,0.000447368421052632,FALSE,"ELEVATED",0,513,1.40451745379877,73
3.1,"2-22-17-3.1-61",61,0.000209580838323353,TRUE,"ELEVATED",0,994,2.72142368240931,NA
4,"2-22-17-4-75",75,0.000421052631578947,FALSE,"ELEVATED",0,576,1.57700205338809,75
4.1,"2-22-17-4.1-61",61,0.000479041916167665,TRUE,"ELEVATED",0,76,0.20807665982204,NA
5,"2-22-17-5-73",73,0.000236842105263158,FALSE,"ELEVATED",0,437,1.19644079397673,73
6,"2-22-17-6-73",73,0.000184210526315789,FALSE,"ELEVATED",0,387,1.05954825462012,73
7,"2-22-17-7-73",73,0.000184210526315789,FALSE,"ELEVATED",0,1538,4.21081451060917,73
1,"2-22-18-1-75",75,0.000473684210526316,FALSE,"ELEVATED",0,450,1.23203285420945,75
2,"2-22-18-2-74",74,0.000342105263157895,FALSE,"ELEVATED",0,421,1.15263518138261,74
3,"2-22-18-3-76",76,0.000368421052631579,FALSE,"ELEVATED",0,481,1.31690622861054,76
4,"2-22-18-4-75",75,0.000184210526315789,FALSE,"ELEVATED",0,450,1.23203285420945,75
5,"2-22-18-5-75",75,0.000210526315789474,FALSE,"ELEVATED",0,450,1.23203285420945,75
6,"2-22-18-6-73",73,0.000315789473684211,FALSE,"ELEVATED",0,387,1.05954825462012,73
1,"2-22-19-1-67",67,0.000236842105263158,FALSE,"ELEVATED",0,173,0.473648186173854,67
1.1,"2-22-19-1.1-37",37,0.000419161676646707,FALSE,"ELEVATED",0,196,0.536618754277892,37
2,"2-22-19-2-67",67,0.000210526315789474,FALSE,"ELEVATED",0,173,0.473648186173854,67
2.1,"2-22-19-2.1-41",41,0.000359281437125748,FALSE,"ELEVATED",0,336,0.919917864476386,41
1,"2-22-21-1-75",75,0.000394736842105263,FALSE,"ELEVATED",0,576,1.57700205338809,75
1,"2-22-23-1-74",74,0.000263157894736842,FALSE,"ELEVATED",0,1122,3.07186858316222,74
1.1,"2-22-23-1.1-61",61,0.000389221556886228,TRUE,"ELEVATED",0,651,1.782340862423,NA
2,"2-22-23-2-74",74,0.000263157894736842,FALSE,"ELEVATED",0,421,1.15263518138261,74
2.1,"2-22-23-2.1-61",61,0.000359281437125748,TRUE,"ELEVATED",0,651,1.782340862423,NA
3,"2-22-23-3-74",74,0.000210526315789474,FALSE,"ELEVATED",0,421,1.15263518138261,74
4,"2-22-23-4-104",104,0.000368421052631579,TRUE,"ELEVATED",0,2028,5.5523613963039,NA
1.1,"2-22-27-1.1-48",48,0.00029940119760479,FALSE,"ELEVATED",0,33,0.0903490759753593,48
1,"2-22-29-1-104",104,0.000263157894736842,TRUE,"ELEVATED",0,751,2.05612594113621,NA
1,"2-22-31-1-67",67,0.000473684210526316,FALSE,"ELEVATED",0,810,2.217659137577,67
1.1,"2-22-31-1.1-61",61,0.000419161676646707,TRUE,"ELEVATED",0,587,1.60711841204654,NA
2,"2-22-31-2-104",104,0.000210526315789474,TRUE,"ELEVATED",0,779,2.13278576317591,NA
3,"2-22-31-3-104",104,0.000210526315789474,TRUE,"ELEVATED",0,779,2.13278576317591,NA
1,"2-22-32-1-104",104,5e-04,TRUE,"ELEVATED",0,1327,3.6331279945243,NA
2,"2-22-32-2-70",70,0.000236842105263158,FALSE,"ELEVATED",0,302,0.826830937713895,70
1,"2-22-33-1-67",67,0.000289473684210526,FALSE,"ELEVATED",0,173,0.473648186173854,67
1.1,"2-22-33-1.1-59",59,0.000389221556886228,FALSE,"ELEVATED",0,720,1.97125256673511,59
2,"2-22-33-2-74",74,0.000315789473684211,FALSE,"ELEVATED",0,421,1.15263518138261,74
3,"2-22-33-3-71",71,0.000263157894736842,FALSE,"ELEVATED",0,330,0.903490759753593,71
4,"2-22-33-4-68",68,0.000526315789473684,FALSE,"ELEVATED",0,227,0.621492128678987,68
1,"2-22-34-1-104",104,0.000236842105263158,TRUE,"ELEVATED",0,1327,3.6331279945243,NA
2,"2-22-34-2-76",76,0.000368421052631579,FALSE,"ELEVATED",0,481,1.31690622861054,76
3,"2-22-34-3-76",76,0.000342105263157895,FALSE,"ELEVATED",0,481,1.31690622861054,76
4,"2-22-34-4-76",76,0.000236842105263158,FALSE,"ELEVATED",0,481,1.31690622861054,76
5,"2-22-34-5-76",76,0.000210526315789474,FALSE,"ELEVATED",0,481,1.31690622861054,76
6,"2-22-34-6-104",104,0.000315789473684211,TRUE,"ELEVATED",0,29,0.0793976728268309,NA
1,"2-22-35-1-104",104,0.000289473684210526,TRUE,"ELEVATED",0,2028,5.5523613963039,NA
2,"2-22-35-2-75",75,0.000131578947368421,FALSE,"ELEVATED",0,500,1.36892539356605,75
1,"2-22-36-1-74",74,0.000236842105263158,FALSE,"ELEVATED",0,421,1.15263518138261,74
1,"2-23-1-1-76",76,0.000236842105263158,FALSE,"ELEVATED",0,2015,5.51676933607118,76
1.1,"2-23-1-1.1-3",3,0.000389221556886228,FALSE,"ELEVATED",0,77,0.210814510609172,3
2,"2-23-1-2-73",73,0.000394736842105263,FALSE,"ELEVATED",0,117,0.320328542094456,73
2.1,"2-23-1-2.1-15",15,0.000239520958083832,FALSE,"ELEVATED",0,265,0.725530458590007,15
3.1,"2-23-1-3.1-61",61,0.00029940119760479,TRUE,"ELEVATED",0,1484,4.06297056810404,NA
4.1,"2-23-1-4.1-40",40,0.000419161676646707,FALSE,"ELEVATED",0,256,0.700889801505818,40
5.1,"2-23-1-5.1-61",61,0.000359281437125748,TRUE,"ELEVATED",0,198,0.542094455852156,NA
1,"2-23-5-1-69",69,0.000368421052631579,FALSE,"ELEVATED",0,270,0.739219712525667,69
1.1,"2-23-7-1.1-33",33,0.000359281437125748,FALSE,"ELEVATED",0,445,1.21834360027379,33
2.1,"2-23-7-2.1-29",29,0.000329341317365269,FALSE,"ELEVATED",0,273,0.747433264887064,29
3.1,"2-23-7-3.1-41",41,0.000329341317365269,FALSE,"ELEVATED",0,268,0.733744010951403,41
1,"2-23-8-1-87",87,0.000657894736842105,FALSE,"ELEVATED",0,809,2.21492128678987,87
2,"2-23-8-2-104",104,0.000394736842105263,TRUE,"ELEVATED",0,355,0.971937029431896,NA
1,"2-23-9-1-85",85,0.000315789473684211,FALSE,"ELEVATED",0,1896,5.19096509240246,85
1.1,"2-23-9-1.1-24",24,0.000658682634730539,FALSE,"ELEVATED",0,119,0.32580424366872,24
2,"2-23-9-2-75",75,0.000263157894736842,FALSE,"ELEVATED",0,450,1.23203285420945,75
2.1,"2-23-9-2.1-40",40,0.000988023952095808,FALSE,"ELEVATED",0,642,1.75770020533881,40
3,"2-23-9-3-104",104,0.000263157894736842,TRUE,"ELEVATED",0,1453,3.97809719370294,NA
3.1,"2-23-9-3.1-23",23,0.000508982035928144,FALSE,"ELEVATED",0,56,0.153319644079398,23
4.1,"2-23-9-4.1-23",23,0.000449101796407186,FALSE,"ELEVATED",0,56,0.153319644079398,23
5.1,"2-23-9-5.1-52",52,0.000419161676646707,FALSE,"ELEVATED",0,194,0.531143052703628,52
6.1,"2-23-9-6.1-61",61,0.000329341317365269,TRUE,"ELEVATED",0,76,0.20807665982204,NA
1,"2-23-10-1-93",93,0.000657894736842105,FALSE,"ELEVATED",0,26,0.0711841204654346,93
1,"2-23-11-1-104",104,0.000657894736842105,TRUE,"ELEVATED",0,297,0.813141683778234,NA
2,"2-23-11-2-104",104,0.000263157894736842,TRUE,"ELEVATED",0,264,0.722792607802875,NA
1,"2-23-12-1-104",104,0.000578947368421053,TRUE,"ELEVATED",0,355,0.971937029431896,NA
1,"2-23-13-1-104",104,0.000552631578947368,TRUE,"ELEVATED",0,355,0.971937029431896,NA
2,"2-23-13-2-104",104,0.000368421052631579,TRUE,"ELEVATED",0,355,0.971937029431896,NA
1,"2-23-15-1-96",96,0.000526315789473684,FALSE,"ELEVATED",0,32,0.0876112251882272,96
1.1,"2-23-15-1.1-23",23,0.000419161676646707,FALSE,"ELEVATED",0,378,1.03490759753593,23
1,"2-23-19-1-104",104,0.000368421052631579,TRUE,"ELEVATED",0,1057,2.89390828199863,NA
2,"2-23-19-2-104",104,0.000236842105263158,TRUE,"ELEVATED",0,1057,2.89390828199863,NA
3,"2-23-19-3-104",104,0.000263157894736842,TRUE,"ELEVATED",0,1057,2.89390828199863,NA
4,"2-23-19-4-104",104,0.000263157894736842,TRUE,"ELEVATED",0,1057,2.89390828199863,NA
5,"2-23-19-5-104",104,0.000289473684210526,TRUE,"ELEVATED",0,969,2.65297741273101,NA
1,"2-23-20-1-104",104,0.000315789473684211,TRUE,"ELEVATED",0,1057,2.89390828199863,NA
2,"2-23-20-2-104",104,0.000315789473684211,TRUE,"ELEVATED",0,1057,2.89390828199863,NA
3,"2-23-20-3-104",104,0.000289473684210526,TRUE,"ELEVATED",0,1057,2.89390828199863,NA
4,"2-23-20-4-104",104,0.000263157894736842,TRUE,"ELEVATED",0,1057,2.89390828199863,NA
5,"2-23-20-5-104",104,0.000236842105263158,TRUE,"ELEVATED",0,1025,2.8062970568104,NA
6,"2-23-20-6-104",104,0.000289473684210526,TRUE,"ELEVATED",0,969,2.65297741273101,NA
7,"2-23-20-7-104",104,0.000289473684210526,TRUE,"ELEVATED",0,969,2.65297741273101,NA
8,"2-23-20-8-104",104,0.000447368421052632,TRUE,"ELEVATED",0,751,2.05612594113621,NA
9,"2-23-20-9-104",104,0.000210526315789474,TRUE,"ELEVATED",0,751,2.05612594113621,NA
2,"2-23-21-2-104",104,0.000289473684210526,TRUE,"ELEVATED",0,1025,2.8062970568104,NA
3,"2-23-21-3-104",104,0.000315789473684211,TRUE,"ELEVATED",0,969,2.65297741273101,NA
4,"2-23-21-4-104",104,0.000342105263157895,TRUE,"ELEVATED",0,969,2.65297741273101,NA
5,"2-23-21-5-104",104,0.000394736842105263,TRUE,"ELEVATED",0,969,2.65297741273101,NA
6,"2-23-21-6-104",104,0.000289473684210526,TRUE,"ELEVATED",0,812,2.22313483915127,NA
7,"2-23-21-7-104",104,0.000552631578947368,TRUE,"ELEVATED",0,779,2.13278576317591,NA
8,"2-23-21-8-104",104,0.000342105263157895,TRUE,"ELEVATED",0,518,1.41820670773443,NA
1,"2-23-23-1-70",70,0.000605263157894737,FALSE,"ELEVATED",0,2217,6.06981519507187,70
1.1,"2-23-23-1.1-61",61,0.00140718562874251,TRUE,"ELEVATED",0,1865,5.10609171800137,NA
2.1,"2-23-23-2.1-20",20,0.000329341317365269,FALSE,"ELEVATED",0,346,0.947296372347707,20
3.1,"2-23-23-3.1-35",35,0.000538922155688623,FALSE,"ELEVATED",0,825,2.25872689938398,35
1,"2-23-25-1-104",104,0.000394736842105263,TRUE,"ELEVATED",0,2000,5.4757015742642,NA
1.1,"2-23-25-1.1-23",23,0.000838323353293413,FALSE,"ELEVATED",0,437,1.19644079397673,23
2.1,"2-23-25-2.1-18",18,0.00029940119760479,FALSE,"ELEVATED",0,213,0.583162217659138,18
3.1,"2-23-25-3.1-52",52,0.000419161676646707,FALSE,"ELEVATED",0,230,0.629705681040383,52
1.1,"2-24-1-1.1-32",32,0.000449101796407186,FALSE,"ELEVATED",0,1040,2.84736481861739,32
2.1,"2-24-1-2.1-8",8,0.000449101796407186,FALSE,"ELEVATED",0,197,0.539356605065024,8
3.1,"2-24-1-3.1-8",8,0.000598802395209581,FALSE,"ELEVATED",0,197,0.539356605065024,8
4.1,"2-24-1-4.1-19",19,0.000359281437125748,FALSE,"ELEVATED",0,451,1.23477070499658,19
1.1,"2-24-5-1.1-19",19,0.00029940119760479,FALSE,"ELEVATED",0,186,0.509240246406571,19
2.1,"2-24-5-2.1-22",22,0.000449101796407186,FALSE,"ELEVATED",0,277,0.758384668035592,22
3.1,"2-24-5-3.1-44",44,0.00029940119760479,FALSE,"ELEVATED",0,138,0.37782340862423,44
1.1,"2-24-7-1.1-32",32,0.000269461077844311,FALSE,"ELEVATED",0,673,1.8425735797399,32
2.1,"2-24-7-2.1-61",61,0.00029940119760479,TRUE,"ELEVATED",0,198,0.542094455852156,NA
1.1,"2-24-9-1.1-61",61,0.00029940119760479,TRUE,"ELEVATED",0,463,1.26762491444216,NA
2.1,"2-24-9-2.1-56",56,0.000209580838323353,FALSE,"ELEVATED",0,174,0.476386036960986,56
1,"2-24-10-1-68",68,0.000210526315789474,FALSE,"ELEVATED",0,227,0.621492128678987,68
1,"2-24-11-1-83",83,0.000394736842105263,FALSE,"ELEVATED",0,726,1.98767967145791,83
1.1,"2-24-11-1.1-47",47,0.00029940119760479,FALSE,"ELEVATED",0,868,2.37645448323066,47
1,"2-24-12-1-83",83,0.000263157894736842,FALSE,"ELEVATED",0,676,1.8507871321013,83
2,"2-24-12-2-83",83,0.000368421052631579,FALSE,"ELEVATED",0,676,1.8507871321013,83
3,"2-24-12-3-81",81,0.000236842105263158,FALSE,"ELEVATED",0,598,1.637234770705,81
4,"2-24-12-4-102",102,0.000421052631578947,FALSE,"ELEVATED",0,1268,3.4715947980835,102
5,"2-24-12-5-81",81,0.000210526315789474,FALSE,"ELEVATED",0,598,1.637234770705,81
1,"2-24-13-1-84",84,0.000315789473684211,FALSE,"ELEVATED",0,492,1.34702258726899,84
1,"2-24-15-1-84",84,0.000263157894736842,FALSE,"ELEVATED",0,1420,3.88774811772758,84
1.1,"2-24-15-1.1-20",20,0.000538922155688623,FALSE,"ELEVATED",0,654,1.79055441478439,20
2.1,"2-24-15-2.1-61",61,0.000329341317365269,TRUE,"ELEVATED",0,587,1.60711841204654,NA
1,"2-24-18-1-78",78,0.000578947368421053,FALSE,"ELEVATED",0,515,1.40999315537303,78
1.1,"2-24-23-1.1-15",15,0.000269461077844311,FALSE,"ELEVATED",0,62,0.16974674880219,15
1.1,"2-24-25-1.1-56",56,0.000419161676646707,FALSE,"ELEVATED",0,453,1.24024640657084,56
1,"2-24-27-1-80",80,0.000289473684210526,FALSE,"ELEVATED",0,189,0.517453798767967,80
1,"2-24-28-1-69",69,0.000236842105263158,FALSE,"ELEVATED",0,270,0.739219712525667,69
2,"2-24-28-2-104",104,0.000289473684210526,TRUE,"ELEVATED",0,1057,2.89390828199863,NA
1,"3-25-1-1-68",68,0.000289473684210526,FALSE,"ELEVATED",0,445,1.21834360027379,68
1.1,"3-25-1-1.1-20",20,0.000479041916167665,FALSE,"ELEVATED",0,654,1.79055441478439,20
2,"3-25-1-2-85",85,0.000289473684210526,FALSE,"ELEVATED",0,169,0.462696783025325,85
2.1,"3-25-1-2.1-22",22,0.000868263473053892,FALSE,"ELEVATED",0,718,1.96577686516085,22
3,"3-25-1-3-97",97,0.000210526315789474,TRUE,"ELEVATED",0,119,0.32580424366872,NA
3.1,"3-25-1-3.1-10",10,0.000778443113772455,FALSE,"ELEVATED",0,308,0.843258042436687,10
4,"3-25-1-4-97",97,0.000184210526315789,TRUE,"ELEVATED",0,87,0.238193018480493,NA
4.1,"3-25-1-4.1-6",6,0.000718562874251497,FALSE,"ELEVATED",0,176,0.48186173853525,6
1.1,"3-25-3-1.1-7",7,0.000568862275449102,FALSE,"ELEVATED",0,163,0.446269678302533,7
2.1,"3-25-5-2.1-10",10,0.000389221556886228,FALSE,"ELEVATED",0,104,0.284736481861739,10
3.1,"3-25-5-3.1-37",37,0.000479041916167665,FALSE,"ELEVATED",0,861,2.35728952772074,37
4.1,"3-25-5-4.1-45",45,0.000359281437125748,FALSE,"ELEVATED",0,518,1.41820670773443,45
1.1,"3-25-7-1.1-45",45,0.00029940119760479,FALSE,"ELEVATED",0,895,2.45037645448323,45
2.1,"3-25-7-2.1-45",45,0.00029940119760479,FALSE,"ELEVATED",0,895,2.45037645448323,45
3.1,"3-25-7-3.1-45",45,0.00029940119760479,FALSE,"ELEVATED",0,833,2.28062970568104,45
1,"3-25-9-1-95",95,0.000236842105263158,FALSE,"ELEVATED",0,1882,5.15263518138261,95
1.1,"3-25-9-1.1-3",3,0.000508982035928144,FALSE,"ELEVATED",0,77,0.210814510609172,3
2.1,"3-25-9-2.1-61",61,0.000239520958083832,TRUE,"ELEVATED",0,1593,4.36139630390144,NA
3.1,"3-25-9-3.1-37",37,0.000329341317365269,FALSE,"ELEVATED",0,546,1.49486652977413,37
1.1,"3-25-11-1.1-17",17,0.000419161676646707,FALSE,"ELEVATED",0,113,0.309377138945927,17
2.1,"3-25-11-2.1-43",43,0.000179640718562874,FALSE,"ELEVATED",0,302,0.826830937713895,43
2.1,"3-25-13-2.1-41",41,0.000329341317365269,FALSE,"ELEVATED",0,161,0.440793976728268,41
1,"3-25-14-1-69",69,0.000473684210526316,FALSE,"ELEVATED",0,270,0.739219712525667,69
2,"3-25-14-2-70",70,0.000289473684210526,FALSE,"ELEVATED",0,302,0.826830937713895,70
3,"3-25-14-3-70",70,0.000289473684210526,FALSE,"ELEVATED",0,302,0.826830937713895,70
1.1,"3-25-15-1.1-26",26,0.000419161676646707,FALSE,"ELEVATED",0,836,2.28884325804244,26
3.1,"3-25-15-3.1-51",51,0.000718562874251497,FALSE,"ELEVATED",0,1436,3.9315537303217,51
1,"3-25-18-1-87",87,0.000394736842105263,FALSE,"ELEVATED",0,809,2.21492128678987,87
1,"3-25-21-1-70",70,0.000236842105263158,FALSE,"ELEVATED",0,2022,5.53593429158111,70
1.1,"3-25-21-1.1-61",61,0.000179640718562874,TRUE,"ELEVATED",0,1670,4.57221081451061,NA
1,"3-25-28-1-68",68,0.000236842105263158,FALSE,"ELEVATED",0,227,0.621492128678987,68
1,"3-25-31-1-97",97,0.000710526315789474,TRUE,"ELEVATED",0,1471,4.02737850787132,NA
1.1,"3-25-31-1.1-61",61,0.000479041916167665,TRUE,"ELEVATED",0,304,0.832306639288159,NA
1.1,"3-26-1-1.1-7",7,0.000329341317365269,FALSE,"ELEVATED",0,204,0.558521560574949,7
2.1,"3-26-1-2.1-11",11,0.000419161676646707,FALSE,"ELEVATED",0,339,0.928131416837782,11
3.1,"3-26-1-3.1-11",11,0.00029940119760479,FALSE,"ELEVATED",0,339,0.928131416837782,11
4.1,"3-26-1-4.1-11",11,0.000239520958083832,FALSE,"ELEVATED",0,339,0.928131416837782,11
5.1,"3-26-1-5.1-19",19,0.00029940119760479,FALSE,"ELEVATED",0,186,0.509240246406571,19
6.1,"3-26-1-6.1-60",60,0.000419161676646707,FALSE,"ELEVATED",0,92,0.251882272416153,60
1.1,"3-26-3-1.1-16",16,0.000778443113772455,FALSE,"ELEVATED",0,530,1.45106091718001,16
2.1,"3-26-3-2.1-21",21,0.000359281437125748,FALSE,"ELEVATED",0,159,0.435318275154004,21
1,"3-26-4-1-83",83,5e-04,FALSE,"ELEVATED",0,100,0.27378507871321,83
2,"3-26-4-2-101",101,0.000263157894736842,FALSE,"ELEVATED",0,467,1.27857631759069,101
1.1,"3-26-5-1.1-13",13,0.000329341317365269,FALSE,"ELEVATED",0,231,0.632443531827515,13
2.1,"3-26-5-2.1-13",13,0.000449101796407186,FALSE,"ELEVATED",0,231,0.632443531827515,13
3.1,"3-26-5-3.1-22",22,0.000359281437125748,FALSE,"ELEVATED",0,379,1.03764544832307,22
4.1,"3-26-5-4.1-24",24,0.000359281437125748,FALSE,"ELEVATED",0,434,1.18822724161533,24
1,"3-26-6-1-71",71,0.000289473684210526,FALSE,"ELEVATED",0,246,0.673511293634497,71
1,"3-26-7-1-70",70,0.000236842105263158,FALSE,"ELEVATED",0,302,0.826830937713895,70
1.1,"3-26-7-1.1-21",21,0.000389221556886228,FALSE,"ELEVATED",0,689,1.88637919233402,21
2,"3-26-7-2-70",70,0.000342105263157895,FALSE,"ELEVATED",0,156,0.427104722792608,70
2.1,"3-26-7-2.1-6",6,0.00029940119760479,FALSE,"ELEVATED",0,135,0.369609856262834,6
3,"3-26-7-3-83",83,0.000342105263157895,FALSE,"ELEVATED",0,289,0.791238877481177,83
3.1,"3-26-7-3.1-10",10,0.000568862275449102,FALSE,"ELEVATED",0,267,0.731006160164271,10
4.1,"3-26-7-4.1-6",6,0.000329341317365269,FALSE,"ELEVATED",0,135,0.369609856262834,6
5.1,"3-26-7-5.1-14",14,0.000389221556886228,FALSE,"ELEVATED",0,102,0.279260780287474,14
6.1,"3-26-7-6.1-14",14,0.000269461077844311,FALSE,"ELEVATED",0,102,0.279260780287474,14
7.1,"3-26-7-7.1-45",45,0.000479041916167665,FALSE,"ELEVATED",0,226,0.618754277891855,45
1.1,"3-26-9-1.1-10",10,0.000389221556886228,FALSE,"ELEVATED",0,308,0.843258042436687,10
2.1,"3-26-9-2.1-15",15,0.000359281437125748,FALSE,"ELEVATED",0,503,1.37713894592745,15
3.1,"3-26-9-3.1-15",15,0.000359281437125748,FALSE,"ELEVATED",0,503,1.37713894592745,15
4.1,"3-26-9-4.1-6",6,0.000359281437125748,FALSE,"ELEVATED",0,135,0.369609856262834,6
1,"3-26-10-1-84",84,0.000289473684210526,FALSE,"ELEVATED",0,121,0.331279945242984,84
1,"3-26-11-1-101",101,0.000710526315789474,FALSE,"ELEVATED",0,797,2.18206707734428,101
1.1,"3-26-11-1.1-8",8,0.000449101796407186,FALSE,"ELEVATED",0,238,0.65160848733744,8
2,"3-26-11-2-104",104,5e-04,TRUE,"ELEVATED",0,751,2.05612594113621,NA
2.1,"3-26-11-2.1-60",60,0.00152694610778443,FALSE,"ELEVATED",0,1859,5.08966461327858,60
1,"3-26-12-1-85",85,0.000342105263157895,FALSE,"ELEVATED",0,111,0.303901437371663,85
1,"3-26-13-1-104",104,0.000236842105263158,TRUE,"ELEVATED",0,608,1.66461327857632,NA
1.1,"3-26-13-1.1-11",11,0.000329341317365269,FALSE,"ELEVATED",0,65,0.177960301163587,11
2.1,"3-26-13-2.1-21",21,0.000329341317365269,FALSE,"ELEVATED",0,350,0.958247775496235,21
1.1,"3-26-15-1.1-21",21,0.000449101796407186,FALSE,"ELEVATED",0,186,0.509240246406571,21
1,"3-26-16-1-104",104,0.000342105263157895,TRUE,"ELEVATED",0,29,0.0793976728268309,NA
1,"3-26-21-1-86",86,0.000236842105263158,FALSE,"ELEVATED",0,204,0.558521560574949,86
1.1,"3-26-21-1.1-13",13,0.000329341317365269,FALSE,"ELEVATED",0,231,0.632443531827515,13
2.1,"3-26-21-2.1-26",26,0.00029940119760479,FALSE,"ELEVATED",0,256,0.700889801505818,26
3.1,"3-26-21-3.1-61",61,0.000329341317365269,TRUE,"ELEVATED",0,739,2.02327173169062,NA
1,"3-26-22-1-72",72,0.000236842105263158,FALSE,"ELEVATED",0,358,0.980150581793292,72
3,"3-26-22-3-85",85,0.000315789473684211,FALSE,"ELEVATED",0,169,0.462696783025325,85
4,"3-26-22-4-104",104,0.000315789473684211,TRUE,"ELEVATED",0,751,2.05612594113621,NA
1.1,"3-26-23-1.1-11",11,0.000269461077844311,FALSE,"ELEVATED",0,31,0.0848733744010951,11
2.1,"3-26-23-2.1-57",57,0.000329341317365269,FALSE,"ELEVATED",0,317,0.867898699520876,57
1,"3-26-24-1-83",83,0.000263157894736842,FALSE,"ELEVATED",0,406,1.11156741957563,83
1.1,"3-26-25-1.1-61",61,0.000598802395209581,TRUE,"ELEVATED",0,1865,5.10609171800137,NA
2.1,"3-26-25-2.1-57",57,0.000568862275449102,FALSE,"ELEVATED",0,1666,4.56125941136208,57
3.1,"3-26-25-3.1-61",61,0.000419161676646707,TRUE,"ELEVATED",0,1834,5.02121834360027,NA
1,"3-26-27-1-79",79,0.000263157894736842,FALSE,"ELEVATED",0,1475,4.03832991101985,79
1.1,"3-26-27-1.1-46",46,0.000419161676646707,FALSE,"ELEVATED",0,896,2.45311430527036,46
2.1,"3-26-27-2.1-61",61,0.000359281437125748,TRUE,"ELEVATED",0,877,2.40109514031485,NA
3.1,"3-26-27-3.1-61",61,0.000329341317365269,TRUE,"ELEVATED",0,485,1.32785763175907,NA
1.1,"3-27-1-1.1-8",8,0.000359281437125748,FALSE,"ELEVATED",0,238,0.65160848733744,8
2.1,"3-27-1-2.1-7",7,0.000479041916167665,FALSE,"ELEVATED",0,163,0.446269678302533,7
1.1,"3-27-3-1.1-42",42,0.000389221556886228,FALSE,"ELEVATED",0,1022,2.79808350444901,42
2.1,"3-27-3-2.1-18",18,0.000269461077844311,FALSE,"ELEVATED",0,241,0.659822039698836,18
1,"3-27-7-1-104",104,0.000289473684210526,TRUE,"ELEVATED",0,751,2.05612594113621,NA
1.1,"3-27-7-1.1-9",9,0.000449101796407186,FALSE,"ELEVATED",0,274,0.750171115674196,9
2.1,"3-27-7-2.1-8",8,0.000389221556886228,FALSE,"ELEVATED",0,238,0.65160848733744,8
3.1,"3-27-7-3.1-9",9,0.000329341317365269,FALSE,"ELEVATED",0,36,0.0985626283367557,9
1.1,"3-27-9-1.1-38",38,0.000778443113772455,FALSE,"ELEVATED",0,1151,3.15126625598905,38
1.1,"3-27-13-1.1-29",29,0.00140718562874251,FALSE,"ELEVATED",0,886,2.42573579739904,29
1.1,"3-27-15-1.1-42",42,0.00134730538922156,FALSE,"ELEVATED",0,1284,3.51540041067762,42
2.1,"3-27-15-2.1-61",61,0.000329341317365269,TRUE,"ELEVATED",0,393,1.07597535934292,NA
3.1,"3-27-15-3.1-61",61,0.000239520958083832,TRUE,"ELEVATED",0,113,0.309377138945927,NA
4.1,"3-27-15-4.1-61",61,0.000269461077844311,TRUE,"ELEVATED",0,113,0.309377138945927,NA
1.1,"3-27-17-1.1-34",34,0.000718562874251497,FALSE,"ELEVATED",0,926,2.53524982888433,34
1,"3-27-19-1-73",73,0.000289473684210526,FALSE,"ELEVATED",0,2406,6.58726899383984,73
1.1,"3-27-19-1.1-29",29,0.000419161676646707,FALSE,"ELEVATED",0,723,1.97946611909651,29
2,"3-27-19-2-73",73,0.000157894736842105,FALSE,"ELEVATED",0,387,1.05954825462012,73
2.1,"3-27-19-2.1-28",28,0.000419161676646707,FALSE,"ELEVATED",0,661,1.80971937029432,28
3,"3-27-19-3-73",73,0.000131578947368421,FALSE,"ELEVATED",0,387,1.05954825462012,73
3.1,"3-27-19-3.1-21",21,0.000419161676646707,FALSE,"ELEVATED",0,415,1.13620807665982,21
4,"3-27-19-4-73",73,0.000157894736842105,FALSE,"ELEVATED",0,387,1.05954825462012,73
1.1,"3-27-21-1.1-44",44,0.000359281437125748,FALSE,"ELEVATED",0,1160,3.17590691307324,44
1.1,"3-27-23-1.1-26",26,0.000479041916167665,FALSE,"ELEVATED",0,429,1.17453798767967,26
1.1,"3-27-25-1.1-25",25,0.00029940119760479,FALSE,"ELEVATED",0,278,0.761122518822724,25
1.1,"3-27-27-1.1-52",52,0.000269461077844311,FALSE,"ELEVATED",0,1339,3.66598220396988,52
2.1,"3-27-27-2.1-38",38,0.000329341317365269,FALSE,"ELEVATED",0,49,0.134154688569473,38
1.1,"3-27-29-1.1-25",25,0.000239520958083832,FALSE,"ELEVATED",0,367,1.00479123887748,25
1.1,"3-27-31-1.1-15",15,0.000538922155688623,FALSE,"ELEVATED",0,385,1.05407255304586,15
1.1,"3-27-33-1.1-21",21,0.00029940119760479,FALSE,"ELEVATED",0,513,1.40451745379877,21
2.1,"3-27-33-2.1-21",21,0.000209580838323353,FALSE,"ELEVATED",0,485,1.32785763175907,21
3.1,"3-27-33-3.1-21",21,0.000239520958083832,FALSE,"ELEVATED",0,485,1.32785763175907,21
4.1,"3-27-33-4.1-61",61,0.000598802395209581,TRUE,"ELEVATED",0,1766,4.83504449007529,NA
1,"3-28-1-1-73",73,0.000289473684210526,FALSE,"ELEVATED",1,437,1.19644079397673,73
1.1,"3-28-1-1.1-10",10,0.000808383233532934,FALSE,"ELEVATED",1,308,0.843258042436687,10
2,"3-28-1-2-104",104,5e-04,TRUE,"ELEVATED",1,751,2.05612594113621,NA
2.1,"3-28-1-2.1-9",9,0.000329341317365269,FALSE,"ELEVATED",1,274,0.750171115674196,9
3,"3-28-1-3-104",104,0.000263157894736842,TRUE,"ELEVATED",1,355,0.971937029431896,NA
3.1,"3-28-1-3.1-10",10,0.00029940119760479,FALSE,"ELEVATED",1,104,0.284736481861739,10
4.1,"3-28-1-4.1-22",22,0.000359281437125748,FALSE,"ELEVATED",1,138,0.37782340862423,22
5.1,"3-28-1-5.1-36",36,0.000359281437125748,FALSE,"ELEVATED",1,223,0.610540725530459,36
6.1,"3-28-1-6.1-52",52,0.000449101796407186,FALSE,"ELEVATED",1,376,1.02943189596167,52
1,"3-28-2-1-87",87,0.000289473684210526,FALSE,"ELEVATED",1,316,0.865160848733744,87
2,"3-28-2-2-104",104,0.000289473684210526,TRUE,"ELEVATED",1,751,2.05612594113621,NA
3,"3-28-2-3-104",104,0.000236842105263158,TRUE,"ELEVATED",1,29,0.0793976728268309,NA
1.1,"3-28-3-1.1-8",8,0.000269461077844311,FALSE,"ELEVATED",1,238,0.65160848733744,8
2.1,"3-28-3-2.1-8",8,0.000209580838323353,FALSE,"ELEVATED",1,238,0.65160848733744,8
3.1,"3-28-3-3.1-8",8,0.000209580838323353,FALSE,"ELEVATED",1,238,0.65160848733744,8
4.1,"3-28-3-4.1-8",8,0.000239520958083832,FALSE,"ELEVATED",1,238,0.65160848733744,8
5.1,"3-28-3-5.1-7",7,0.000419161676646707,FALSE,"ELEVATED",1,28,0.0766598220396988,7
6.1,"3-28-3-6.1-20",20,0.00029940119760479,FALSE,"ELEVATED",1,287,0.785763175906913,20
7.1,"3-28-3-7.1-18",18,0.000269461077844311,FALSE,"ELEVATED",1,213,0.583162217659138,18
8.1,"3-28-3-8.1-18",18,0.000239520958083832,FALSE,"ELEVATED",1,213,0.583162217659138,18
9.1,"3-28-3-9.1-20",20,0.00029940119760479,FALSE,"ELEVATED",1,124,0.339493497604381,20
10.1,"3-28-3-10.1-35",35,0.000329341317365269,FALSE,"ELEVATED",1,444,1.21560574948665,35
11.1,"3-28-3-11.1-45",45,0.000359281437125748,FALSE,"ELEVATED",1,182,0.498288843258042,45
1,"3-28-4-1-104",104,0.000289473684210526,TRUE,"ELEVATED",1,1327,3.6331279945243,NA
2,"3-28-4-2-69",69,0.000236842105263158,FALSE,"ELEVATED",1,270,0.739219712525667,69
3,"3-28-4-3-83",83,0.000263157894736842,FALSE,"ELEVATED",1,676,1.8507871321013,83
1,"3-28-5-1-104",104,0.000236842105263158,TRUE,"ELEVATED",1,1327,3.6331279945243,NA
1.1,"3-28-5-1.1-7",7,0.00029940119760479,FALSE,"ELEVATED",1,204,0.558521560574949,7
2.1,"3-28-5-2.1-22",22,0.000329341317365269,FALSE,"ELEVATED",1,718,1.96577686516085,22
3.1,"3-28-5-3.1-10",10,0.000239520958083832,FALSE,"ELEVATED",1,308,0.843258042436687,10
4.1,"3-28-5-4.1-19",19,0.00029940119760479,FALSE,"ELEVATED",1,260,0.711841204654346,19
5.1,"3-28-5-5.1-61",61,0.000449101796407186,TRUE,"ELEVATED",1,651,1.782340862423,NA
6.1,"3-28-5-6.1-61",61,0.000329341317365269,TRUE,"ELEVATED",1,168,0.459958932238193,NA
1,"3-28-6-1-103",103,0.000236842105263158,FALSE,"ELEVATED",1,1298,3.55373032169747,103
2,"3-28-6-2-104",104,0.000289473684210526,TRUE,"ELEVATED",1,1327,3.6331279945243,NA
3,"3-28-6-3-104",104,0.000263157894736842,FALSE,"ELEVATED",1,1327,3.6331279945243,104
1,"3-28-7-1-104",104,0.000315789473684211,TRUE,"ELEVATED",1,1840,5.03764544832307,NA
1.1,"3-28-7-1.1-8",8,0.000269461077844311,FALSE,"ELEVATED",1,238,0.65160848733744,8
2,"3-28-7-2-87",87,0.000289473684210526,FALSE,"ELEVATED",1,972,2.6611909650924,87
2.1,"3-28-7-2.1-11",11,0.00062874251497006,FALSE,"ELEVATED",1,65,0.177960301163587,11
3,"3-28-7-3-104",104,0.000342105263157895,TRUE,"ELEVATED",1,969,2.65297741273101,NA
3.1,"3-28-7-3.1-20",20,0.000269461077844311,FALSE,"ELEVATED",1,287,0.785763175906913,20
4.1,"3-28-7-4.1-18",18,0.000269461077844311,FALSE,"ELEVATED",1,173,0.473648186173854,18
5.1,"3-28-7-5.1-19",19,0.00029940119760479,FALSE,"ELEVATED",1,73,0.199863107460643,19
6.1,"3-28-7-6.1-22",22,0.000419161676646707,FALSE,"ELEVATED",1,138,0.37782340862423,22
7.1,"3-28-7-7.1-22",22,0.000838323353293413,FALSE,"ELEVATED",1,138,0.37782340862423,22
8.1,"3-28-7-8.1-32",32,0.000688622754491018,FALSE,"ELEVATED",1,84,0.229979466119097,32
9.1,"3-28-7-9.1-41",41,0.000598802395209581,FALSE,"ELEVATED",1,268,0.733744010951403,41
10.1,"3-28-7-10.1-61",61,0.000359281437125748,TRUE,"ELEVATED",1,463,1.26762491444216,NA
11.1,"3-28-7-11.1-61",61,0.000329341317365269,TRUE,"ELEVATED",1,463,1.26762491444216,NA
1,"3-28-9-1-104",104,0.000289473684210526,TRUE,"ELEVATED",1,59,0.161533196440794,NA
1.1,"3-28-9-1.1-45",45,0.000838323353293413,FALSE,"ELEVATED",1,566,1.54962354551677,45
2,"3-28-9-2-104",104,0.000236842105263158,TRUE,"ELEVATED",1,59,0.161533196440794,NA
2.1,"3-28-9-2.1-45",45,0.000449101796407186,FALSE,"ELEVATED",1,118,0.323066392881588,45
3,"3-28-9-3-104",104,0.000289473684210526,TRUE,"ELEVATED",1,59,0.161533196440794,NA
4,"3-28-9-4-104",104,0.000315789473684211,TRUE,"ELEVATED",1,59,0.161533196440794,NA
5,"3-28-9-5-104",104,0.000184210526315789,TRUE,"ELEVATED",1,59,0.161533196440794,NA
1,"3-28-10-1-104",104,0.000315789473684211,TRUE,"ELEVATED",1,355,0.971937029431896,NA
2,"3-28-10-2-104",104,0.000289473684210526,TRUE,"ELEVATED",1,355,0.971937029431896,NA
3,"3-28-10-3-104",104,0.000289473684210526,TRUE,"ELEVATED",1,232,0.635181382614648,NA
1,"3-28-11-1-104",104,0.000289473684210526,TRUE,"ELEVATED",1,1770,4.84599589322382,NA
1.1,"3-28-11-1.1-12",12,0.000359281437125748,FALSE,"ELEVATED",1,367,1.00479123887748,12
2,"3-28-11-2-88",88,0.000263157894736842,FALSE,"ELEVATED",1,997,2.7296372347707,88
2.1,"3-28-11-2.1-10",10,0.000359281437125748,FALSE,"ELEVATED",1,231,0.632443531827515,10
3.1,"3-28-11-3.1-18",18,0.00029940119760479,FALSE,"ELEVATED",1,213,0.583162217659138,18
4.1,"3-28-11-4.1-45",45,0.000389221556886228,FALSE,"ELEVATED",1,118,0.323066392881588,45
5.1,"3-28-11-5.1-61",61,0.000479041916167665,TRUE,"ELEVATED",1,393,1.07597535934292,NA
6.1,"3-28-11-6.1-61",61,0.000329341317365269,TRUE,"ELEVATED",1,113,0.309377138945927,NA
1,"3-28-12-1-80",80,0.000289473684210526,FALSE,"ELEVATED",1,576,1.57700205338809,80
2,"3-28-12-2-80",80,0.000263157894736842,FALSE,"ELEVATED",1,576,1.57700205338809,80
3,"3-28-12-3-85",85,0.000263157894736842,FALSE,"ELEVATED",1,415,1.13620807665982,85
4,"3-28-12-4-80",80,0.000263157894736842,FALSE,"ELEVATED",1,246,0.673511293634497,80
1,"3-28-13-1-104",104,0.000263157894736842,TRUE,"ELEVATED",1,1681,4.60232717316906,NA
1.1,"3-28-13-1.1-28",28,0.00029940119760479,FALSE,"ELEVATED",1,591,1.61806981519507,28
2,"3-28-13-2-104",104,0.000263157894736842,TRUE,"ELEVATED",1,1377,3.7700205338809,NA
2.1,"3-28-13-2.1-27",27,0.000329341317365269,FALSE,"ELEVATED",1,559,1.53045859000684,27
3,"3-28-13-3-104",104,0.000263157894736842,TRUE,"ELEVATED",1,1490,4.07939767282683,NA
3.1,"3-28-13-3.1-45",45,0.000269461077844311,FALSE,"ELEVATED",1,1183,3.23887748117728,45
4,"3-28-13-4-104",104,0.000236842105263158,TRUE,"ELEVATED",1,1490,4.07939767282683,NA
4.1,"3-28-13-4.1-27",27,0.000269461077844311,FALSE,"ELEVATED",1,528,1.44558521560575,27
5,"3-28-13-5-104",104,0.000263157894736842,TRUE,"ELEVATED",1,1681,4.60232717316906,NA
5.1,"3-28-13-5.1-19",19,0.00029940119760479,FALSE,"ELEVATED",1,288,0.788501026694045,19
6.1,"3-28-13-6.1-31",31,0.000269461077844311,FALSE,"ELEVATED",1,665,1.82067077344285,31
7.1,"3-28-13-7.1-27",27,0.000239520958083832,FALSE,"ELEVATED",1,528,1.44558521560575,27
8.1,"3-28-13-8.1-17",17,0.000269461077844311,FALSE,"ELEVATED",1,147,0.402464065708419,17
9.1,"3-28-13-9.1-61",61,0.000508982035928144,TRUE,"ELEVATED",1,304,0.832306639288159,NA
10.1,"3-28-13-10.1-61",61,0.000329341317365269,TRUE,"ELEVATED",1,304,0.832306639288159,NA
11.1,"3-28-13-11.1-61",61,0.000359281437125748,TRUE,"ELEVATED",1,304,0.832306639288159,NA
12.1,"3-28-13-12.1-61",61,0.00029940119760479,TRUE,"ELEVATED",1,113,0.309377138945927,NA
1,"3-28-14-1-104",104,0.000263157894736842,TRUE,"ELEVATED",1,1327,3.6331279945243,NA
2,"3-28-14-2-104",104,0.000236842105263158,TRUE,"ELEVATED",1,1327,3.6331279945243,NA
3,"3-28-14-3-104",104,0.000236842105263158,TRUE,"ELEVATED",1,1327,3.6331279945243,NA
4,"3-28-14-4-104",104,0.000289473684210526,TRUE,"ELEVATED",1,493,1.34976043805613,NA
1,"3-28-15-1-104",104,0.000289473684210526,TRUE,"ELEVATED",1,1377,3.7700205338809,NA
1.1,"3-28-15-1.1-7",7,0.000389221556886228,FALSE,"ELEVATED",1,163,0.446269678302533,7
2,"3-28-15-2-104",104,0.000236842105263158,TRUE,"ELEVATED",1,751,2.05612594113621,NA
2.1,"3-28-15-2.1-12",12,0.000239520958083832,FALSE,"ELEVATED",1,59,0.161533196440794,12
3,"3-28-15-3-96",96,0.000289473684210526,FALSE,"ELEVATED",1,376,1.02943189596167,96
3.1,"3-28-15-3.1-45",45,0.000329341317365269,FALSE,"ELEVATED",1,1214,3.32375085557837,45
4,"3-28-15-4-104",104,0.000368421052631579,TRUE,"ELEVATED",1,59,0.161533196440794,NA
4.1,"3-28-15-4.1-45",45,0.000269461077844311,FALSE,"ELEVATED",1,1183,3.23887748117728,45
5.1,"3-28-15-5.1-20",20,0.000389221556886228,FALSE,"ELEVATED",1,124,0.339493497604381,20
6.1,"3-28-15-6.1-20",20,0.000359281437125748,FALSE,"ELEVATED",1,124,0.339493497604381,20
1,"3-28-16-1-74",74,0.000210526315789474,FALSE,"ELEVATED",1,421,1.15263518138261,74
2,"3-28-16-2-104",104,0.000263157894736842,TRUE,"ELEVATED",1,906,2.48049281314168,NA
3,"3-28-16-3-104",104,0.000342105263157895,TRUE,"ELEVATED",1,59,0.161533196440794,NA
1,"3-28-17-1-70",70,0.000263157894736842,FALSE,"ELEVATED",1,352,0.9637234770705,70
1.1,"3-28-17-1.1-12",12,0.000269461077844311,FALSE,"ELEVATED",1,93,0.254620123203285,12
2,"3-28-17-2-104",104,5e-04,TRUE,"ELEVATED",1,29,0.0793976728268309,NA
2.1,"3-28-17-2.1-12",12,0.000269461077844311,FALSE,"ELEVATED",1,93,0.254620123203285,12
3.1,"3-28-17-3.1-45",45,0.000419161676646707,FALSE,"ELEVATED",1,942,2.57905544147844,45
4.1,"3-28-17-4.1-45",45,0.000209580838323353,FALSE,"ELEVATED",1,749,2.05065023956194,45
5.1,"3-28-17-5.1-59",59,0.000359281437125748,FALSE,"ELEVATED",1,350,0.958247775496235,59
6.1,"3-28-17-6.1-52",52,0.000239520958083832,FALSE,"ELEVATED",1,70,0.191649555099247,52
7.1,"3-28-17-7.1-59",59,0.000269461077844311,FALSE,"ELEVATED",1,191,0.522929500342231,59
8.1,"3-28-17-8.1-59",59,0.00029940119760479,FALSE,"ELEVATED",1,191,0.522929500342231,59
9.1,"3-28-17-9.1-61",61,0.000269461077844311,TRUE,"ELEVATED",1,76,0.20807665982204,NA
1,"3-28-18-1-104",104,0.00102631578947368,TRUE,"ELEVATED",1,997,2.7296372347707,NA
2,"3-28-18-2-104",104,0.000289473684210526,TRUE,"ELEVATED",1,997,2.7296372347707,NA
2.1,"3-28-19-2.1-12",12,0.000269461077844311,FALSE,"ELEVATED",1,129,0.353182751540041,12
3.1,"3-28-19-3.1-59",59,0.000389221556886228,FALSE,"ELEVATED",1,1480,4.05201916495551,59
1.1,"3-28-21-1.1-61",61,0.000808383233532934,TRUE,"ELEVATED",1,2173,5.94934976043806,NA
2.1,"3-28-21-2.1-57",57,0.000359281437125748,FALSE,"ELEVATED",1,601,1.64544832306639,57
3.1,"3-28-21-3.1-48",48,0.000389221556886228,FALSE,"ELEVATED",1,33,0.0903490759753593,48
4.1,"3-28-21-4.1-61",61,0.000329341317365269,TRUE,"ELEVATED",1,463,1.26762491444216,NA
1,"3-28-27-1-104",104,0.000289473684210526,TRUE,"ELEVATED",1,166,0.454483230663929,NA
2,"3-28-27-2-104",104,0.000315789473684211,TRUE,"ELEVATED",1,166,0.454483230663929,NA
1,"3-28-29-1-104",104,0.000289473684210526,TRUE,"ELEVATED",1,779,2.13278576317591,NA
1,"3-28-30-1-104",104,0.000368421052631579,TRUE,"ELEVATED",1,846,2.31622176591376,NA
2,"3-28-30-2-104",104,0.000289473684210526,TRUE,"ELEVATED",1,779,2.13278576317591,NA
1,"3-28-33-1-104",104,0.000421052631578947,TRUE,"ELEVATED",1,394,1.07871321013005,NA
2,"3-28-33-2-104",104,0.000210526315789474,TRUE,"ELEVATED",1,355,0.971937029431896,NA
3,"3-28-33-3-104",104,0.000236842105263158,TRUE,"ELEVATED",1,355,0.971937029431896,NA
1,"3-29-1-1-86",86,0.000236842105263158,FALSE,"ELEVATED",1,1293,3.54004106776181,86
1.1,"3-29-1-1.1-61",61,0.000329341317365269,TRUE,"ELEVATED",1,463,1.26762491444216,NA
1,"3-29-2-1-80",80,0.000236842105263158,FALSE,"ELEVATED",1,576,1.57700205338809,80
2,"3-29-2-2-81",81,0.000263157894736842,FALSE,"ELEVATED",1,22,0.0602327173169062,81
1.1,"3-29-3-1.1-9",9,0.000359281437125748,FALSE,"ELEVATED",1,274,0.750171115674196,9
2.1,"3-29-3-2.1-9",9,0.000359281437125748,FALSE,"ELEVATED",1,156,0.427104722792608,9
3.1,"3-29-3-3.1-19",19,0.000359281437125748,FALSE,"ELEVATED",1,509,1.39356605065024,19
4.1,"3-29-3-4.1-21",21,0.000329341317365269,FALSE,"ELEVATED",1,135,0.369609856262834,21
5.1,"3-29-3-5.1-60",60,0.00029940119760479,FALSE,"ELEVATED",1,693,1.89733059548255,60
1,"3-29-4-1-88",88,0.000236842105263158,FALSE,"ELEVATED",1,834,2.28336755646817,88
2,"3-29-4-2-104",104,0.000289473684210526,TRUE,"ELEVATED",1,29,0.0793976728268309,NA
1,"3-29-5-1-90",90,0.000684210526315789,FALSE,"ELEVATED",1,1935,5.29774127310062,90
1.1,"3-29-5-1.1-18",18,0.000329341317365269,FALSE,"ELEVATED",1,342,0.936344969199179,18
2,"3-29-5-2-104",104,0.000394736842105263,TRUE,"ELEVATED",1,2210,6.05065023956194,NA
2.1,"3-29-5-2.1-13",13,0.000329341317365269,FALSE,"ELEVATED",1,169,0.462696783025325,13
3,"3-29-5-3-86",86,0.000289473684210526,FALSE,"ELEVATED",1,265,0.725530458590007,86
3.1,"3-29-5-3.1-9",9,0.000329341317365269,FALSE,"ELEVATED",1,36,0.0985626283367557,9
4,"3-29-5-4-104",104,0.000210526315789474,TRUE,"ELEVATED",1,144,0.394250513347023,NA
4.1,"3-29-5-4.1-61",61,0.000748502994011976,TRUE,"ELEVATED",1,994,2.72142368240931,NA
5.1,"3-29-5-5.1-61",61,0.000538922155688623,TRUE,"ELEVATED",1,833,2.28062970568104,NA
6.1,"3-29-5-6.1-61",61,0.000329341317365269,TRUE,"ELEVATED",1,769,2.10540725530459,NA
1,"3-29-6-1-104",104,0.000342105263157895,TRUE,"ELEVATED",1,1327,3.6331279945243,NA
2,"3-29-6-2-73",73,0.000263157894736842,FALSE,"ELEVATED",1,360,0.985626283367556,73
3,"3-29-6-3-86",86,0.000210526315789474,FALSE,"ELEVATED",1,359,0.982888432580424,86
4,"3-29-6-4-104",104,0.000315789473684211,TRUE,"ELEVATED",1,59,0.161533196440794,NA
1.1,"3-29-7-1.1-19",19,0.00062874251497006,FALSE,"ELEVATED",1,97,0.265571526351814,19
1,"3-29-8-1-80",80,0.000210526315789474,FALSE,"ELEVATED",1,576,1.57700205338809,80
1,"3-29-9-1-104",104,0.000421052631578947,TRUE,"ELEVATED",1,2028,5.5523613963039,NA
1.1,"3-29-9-1.1-11",11,0.000269461077844311,FALSE,"ELEVATED",1,339,0.928131416837782,11
2,"3-29-9-2-86",86,0.000289473684210526,FALSE,"ELEVATED",1,1481,4.05475701574264,86
2.1,"3-29-9-2.1-11",11,0.000359281437125748,FALSE,"ELEVATED",1,262,0.717316906228611,11
3,"3-29-9-3-104",104,5e-04,TRUE,"ELEVATED",1,394,1.07871321013005,NA
3.1,"3-29-9-3.1-61",61,0.000598802395209581,TRUE,"ELEVATED",1,651,1.782340862423,NA
4,"3-29-9-4-98",98,0.000210526315789474,FALSE,"ELEVATED",1,228,0.624229979466119,98
4.1,"3-29-9-4.1-61",61,0.000419161676646707,TRUE,"ELEVATED",1,651,1.782340862423,NA
1,"3-29-10-1-72",72,0.000263157894736842,FALSE,"ELEVATED",1,358,0.980150581793292,72
1.1,"3-29-11-1.1-61",61,0.000329341317365269,TRUE,"ELEVATED",1,168,0.459958932238193,NA
1,"3-29-12-1-99",99,0.000210526315789474,FALSE,"ELEVATED",1,585,1.60164271047228,99
2,"3-29-12-2-104",104,0.000263157894736842,TRUE,"ELEVATED",1,729,1.9958932238193,NA
1,"3-29-13-1-104",104,0.000184210526315789,TRUE,"ELEVATED",1,877,2.40109514031485,NA
1.1,"3-29-13-1.1-6",6,0.000479041916167665,FALSE,"ELEVATED",1,135,0.369609856262834,6
2,"3-29-13-2-83",83,0.000263157894736842,FALSE,"ELEVATED",1,128,0.350444900752909,83
2.1,"3-29-13-2.1-9",9,0.000329341317365269,FALSE,"ELEVATED",1,197,0.539356605065024,9
3,"3-29-13-3-83",83,0.000289473684210526,FALSE,"ELEVATED",1,128,0.350444900752909,83
3.1,"3-29-13-3.1-22",22,0.000449101796407186,FALSE,"ELEVATED",1,514,1.4072553045859,22
4,"3-29-13-4-104",104,0.000184210526315789,TRUE,"ELEVATED",1,166,0.454483230663929,NA
4.1,"3-29-13-4.1-15",15,0.000329341317365269,FALSE,"ELEVATED",1,229,0.626967830253251,15
1,"3-29-15-1-104",104,0.000526315789473684,TRUE,"ELEVATED",1,1300,3.55920602327173,NA
1.1,"3-29-15-1.1-17",17,0.000479041916167665,FALSE,"ELEVATED",1,436,1.1937029431896,17
2.1,"3-29-15-2.1-17",17,0.00029940119760479,FALSE,"ELEVATED",1,215,0.588637919233402,17
3.1,"3-29-15-3.1-49",49,0.000479041916167665,FALSE,"ELEVATED",1,1144,3.13210130047912,49
1,"3-29-16-1-85",85,0.000210526315789474,FALSE,"ELEVATED",1,169,0.462696783025325,85
1,"3-29-19-1-86",86,0.000263157894736842,FALSE,"ELEVATED",1,359,0.982888432580424,86
1.1,"3-29-19-1.1-23",23,0.000329341317365269,FALSE,"ELEVATED",1,668,1.82888432580424,23
2.1,"3-29-19-2.1-17",17,0.000598802395209581,FALSE,"ELEVATED",1,409,1.11978097193703,17
3.1,"3-29-19-3.1-18",18,0.000329341317365269,FALSE,"ELEVATED",1,342,0.936344969199179,18
4.1,"3-29-19-4.1-18",18,0.000329341317365269,FALSE,"ELEVATED",1,241,0.659822039698836,18
5.1,"3-29-19-5.1-18",18,0.000269461077844311,FALSE,"ELEVATED",1,241,0.659822039698836,18
6.1,"3-29-19-6.1-18",18,0.00029940119760479,FALSE,"ELEVATED",1,213,0.583162217659138,18
7.1,"3-29-19-7.1-49",49,0.000329341317365269,FALSE,"ELEVATED",1,286,0.783025325119781,49
1,"3-29-20-1-104",104,0.000289473684210526,TRUE,"ELEVATED",1,1327,3.6331279945243,NA
2,"3-29-20-2-70",70,0.000289473684210526,FALSE,"ELEVATED",1,302,0.826830937713895,70
1,"3-29-21-1-78",78,0.000289473684210526,FALSE,"ELEVATED",1,937,2.56536618754278,78
1.1,"3-29-21-1.1-19",19,0.000538922155688623,FALSE,"ELEVATED",1,451,1.23477070499658,19
2.1,"3-29-21-2.1-22",22,0.000449101796407186,FALSE,"ELEVATED",1,480,1.31416837782341,22
3.1,"3-29-21-3.1-19",19,0.000389221556886228,FALSE,"ELEVATED",1,389,1.06502395619439,19
4.1,"3-29-21-4.1-19",19,0.000329341317365269,FALSE,"ELEVATED",1,389,1.06502395619439,19
5.1,"3-29-21-5.1-61",61,0.000419161676646707,TRUE,"ELEVATED",1,372,1.01848049281314,NA
1.1,"3-29-23-1.1-61",61,0.000419161676646707,TRUE,"ELEVATED",1,1969,5.39082819986311,NA
2.1,"3-29-23-2.1-19",19,0.000269461077844311,FALSE,"ELEVATED",1,389,1.06502395619439,19
3.1,"3-29-23-3.1-19",19,0.000239520958083832,FALSE,"ELEVATED",1,319,0.87337440109514,19
4.1,"3-29-23-4.1-19",19,0.000269461077844311,FALSE,"ELEVATED",1,319,0.87337440109514,19
1.1,"3-29-25-1.1-22",22,0.000419161676646707,FALSE,"ELEVATED",1,480,1.31416837782341,22
2.1,"3-29-25-2.1-19",19,0.000419161676646707,FALSE,"ELEVATED",1,186,0.509240246406571,19
3.1,"3-29-25-3.1-61",61,0.000329341317365269,TRUE,"ELEVATED",1,304,0.832306639288159,NA
1.1,"3-29-27-1.1-22",22,0.000329341317365269,FALSE,"ELEVATED",1,277,0.758384668035592,22
2.1,"3-29-27-2.1-20",20,0.000239520958083832,FALSE,"ELEVATED",1,213,0.583162217659138,20
3.1,"3-29-27-3.1-17",17,0.000239520958083832,FALSE,"ELEVATED",1,113,0.309377138945927,17
1.1,"3-29-33-1.1-61",61,0.000269461077844311,TRUE,"ELEVATED",1,372,1.01848049281314,NA
1,"3-30-1-1-104",104,0.000289473684210526,TRUE,"ELEVATED",1,29,0.0793976728268309,NA
1.1,"3-30-1-1.1-11",11,0.000658682634730539,FALSE,"ELEVATED",1,339,0.928131416837782,11
2.1,"3-30-1-2.1-8",8,0.000389221556886228,FALSE,"ELEVATED",1,62,0.16974674880219,8
3.1,"3-30-1-3.1-52",52,0.000568862275449102,FALSE,"ELEVATED",1,346,0.947296372347707,52
4.1,"3-30-1-4.1-52",52,0.000508982035928144,FALSE,"ELEVATED",1,258,0.706365503080082,52
5.1,"3-30-1-5.1-61",61,0.000329341317365269,TRUE,"ELEVATED",1,76,0.20807665982204,NA
6.1,"3-30-1-6.1-61",61,0.000269461077844311,TRUE,"ELEVATED",1,76,0.20807665982204,NA
1.1,"3-30-3-1.1-14",14,0.000838323353293413,FALSE,"ELEVATED",1,203,0.555783709787817,14
2.1,"3-30-3-2.1-14",14,0.000329341317365269,FALSE,"ELEVATED",1,102,0.279260780287474,14
3.1,"3-30-3-3.1-22",22,0.000359281437125748,FALSE,"ELEVATED",1,138,0.37782340862423,22
4.1,"3-30-3-4.1-57",57,0.00029940119760479,FALSE,"ELEVATED",1,317,0.867898699520876,57
1,"3-30-4-1-82",82,0.000315789473684211,FALSE,"ELEVATED",1,364,0.996577686516085,82
2,"3-30-4-2-82",82,0.000473684210526316,FALSE,"ELEVATED",1,119,0.32580424366872,82
1,"3-30-5-1-83",83,0.000236842105263158,FALSE,"ELEVATED",1,676,1.8507871321013,83
1.1,"3-30-5-1.1-18",18,0.000389221556886228,FALSE,"ELEVATED",1,580,1.58795345653662,18
2.1,"3-30-5-2.1-60",60,0.000329341317365269,FALSE,"ELEVATED",1,693,1.89733059548255,60
1,"3-30-6-1-104",104,0.000289473684210526,FALSE,"ELEVATED",1,608,1.66461327857632,104
2,"3-30-6-2-104",104,0.000315789473684211,TRUE,"ELEVATED",1,436,1.1937029431896,NA
3,"3-30-6-3-104",104,0.000289473684210526,TRUE,"ELEVATED",1,436,1.1937029431896,NA
1,"3-30-7-1-85",85,0.000315789473684211,FALSE,"ELEVATED",1,1564,4.28199863107461,85
1.1,"3-30-7-1.1-19",19,0.000359281437125748,FALSE,"ELEVATED",1,627,1.71663244353183,19
2,"3-30-7-2-104",104,0.000263157894736842,TRUE,"ELEVATED",1,729,1.9958932238193,NA
2.1,"3-30-7-2.1-61",61,0.000359281437125748,TRUE,"ELEVATED",1,769,2.10540725530459,NA
1,"3-30-8-1-84",84,0.000289473684210526,FALSE,"ELEVATED",1,143,0.39151266255989,84
2,"3-30-8-2-104",104,0.000315789473684211,TRUE,"ELEVATED",1,394,1.07871321013005,NA
3,"3-30-8-3-104",104,0.000289473684210526,TRUE,"ELEVATED",1,394,1.07871321013005,NA
1.1,"3-30-9-1.1-12",12,0.000479041916167665,FALSE,"ELEVATED",1,367,1.00479123887748,12
2.1,"3-30-9-2.1-10",10,0.000449101796407186,FALSE,"ELEVATED",1,308,0.843258042436687,10
3.1,"3-30-9-3.1-12",12,0.000449101796407186,FALSE,"ELEVATED",1,367,1.00479123887748,12
4.1,"3-30-9-4.1-19",19,0.000538922155688623,FALSE,"ELEVATED",1,186,0.509240246406571,19
5.1,"3-30-9-5.1-55",55,0.000508982035928144,FALSE,"ELEVATED",1,1180,3.23066392881588,55
6.1,"3-30-9-6.1-59",59,0.000329341317365269,FALSE,"ELEVATED",1,280,0.766598220396988,59
7.1,"3-30-9-7.1-61",61,0.00029940119760479,TRUE,"ELEVATED",1,113,0.309377138945927,NA
1.1,"3-30-11-1.1-21",21,0.000389221556886228,FALSE,"ELEVATED",1,689,1.88637919233402,21
2.1,"3-30-11-2.1-40",40,0.000419161676646707,FALSE,"ELEVATED",1,523,1.43189596167009,40
3.1,"3-30-11-3.1-57",57,0.000329341317365269,FALSE,"ELEVATED",1,317,0.867898699520876,57
1.1,"3-30-13-1.1-16",16,0.000329341317365269,FALSE,"ELEVATED",1,530,1.45106091718001,16
2.1,"3-30-13-2.1-21",21,0.000329341317365269,FALSE,"ELEVATED",1,109,0.298425735797399,21
3.1,"3-30-13-3.1-45",45,0.000359281437125748,FALSE,"ELEVATED",1,118,0.323066392881588,45
1,"3-30-15-1-101",101,0.000289473684210526,FALSE,"ELEVATED",1,699,1.91375770020534,101
1.1,"3-30-15-1.1-19",19,0.000329341317365269,FALSE,"ELEVATED",1,550,1.50581793292266,19
2.1,"3-30-15-2.1-44",44,0.000329341317365269,FALSE,"ELEVATED",1,362,0.991101984941821,44
3.1,"3-30-15-3.1-61",61,0.000359281437125748,TRUE,"ELEVATED",1,76,0.20807665982204,NA
4.1,"3-30-15-4.1-61",61,0.00029940119760479,TRUE,"ELEVATED",1,76,0.20807665982204,NA
1,"3-30-16-1-104",104,0.000789473684210526,TRUE,"ELEVATED",1,1243,3.4031485284052,NA
2,"3-30-16-2-104",104,0.000289473684210526,TRUE,"ELEVATED",1,1100,3.01163586584531,NA
3,"3-30-16-3-101",101,0.000289473684210526,FALSE,"ELEVATED",1,699,1.91375770020534,101
1,"3-30-17-1-104",104,0.000289473684210526,TRUE,"ELEVATED",1,1327,3.6331279945243,NA
1.1,"3-30-17-1.1-19",19,0.000329341317365269,FALSE,"ELEVATED",1,586,1.60438056125941,19
2,"3-30-17-2-104",104,0.000289473684210526,FALSE,"ELEVATED",1,1327,3.6331279945243,104
3,"3-30-17-3-104",104,0.000710526315789474,TRUE,"ELEVATED",1,1243,3.4031485284052,NA
4,"3-30-17-4-104",104,0.000789473684210526,TRUE,"ELEVATED",1,1243,3.4031485284052,NA
5,"3-30-17-5-104",104,0.000289473684210526,TRUE,"ELEVATED",1,1100,3.01163586584531,NA
1,"3-30-18-1-78",78,0.000526315789473684,FALSE,"ELEVATED",1,515,1.40999315537303,78
2,"3-30-18-2-74",74,0.000289473684210526,FALSE,"ELEVATED",1,421,1.15263518138261,74
3,"3-30-18-3-72",72,0.000289473684210526,FALSE,"ELEVATED",1,358,0.980150581793292,72
4,"3-30-18-4-74",74,0.000289473684210526,FALSE,"ELEVATED",1,421,1.15263518138261,74
5,"3-30-18-5-72",72,0.000289473684210526,FALSE,"ELEVATED",1,358,0.980150581793292,72
6,"3-30-18-6-104",104,0.000394736842105263,TRUE,"ELEVATED",1,1327,3.6331279945243,NA
7,"3-30-18-7-83",83,0.000342105263157895,FALSE,"ELEVATED",1,318,0.870636550308008,83
8,"3-30-18-8-104",104,0.000236842105263158,TRUE,"ELEVATED",1,751,2.05612594113621,NA
1,"3-30-19-1-104",104,0.000315789473684211,TRUE,"ELEVATED",1,1327,3.6331279945243,NA
1.1,"3-30-19-1.1-61",61,0.000269461077844311,TRUE,"ELEVATED",1,1169,3.20054757015743,NA
2,"3-30-19-2-104",104,0.000289473684210526,TRUE,"ELEVATED",1,1327,3.6331279945243,NA
3,"3-30-19-3-104",104,0.000473684210526316,TRUE,"ELEVATED",1,1327,3.6331279945243,NA
4,"3-30-19-4-104",104,0.000421052631578947,TRUE,"ELEVATED",1,1327,3.6331279945243,NA
5,"3-30-19-5-104",104,0.000842105263157895,TRUE,"ELEVATED",1,1327,3.6331279945243,NA
6,"3-30-19-6-104",104,0.000263157894736842,TRUE,"ELEVATED",1,1327,3.6331279945243,NA
7,"3-30-19-7-104",104,0.000368421052631579,TRUE,"ELEVATED",1,1327,3.6331279945243,NA
8,"3-30-19-8-104",104,0.000263157894736842,TRUE,"ELEVATED",1,1154,3.15947980835044,NA
9,"3-30-19-9-104",104,0.000289473684210526,TRUE,"ELEVATED",1,969,2.65297741273101,NA
1,"3-30-20-1-104",104,0.00105263157894737,TRUE,"ELEVATED",1,1327,3.6331279945243,NA
2,"3-30-20-2-104",104,0.00115789473684211,TRUE,"ELEVATED",1,1327,3.6331279945243,NA
1,"3-30-23-1-104",104,0.000236842105263158,TRUE,"ELEVATED",1,751,2.05612594113621,NA
1,"3-30-24-1-104",104,0.000315789473684211,TRUE,"ELEVATED",1,608,1.66461327857632,NA
1,"3-30-25-1-84",84,0.000263157894736842,FALSE,"ELEVATED",1,143,0.39151266255989,84
1.1,"3-30-25-1.1-6",6,0.000449101796407186,FALSE,"ELEVATED",1,176,0.48186173853525,6
1,"3-30-26-1-104",104,0.000263157894736842,TRUE,"ELEVATED",1,751,2.05612594113621,NA
1.1,"3-30-27-1.1-28",28,0.00029940119760479,FALSE,"ELEVATED",1,899,2.46132785763176,28
2.1,"3-30-27-2.1-51",51,0.00029940119760479,FALSE,"ELEVATED",1,124,0.339493497604381,51
1,"3-30-30-1-69",69,0.000236842105263158,FALSE,"ELEVATED",1,243,0.665297741273101,69
1.1,"3-30-31-1.1-5",5,0.000568862275449102,FALSE,"ELEVATED",1,145,0.396988364134155,5
1,"3-31-1-1-97",97,0.000368421052631579,FALSE,"ELEVATED",1,1117,3.05817932922656,97
1.1,"3-31-1-1.1-11",11,0.000359281437125748,FALSE,"ELEVATED",1,339,0.928131416837782,11
2,"3-31-1-2-99",99,0.000315789473684211,FALSE,"ELEVATED",1,1183,3.23887748117728,99
2.1,"3-31-1-2.1-53",53,0.000269461077844311,FALSE,"ELEVATED",1,91,0.249144421629021,53
3,"3-31-1-3-94",94,0.000342105263157895,FALSE,"ELEVATED",1,1030,2.81998631074606,94
4,"3-31-1-4-85",85,0.000447368421052632,FALSE,"ELEVATED",1,169,0.462696783025325,85
1,"3-31-2-1-104",104,0.000342105263157895,TRUE,"ELEVATED",1,1327,3.6331279945243,NA
2,"3-31-2-2-104",104,0.000289473684210526,TRUE,"ELEVATED",1,1327,3.6331279945243,NA
3,"3-31-2-3-85",85,0.000447368421052632,FALSE,"ELEVATED",1,169,0.462696783025325,85
4,"3-31-2-4-93",93,0.000289473684210526,FALSE,"ELEVATED",1,279,0.763860369609856,93
1,"3-31-3-1-78",78,0.000289473684210526,FALSE,"ELEVATED",1,515,1.40999315537303,78
1.1,"3-31-3-1.1-3",3,0.000479041916167665,FALSE,"ELEVATED",1,77,0.210814510609172,3
2,"3-31-3-2-104",104,0.000289473684210526,TRUE,"ELEVATED",1,59,0.161533196440794,NA
2.1,"3-31-3-2.1-25",25,0.00029940119760479,FALSE,"ELEVATED",1,690,1.88911704312115,25
1,"3-31-4-1-101",101,0.000289473684210526,FALSE,"ELEVATED",1,467,1.27857631759069,101
1,"3-31-5-1-96",96,0.000315789473684211,FALSE,"ELEVATED",1,376,1.02943189596167,96
1.1,"3-31-5-1.1-42",42,0.000508982035928144,FALSE,"ELEVATED",1,1361,3.72621492128679,42
2,"3-31-5-2-104",104,0.000289473684210526,TRUE,"ELEVATED",1,166,0.454483230663929,NA
3,"3-31-5-3-104",104,0.000342105263157895,TRUE,"ELEVATED",1,116,0.317590691307324,NA
1,"3-31-6-1-104",104,0.000236842105263158,TRUE,"ELEVATED",1,394,1.07871321013005,NA
2,"3-31-6-2-104",104,0.000342105263157895,TRUE,"ELEVATED",1,329,0.900752908966461,NA
3,"3-31-6-3-104",104,0.000368421052631579,TRUE,"ELEVATED",1,329,0.900752908966461,NA
4,"3-31-6-4-104",104,0.000263157894736842,TRUE,"ELEVATED",1,329,0.900752908966461,NA
5,"3-31-6-5-104",104,0.000315789473684211,TRUE,"ELEVATED",1,297,0.813141683778234,NA
1.1,"3-31-7-1.1-18",18,0.000359281437125748,FALSE,"ELEVATED",1,342,0.936344969199179,18
2.1,"3-31-7-2.1-58",58,0.000419161676646707,FALSE,"ELEVATED",1,344,0.941820670773443,58
1,"3-31-11-1-74",74,0.000421052631578947,FALSE,"ELEVATED",1,421,1.15263518138261,74
1.1,"3-31-11-1.1-30",30,0.000329341317365269,FALSE,"ELEVATED",1,617,1.68925393566051,30
2,"3-31-11-2-73",73,0.000210526315789474,FALSE,"ELEVATED",1,387,1.05954825462012,73
3,"3-31-11-3-73",73,0.000236842105263158,FALSE,"ELEVATED",1,160,0.438056125941136,73
4,"3-31-11-4-73",73,0.000289473684210526,FALSE,"ELEVATED",1,160,0.438056125941136,73
1,"3-31-12-1-104",104,0.000236842105263158,TRUE,"ELEVATED",1,1327,3.6331279945243,NA
2,"3-31-12-2-104",104,0.000210526315789474,TRUE,"ELEVATED",1,1327,3.6331279945243,NA
3,"3-31-12-3-71",71,0.000315789473684211,FALSE,"ELEVATED",1,103,0.281998631074606,71
1,"3-31-13-1-74",74,0.000289473684210526,FALSE,"ELEVATED",1,194,0.531143052703628,74
1.1,"3-31-13-1.1-58",58,0.000359281437125748,FALSE,"ELEVATED",1,322,0.881587953456537,58
1,"3-31-17-1-104",104,0.000263157894736842,TRUE,"ELEVATED",1,329,0.900752908966461,NA
2,"3-31-17-2-104",104,0.000263157894736842,TRUE,"ELEVATED",1,329,0.900752908966461,NA
1.1,"3-31-21-1.1-19",19,0.000359281437125748,FALSE,"ELEVATED",1,423,1.15811088295688,19
1,"3-31-24-1-104",104,0.000289473684210526,TRUE,"ELEVATED",1,436,1.1937029431896,NA
2,"3-31-24-2-104",104,0.000210526315789474,TRUE,"ELEVATED",1,394,1.07871321013005,NA
3,"3-31-24-3-104",104,0.000263157894736842,TRUE,"ELEVATED",1,394,1.07871321013005,NA
4,"3-31-24-4-104",104,0.000289473684210526,TRUE,"ELEVATED",1,394,1.07871321013005,NA
1,"3-31-25-1-104",104,0.000578947368421053,TRUE,"ELEVATED",1,436,1.1937029431896,NA
2,"3-31-25-2-104",104,0.000289473684210526,TRUE,"ELEVATED",1,394,1.07871321013005,NA
1,"3-31-26-1-104",104,0.000763157894736842,TRUE,"ELEVATED",1,436,1.1937029431896,NA
2,"3-31-26-2-104",104,0.000289473684210526,TRUE,"ELEVATED",1,116,0.317590691307324,NA
1,"3-31-27-1-75",75,0.000210526315789474,FALSE,"ELEVATED",1,180,0.492813141683778,75
1.1,"3-31-27-1.1-61",61,0.00029940119760479,TRUE,"ELEVATED",1,393,1.07597535934292,NA
1,"3-31-28-1-75",75,0.000289473684210526,FALSE,"ELEVATED",1,223,0.610540725530459,75
1.1,"3-31-29-1.1-61",61,0.00029940119760479,TRUE,"ELEVATED",1,113,0.309377138945927,NA
1.1,"3-31-31-1.1-41",41,0.000269461077844311,FALSE,"ELEVATED",1,84,0.229979466119097,41
2.1,"3-31-31-2.1-61",61,0.000389221556886228,TRUE,"ELEVATED",1,463,1.26762491444216,NA
1,"3-31-32-1-104",104,0.000289473684210526,TRUE,"ELEVATED",1,1327,3.6331279945243,NA
2,"3-31-32-2-104",104,5e-04,TRUE,"ELEVATED",1,1025,2.8062970568104,NA
3,"3-31-32-3-101",101,0.000842105263157895,FALSE,"ELEVATED",1,945,2.58726899383984,101
1,"3-31-33-1-104",104,0.000289473684210526,TRUE,"ELEVATED",1,693,1.89733059548255,NA
1.1,"3-31-33-1.1-61",61,0.000898203592814371,TRUE,"ELEVATED",1,877,2.40109514031485,NA
2,"3-31-33-2-104",104,0.000236842105263158,TRUE,"ELEVATED",1,693,1.89733059548255,NA
1.1,"3-32-1-1.1-23",23,0.00029940119760479,FALSE,"ELEVATED",1,91,0.249144421629021,23
2.1,"3-32-1-2.1-26",26,0.000688622754491018,FALSE,"ELEVATED",1,118,0.323066392881588,26
3.1,"3-32-1-3.1-49",49,0.00029940119760479,FALSE,"ELEVATED",1,125,0.342231348391513,49
4.1,"3-32-1-4.1-50",50,0.000269461077844311,FALSE,"ELEVATED",1,102,0.279260780287474,50
1,"3-32-3-1-84",84,0.000263157894736842,FALSE,"ELEVATED",1,361,0.988364134154689,84
1.1,"3-32-3-1.1-9",9,0.000329341317365269,FALSE,"ELEVATED",1,274,0.750171115674196,9
2.1,"3-32-3-2.1-9",9,0.000329341317365269,FALSE,"ELEVATED",1,274,0.750171115674196,9
3.1,"3-32-3-3.1-4",4,0.000419161676646707,FALSE,"ELEVATED",1,118,0.323066392881588,4
4.1,"3-32-3-4.1-46",46,0.000269461077844311,FALSE,"ELEVATED",1,146,0.399726214921287,46
5.1,"3-32-3-5.1-55",55,0.000329341317365269,FALSE,"ELEVATED",1,283,0.774811772758385,55
1,"3-32-5-1-83",83,0.000289473684210526,FALSE,"ELEVATED",1,676,1.8507871321013,83
1.1,"3-32-5-1.1-43",43,0.000419161676646707,FALSE,"ELEVATED",1,364,0.996577686516085,43
2,"3-32-5-2-73",73,0.000447368421052632,FALSE,"ELEVATED",1,241,0.659822039698836,73
2.1,"3-32-5-2.1-48",48,0.000239520958083832,FALSE,"ELEVATED",1,215,0.588637919233402,48
3,"3-32-5-3-104",104,0.000315789473684211,TRUE,"ELEVATED",1,547,1.49760438056126,NA
3.1,"3-32-5-3.1-48",48,0.00029940119760479,FALSE,"ELEVATED",1,97,0.265571526351814,48
1,"3-32-6-1-83",83,0.000421052631578947,FALSE,"ELEVATED",1,183,0.501026694045175,83
1,"3-32-8-1-104",104,0.000315789473684211,TRUE,"ELEVATED",1,1327,3.6331279945243,NA
2,"3-32-8-2-104",104,0.000315789473684211,TRUE,"ELEVATED",1,518,1.41820670773443,NA
1.1,"3-32-9-1.1-23",23,0.000329341317365269,FALSE,"ELEVATED",1,242,0.662559890485969,23
2.1,"3-32-9-2.1-19",19,0.000329341317365269,FALSE,"ELEVATED",1,124,0.339493497604381,19
3.1,"3-32-9-3.1-57",57,0.000329341317365269,FALSE,"ELEVATED",1,295,0.80766598220397,57
1,"3-32-11-1-76",76,0.000236842105263158,FALSE,"ELEVATED",1,454,1.24298425735797,76
1.1,"3-32-11-1.1-53",53,0.00029940119760479,FALSE,"ELEVATED",1,91,0.249144421629021,53
2,"3-32-11-2-73",73,0.000421052631578947,FALSE,"ELEVATED",1,160,0.438056125941136,73
2.1,"3-32-11-2.1-61",61,0.000269461077844311,TRUE,"ELEVATED",1,168,0.459958932238193,NA
3.1,"3-32-11-3.1-61",61,0.000239520958083832,TRUE,"ELEVATED",1,168,0.459958932238193,NA
1,"3-32-14-1-104",104,0.000289473684210526,TRUE,"ELEVATED",1,29,0.0793976728268309,NA
2,"3-32-14-2-104",104,0.000342105263157895,TRUE,"ELEVATED",1,29,0.0793976728268309,NA
1,"3-32-15-1-92",92,0.000289473684210526,FALSE,"ELEVATED",1,296,0.810403832991102,92
1.1,"3-32-15-1.1-38",38,0.000329341317365269,FALSE,"ELEVATED",1,126,0.344969199178645,38
1,"3-32-16-1-82",82,0.000289473684210526,FALSE,"ELEVATED",1,86,0.235455167693361,82
1.1,"3-32-25-1.1-22",22,0.00104790419161677,FALSE,"ELEVATED",1,677,1.85352498288843,22
2.1,"3-32-25-2.1-43",43,0.000538922155688623,FALSE,"ELEVATED",1,43,0.11772758384668,43
3.1,"3-32-25-3.1-60",60,0.000239520958083832,FALSE,"ELEVATED",1,37,0.101300479123888,60
1.1,"3-32-27-1.1-16",16,0.000688622754491018,FALSE,"ELEVATED",1,530,1.45106091718001,16
2.1,"3-32-27-2.1-30",30,0.000329341317365269,FALSE,"ELEVATED",1,302,0.826830937713895,30
3.1,"3-32-27-3.1-22",22,0.000329341317365269,FALSE,"ELEVATED",1,64,0.175222450376454,22
1.1,"3-32-29-1.1-10",10,0.00029940119760479,FALSE,"ELEVATED",1,104,0.284736481861739,10
1.1,"3-32-33-1.1-10",10,0.000419161676646707,FALSE,"ELEVATED",1,231,0.632443531827515,10
2.1,"3-32-33-2.1-9",9,0.000359281437125748,FALSE,"ELEVATED",1,197,0.539356605065024,9
3.1,"3-32-33-3.1-7",7,0.000329341317365269,FALSE,"ELEVATED",1,59,0.161533196440794,7
4.1,"3-32-33-4.1-7",7,0.00029940119760479,FALSE,"ELEVATED",1,59,0.161533196440794,7
5.1,"3-32-33-5.1-22",22,0.000359281437125748,FALSE,"ELEVATED",1,91,0.249144421629021,22
6.1,"3-32-33-6.1-22",22,0.000209580838323353,FALSE,"ELEVATED",1,91,0.249144421629021,22
7.1,"3-32-33-7.1-48",48,0.000359281437125748,FALSE,"ELEVATED",1,547,1.49760438056126,48
1,"3-32-35-1-87",87,0.000368421052631579,FALSE,"ELEVATED",1,388,1.06228610540726,87
1,"3-32-36-1-104",104,0.000342105263157895,TRUE,"ELEVATED",1,80,0.219028062970568,NA
1,"3-32-37-1-104",104,0.000289473684210526,TRUE,"ELEVATED",1,969,2.65297741273101,NA
2,"3-32-37-2-104",104,0.000315789473684211,FALSE,"ELEVATED",1,906,2.48049281314168,104
3,"3-32-37-3-104",104,0.000315789473684211,TRUE,"ELEVATED",1,547,1.49760438056126,NA
1,"3-33-1-1-93",93,0.000368421052631579,FALSE,"ELEVATED",1,668,1.82888432580424,93
1.1,"3-33-1-1.1-5",5,0.000449101796407186,FALSE,"ELEVATED",1,104,0.284736481861739,5
2,"3-33-1-2-81",81,0.000236842105263158,FALSE,"ELEVATED",1,240,0.657084188911704,81
2.1,"3-33-1-2.1-4",4,0.000419161676646707,FALSE,"ELEVATED",1,77,0.210814510609172,4
3.1,"3-33-1-3.1-4",4,0.000359281437125748,FALSE,"ELEVATED",1,77,0.210814510609172,4
4.1,"3-33-1-4.1-5",5,0.00101796407185629,FALSE,"ELEVATED",1,104,0.284736481861739,5
5.1,"3-33-1-5.1-5",5,0.000329341317365269,FALSE,"ELEVATED",1,104,0.284736481861739,5
6.1,"3-33-1-6.1-4",4,0.000329341317365269,FALSE,"ELEVATED",1,77,0.210814510609172,4
7.1,"3-33-1-7.1-11",11,0.000329341317365269,FALSE,"ELEVATED",1,65,0.177960301163587,11
8.1,"3-33-1-8.1-18",18,0.00029940119760479,FALSE,"ELEVATED",1,77,0.210814510609172,18
9.1,"3-33-1-9.1-28",28,0.000389221556886228,FALSE,"ELEVATED",1,210,0.574948665297741,28
1.1,"3-33-3-1.1-49",49,0.000419161676646707,FALSE,"ELEVATED",1,97,0.265571526351814,49
1.1,"3-33-5-1.1-18",18,0.000359281437125748,FALSE,"ELEVATED",1,342,0.936344969199179,18
2.1,"3-33-5-2.1-29",29,0.000209580838323353,FALSE,"ELEVATED",1,619,1.69472963723477,29
3.1,"3-33-5-3.1-47",47,0.000209580838323353,FALSE,"ELEVATED",1,1278,3.49897330595483,47
4.1,"3-33-5-4.1-23",23,0.000209580838323353,FALSE,"ELEVATED",1,437,1.19644079397673,23
5.1,"3-33-5-5.1-49",49,0.000508982035928144,FALSE,"ELEVATED",1,125,0.342231348391513,49
1.1,"3-33-7-1.1-4",4,0.000329341317365269,FALSE,"ELEVATED",1,77,0.210814510609172,4
2.1,"3-33-7-2.1-21",21,0.00029940119760479,FALSE,"ELEVATED",1,381,1.04312114989733,21
3.1,"3-33-7-3.1-55",55,0.000209580838323353,FALSE,"ELEVATED",1,465,1.27310061601643,55
4.1,"3-33-7-4.1-52",52,0.000479041916167665,FALSE,"ELEVATED",1,258,0.706365503080082,52
1,"3-33-8-1-104",104,0.000763157894736842,TRUE,"ELEVATED",1,1327,3.6331279945243,NA
2,"3-33-8-2-71",71,0.000263157894736842,FALSE,"ELEVATED",1,205,0.561259411362081,71
1.1,"3-33-9-1.1-5",5,0.000419161676646707,FALSE,"ELEVATED",1,104,0.284736481861739,5
2.1,"3-33-9-2.1-21",21,0.000209580838323353,FALSE,"ELEVATED",1,451,1.23477070499658,21
3.1,"3-33-9-3.1-21",21,0.00029940119760479,FALSE,"ELEVATED",1,62,0.16974674880219,21
1.1,"3-33-11-1.1-22",22,0.000239520958083832,FALSE,"ELEVATED",1,215,0.588637919233402,22
2.1,"3-33-11-2.1-57",57,0.000359281437125748,FALSE,"ELEVATED",1,601,1.64544832306639,57
3.1,"3-33-11-3.1-61",61,0.000329341317365269,TRUE,"ELEVATED",1,168,0.459958932238193,NA
4.1,"3-33-11-4.1-61",61,0.000329341317365269,TRUE,"ELEVATED",1,168,0.459958932238193,NA
5.1,"3-33-11-5.1-61",61,0.000329341317365269,TRUE,"ELEVATED",1,168,0.459958932238193,NA
1,"3-33-12-1-84",84,0.000210526315789474,FALSE,"ELEVATED",1,85,0.232717316906229,84
2,"3-33-12-2-85",85,0.000368421052631579,FALSE,"ELEVATED",1,111,0.303901437371663,85
1.1,"3-33-13-1.1-9",9,0.000658682634730539,FALSE,"ELEVATED",1,156,0.427104722792608,9
1,"3-33-15-1-104",104,0.000342105263157895,TRUE,"ELEVATED",1,3509,9.60711841204654,NA
1.1,"3-33-15-1.1-61",61,0.000508982035928144,TRUE,"ELEVATED",1,2132,5.83709787816564,NA
2.1,"3-33-15-2.1-10",10,0.000269461077844311,FALSE,"ELEVATED",1,267,0.731006160164271,10
1,"3-33-16-1-70",70,0.000315789473684211,FALSE,"ELEVATED",1,302,0.826830937713895,70
1,"3-33-19-1-104",104,0.000763157894736842,TRUE,"ELEVATED",1,2996,8.20260095824777,NA
1.1,"3-33-19-1.1-61",61,0.000359281437125748,TRUE,"ELEVATED",1,1619,4.43258042436687,NA
1,"3-33-21-1-74",74,0.000315789473684211,FALSE,"ELEVATED",1,421,1.15263518138261,74
1.1,"3-33-21-1.1-41",41,0.000419161676646707,FALSE,"ELEVATED",1,1136,3.11019849418207,41
2,"3-33-21-2-74",74,0.000289473684210526,FALSE,"ELEVATED",1,421,1.15263518138261,74
3,"3-33-21-3-74",74,0.000263157894736842,FALSE,"ELEVATED",1,337,0.922655715263518,74
1.1,"3-33-23-1.1-45",45,0.000389221556886228,FALSE,"ELEVATED",1,623,1.7056810403833,45
1,"3-33-27-1-69",69,0.000289473684210526,FALSE,"ELEVATED",1,2219,6.07529089664613,69
1.1,"3-33-27-1.1-24",24,0.000329341317365269,FALSE,"ELEVATED",1,499,1.36618754277892,24
2.1,"3-33-27-2.1-23",23,0.000359281437125748,FALSE,"ELEVATED",1,437,1.19644079397673,23
3.1,"3-33-27-3.1-24",24,0.000329341317365269,FALSE,"ELEVATED",1,434,1.18822724161533,24
4.1,"3-33-27-4.1-19",19,0.000239520958083832,FALSE,"ELEVATED",1,288,0.788501026694045,19
5.1,"3-33-27-5.1-19",19,0.00029940119760479,FALSE,"ELEVATED",1,186,0.509240246406571,19
1,"3-33-29-1-103",103,0.000184210526315789,FALSE,"ELEVATED",1,553,1.51403148528405,103
1.1,"3-33-29-1.1-21",21,0.000269461077844311,FALSE,"ELEVATED",1,415,1.13620807665982,21
1.1,"3-33-31-1.1-61",61,0.000359281437125748,TRUE,"ELEVATED",1,1997,5.46748802190281,NA
2.1,"3-33-31-2.1-21",21,0.000269461077844311,FALSE,"ELEVATED",1,451,1.23477070499658,21
3.1,"3-33-31-3.1-21",21,0.000329341317365269,FALSE,"ELEVATED",1,451,1.23477070499658,21
4.1,"3-33-31-4.1-21",21,0.00029940119760479,FALSE,"ELEVATED",1,451,1.23477070499658,21
5.1,"3-33-31-5.1-21",21,0.000269461077844311,FALSE,"ELEVATED",1,451,1.23477070499658,21
6.1,"3-33-31-6.1-21",21,0.000269461077844311,FALSE,"ELEVATED",1,451,1.23477070499658,21
1.1,"3-33-33-1.1-21",21,0.000359281437125748,FALSE,"ELEVATED",1,648,1.7741273100616,21
2.1,"3-33-33-2.1-21",21,0.00029940119760479,FALSE,"ELEVATED",1,648,1.7741273100616,21
3.1,"3-33-33-3.1-21",21,0.000269461077844311,FALSE,"ELEVATED",1,648,1.7741273100616,21
4.1,"3-33-33-4.1-21",21,0.000239520958083832,FALSE,"ELEVATED",1,648,1.7741273100616,21
5.1,"3-33-33-5.1-21",21,0.00029940119760479,FALSE,"ELEVATED",1,648,1.7741273100616,21
6.1,"3-33-33-6.1-14",14,0.000329341317365269,FALSE,"ELEVATED",1,265,0.725530458590007,14
7.1,"3-33-33-7.1-39",39,0.000419161676646707,FALSE,"ELEVATED",1,300,0.82135523613963,39
1.1,"3-34-1-1.1-6",6,0.000568862275449102,FALSE,"ELEVATED",0,176,0.48186173853525,6
2.1,"3-34-1-2.1-9",9,0.000479041916167665,FALSE,"ELEVATED",0,274,0.750171115674196,9
3.1,"3-34-1-3.1-13",13,0.000808383233532934,FALSE,"ELEVATED",0,330,0.903490759753593,13
4.1,"3-34-1-4.1-6",6,0.000598802395209581,FALSE,"ELEVATED",0,58,0.158795345653662,6
1.1,"3-34-3-1.1-6",6,0.000838323353293413,FALSE,"ELEVATED",0,176,0.48186173853525,6
2.1,"3-34-3-2.1-4",4,0.00029940119760479,FALSE,"ELEVATED",0,118,0.323066392881588,4
3.1,"3-34-3-3.1-20",20,0.0012874251497006,FALSE,"ELEVATED",0,27,0.0739219712525667,20
4.1,"3-34-3-4.1-61",61,0.000269461077844311,TRUE,"ELEVATED",0,168,0.459958932238193,NA
5.1,"3-34-3-5.1-61",61,0.000329341317365269,TRUE,"ELEVATED",0,168,0.459958932238193,NA
1.1,"3-34-5-1.1-6",6,0.000838323353293413,FALSE,"ELEVATED",0,176,0.48186173853525,6
2.1,"3-34-5-2.1-61",61,0.000239520958083832,TRUE,"ELEVATED",0,168,0.459958932238193,NA
3.1,"3-34-5-3.1-61",61,0.000209580838323353,TRUE,"ELEVATED",0,168,0.459958932238193,NA
4.1,"3-34-5-4.1-61",61,0.000239520958083832,TRUE,"ELEVATED",0,168,0.459958932238193,NA
1.1,"3-34-13-1.1-22",22,0.000449101796407186,FALSE,"ELEVATED",0,164,0.449007529089665,22
2.1,"3-34-13-2.1-26",26,0.000239520958083832,FALSE,"ELEVATED",0,282,0.772073921971253,26
1.1,"3-34-31-1.1-61",61,0.000449101796407186,TRUE,"ELEVATED",0,113,0.309377138945927,NA
2.1,"3-34-31-2.1-61",61,0.000329341317365269,TRUE,"ELEVATED",0,113,0.309377138945927,NA
1.1,"3-35-1-1.1-7",7,0.000688622754491018,FALSE,"ELEVATED",0,204,0.558521560574949,7
2.1,"3-35-1-2.1-19",19,0.000329341317365269,FALSE,"ELEVATED",0,97,0.265571526351814,19
1,"3-35-2-1-70",70,0.000236842105263158,FALSE,"ELEVATED",0,302,0.826830937713895,70
2,"3-35-2-2-102",102,0.000421052631578947,FALSE,"ELEVATED",0,692,1.89459274469541,102
3,"3-35-2-3-104",104,0.000394736842105263,FALSE,"ELEVATED",0,582,1.59342915811088,104
4,"3-35-2-4-104",104,0.000315789473684211,FALSE,"ELEVATED",0,582,1.59342915811088,104
5,"3-35-2-5-104",104,0.000289473684210526,FALSE,"ELEVATED",0,582,1.59342915811088,104
1,"3-35-3-1-104",104,0.000315789473684211,TRUE,"ELEVATED",0,729,1.9958932238193,NA
1.1,"3-35-3-1.1-20",20,0.000359281437125748,FALSE,"ELEVATED",0,74,0.202600958247775,20
1.1,"3-35-3-1.1-61",61,0.000359281437125748,TRUE,"ELEVATED",0,1593,4.36139630390144,NA
2,"3-35-3-2-104",104,0.000368421052631579,TRUE,"ELEVATED",0,394,1.07871321013005,NA
2.1,"3-35-3-2.1-61",61,0.00029940119760479,TRUE,"ELEVATED",0,168,0.459958932238193,NA
3.1,"3-35-3-3.1-61",61,0.00029940119760479,TRUE,"ELEVATED",0,168,0.459958932238193,NA
1,"3-35-5-1-74",74,0.000289473684210526,FALSE,"ELEVATED",0,63,0.172484599589322,74
2,"3-35-5-2-80",80,0.000368421052631579,FALSE,"ELEVATED",0,126,0.344969199178645,80
1,"3-35-6-1-79",79,0.000289473684210526,FALSE,"ELEVATED",0,161,0.440793976728268,79
1.1,"3-35-7-1.1-22",22,0.000419161676646707,FALSE,"ELEVATED",0,718,1.96577686516085,22
1.1,"3-35-9-1.1-22",22,0.000449101796407186,FALSE,"ELEVATED",0,215,0.588637919233402,22
1,"3-35-10-1-104",104,0.000315789473684211,TRUE,"ELEVATED",0,997,2.7296372347707,NA
2,"3-35-10-2-104",104,0.000289473684210526,TRUE,"ELEVATED",0,751,2.05612594113621,NA
3,"3-35-10-3-90",90,0.000131578947368421,FALSE,"ELEVATED",0,172,0.470910335386721,90
1,"3-35-14-1-104",104,0.000263157894736842,TRUE,"ELEVATED",0,1327,3.6331279945243,NA
2,"3-35-14-2-104",104,0.000289473684210526,TRUE,"ELEVATED",0,329,0.900752908966461,NA
3,"3-35-14-3-104",104,0.000289473684210526,TRUE,"ELEVATED",0,329,0.900752908966461,NA
4,"3-35-14-4-104",104,0.000368421052631579,TRUE,"ELEVATED",0,355,0.971937029431896,NA
1,"3-35-15-1-104",104,0.000236842105263158,TRUE,"ELEVATED",0,729,1.9958932238193,NA
2,"3-35-15-2-104",104,0.000368421052631579,TRUE,"ELEVATED",0,355,0.971937029431896,NA
1,"3-35-23-1-104",104,0.000236842105263158,TRUE,"ELEVATED",0,1327,3.6331279945243,NA
1.1,"3-35-23-1.1-19",19,0.000389221556886228,FALSE,"ELEVATED",0,353,0.966461327857632,19
2,"3-35-23-2-104",104,0.000631578947368421,TRUE,"ELEVATED",0,59,0.161533196440794,NA
1,"3-35-24-1-65",65,0.000236842105263158,FALSE,"ELEVATED",0,125,0.342231348391513,65
2,"3-35-24-2-104",104,0.000684210526315789,TRUE,"ELEVATED",0,59,0.161533196440794,NA
1.1,"3-36-1-1.1-9",9,0.00062874251497006,FALSE,"ELEVATED",0,274,0.750171115674196,9
2.1,"3-36-1-2.1-6",6,0.00143712574850299,FALSE,"ELEVATED",0,31,0.0848733744010951,6
3.1,"3-36-1-3.1-6",6,0.000538922155688623,FALSE,"ELEVATED",0,31,0.0848733744010951,6
4.1,"3-36-1-4.1-27",27,0.000359281437125748,FALSE,"ELEVATED",0,149,0.407939767282683,27
1,"3-36-2-1-85",85,0.000289473684210526,FALSE,"ELEVATED",0,147,0.402464065708419,85
1,"3-36-3-1-85",85,0.000263157894736842,FALSE,"ELEVATED",0,147,0.402464065708419,85
1.1,"3-36-3-1.1-5",5,0.00029940119760479,FALSE,"ELEVATED",0,145,0.396988364134155,5
2,"3-36-3-2-85",85,0.000289473684210526,FALSE,"ELEVATED",0,147,0.402464065708419,85
2.1,"3-36-3-2.1-45",45,0.000329341317365269,FALSE,"ELEVATED",0,1522,4.16700889801506,45
3.1,"3-36-3-3.1-18",18,0.000269461077844311,FALSE,"ELEVATED",0,580,1.58795345653662,18
1,"3-36-8-1-103",103,0.000236842105263158,FALSE,"ELEVATED",0,722,1.97672826830938,103
1,"3-36-9-1-73",73,0.000236842105263158,FALSE,"ELEVATED",0,214,0.58590006844627,73
1.1,"3-36-9-1.1-9",9,0.000688622754491018,FALSE,"ELEVATED",0,274,0.750171115674196,9
2,"3-36-9-2-83",83,0.000394736842105263,FALSE,"ELEVATED",0,100,0.27378507871321,83
2.1,"3-36-9-2.1-7",7,0.000329341317365269,FALSE,"ELEVATED",0,59,0.161533196440794,7
3,"3-36-9-3-83",83,0.000236842105263158,FALSE,"ELEVATED",0,78,0.213552361396304,83
1,"3-36-10-1-104",104,0.000736842105263158,TRUE,"ELEVATED",0,729,1.9958932238193,NA
2,"3-36-10-2-104",104,0.000289473684210526,TRUE,"ELEVATED",0,729,1.9958932238193,NA
3,"3-36-10-3-102",102,0.000263157894736842,FALSE,"ELEVATED",0,670,1.83436002737851,102
1,"3-36-11-1-104",104,0.000526315789473684,TRUE,"ELEVATED",0,729,1.9958932238193,NA
1.1,"3-36-11-1.1-15",15,0.000239520958083832,FALSE,"ELEVATED",0,62,0.16974674880219,15
2,"3-36-11-2-104",104,0.000342105263157895,TRUE,"ELEVATED",0,693,1.89733059548255,NA
1,"3-36-12-1-103",103,0.000473684210526316,FALSE,"ELEVATED",0,553,1.51403148528405,103
1,"3-36-13-1-102",102,0.000368421052631579,FALSE,"ELEVATED",0,270,0.739219712525667,102
1.1,"3-36-13-1.1-10",10,0.000479041916167665,FALSE,"ELEVATED",0,231,0.632443531827515,10
2.1,"3-36-13-2.1-12",12,0.000479041916167665,FALSE,"ELEVATED",0,59,0.161533196440794,12
3.1,"3-36-13-3.1-19",19,0.000419161676646707,FALSE,"ELEVATED",0,288,0.788501026694045,19
1,"3-36-14-1-104",104,0.000368421052631579,TRUE,"ELEVATED",0,582,1.59342915811088,NA
2,"3-36-14-2-104",104,0.000263157894736842,TRUE,"ELEVATED",0,582,1.59342915811088,NA
1,"3-36-15-1-83",83,0.000315789473684211,FALSE,"ELEVATED",0,78,0.213552361396304,83
1.1,"3-36-15-1.1-4",4,0.000329341317365269,FALSE,"ELEVATED",0,118,0.323066392881588,4
2.1,"3-36-15-2.1-21",21,0.000329341317365269,FALSE,"ELEVATED",0,186,0.509240246406571,21
3.1,"3-36-15-3.1-61",61,0.000389221556886228,TRUE,"ELEVATED",0,769,2.10540725530459,NA
4.1,"3-36-15-4.1-61",61,0.000359281437125748,TRUE,"ELEVATED",0,651,1.782340862423,NA
1,"3-36-16-1-104",104,0.000289473684210526,TRUE,"ELEVATED",0,751,2.05612594113621,NA
1,"3-36-17-1-82",82,0.000236842105263158,FALSE,"ELEVATED",0,58,0.158795345653662,82
1.1,"3-36-17-1.1-61",61,0.000359281437125748,TRUE,"ELEVATED",0,2096,5.73853524982888,NA
2,"3-36-17-2-82",82,0.000394736842105263,FALSE,"ELEVATED",0,36,0.0985626283367557,82
2.1,"3-36-17-2.1-61",61,0.000359281437125748,TRUE,"ELEVATED",0,1899,5.19917864476386,NA
3.1,"3-36-17-3.1-61",61,0.000419161676646707,TRUE,"ELEVATED",0,1169,3.20054757015743,NA
4.1,"3-36-17-4.1-61",61,0.000329341317365269,TRUE,"ELEVATED",0,113,0.309377138945927,NA
1,"3-36-18-1-104",104,0.000368421052631579,TRUE,"ELEVATED",0,1327,3.6331279945243,NA
2,"3-36-18-2-85",85,0.000342105263157895,FALSE,"ELEVATED",0,745,2.03969883641342,85
3,"3-36-18-3-68",68,0.000289473684210526,FALSE,"ELEVATED",0,227,0.621492128678987,68
4,"3-36-18-4-85",85,0.000315789473684211,FALSE,"ELEVATED",0,745,2.03969883641342,85
5,"3-36-18-5-104",104,5e-04,TRUE,"ELEVATED",0,1327,3.6331279945243,NA
6,"3-36-18-6-85",85,0.000315789473684211,FALSE,"ELEVATED",0,169,0.462696783025325,85
7,"3-36-18-7-85",85,0.000289473684210526,FALSE,"ELEVATED",0,147,0.402464065708419,85
1,"3-36-19-1-74",74,0.000315789473684211,FALSE,"ELEVATED",0,934,2.55715263518138,74
1.1,"3-36-19-1.1-61",61,0.000269461077844311,TRUE,"ELEVATED",0,463,1.26762491444216,NA
2,"3-36-19-2-104",104,0.000289473684210526,TRUE,"ELEVATED",0,729,1.9958932238193,NA
1.1,"3-36-23-1.1-21",21,0.000748502994011976,FALSE,"ELEVATED",0,159,0.435318275154004,21
1,"3-36-24-1-77",77,0.000315789473684211,FALSE,"ELEVATED",0,493,1.34976043805613,77
2,"3-36-24-2-102",102,0.000315789473684211,FALSE,"ELEVATED",0,1041,2.85010266940452,102
3,"3-36-24-3-77",77,0.000289473684210526,FALSE,"ELEVATED",0,223,0.610540725530459,77
4,"3-36-24-4-77",77,0.000315789473684211,FALSE,"ELEVATED",0,223,0.610540725530459,77
5,"3-36-24-5-71",71,0.000289473684210526,FALSE,"ELEVATED",0,60,0.164271047227926,71
6,"3-36-24-6-101",101,0.000289473684210526,FALSE,"ELEVATED",0,889,2.43394934976044,101
1,"3-36-25-1-104",104,0.000631578947368421,TRUE,"ELEVATED",0,436,1.1937029431896,NA
1.1,"3-36-25-1.1-61",61,0.00122754491017964,TRUE,"ELEVATED",0,2173,5.94934976043806,NA
2,"3-36-25-2-104",104,0.000342105263157895,TRUE,"ELEVATED",0,394,1.07871321013005,NA
3,"3-36-25-3-104",104,0.000342105263157895,TRUE,"ELEVATED",0,355,0.971937029431896,NA
1,"3-36-27-1-85",85,0.000289473684210526,FALSE,"ELEVATED",0,599,1.63997262149213,85
1.1,"3-36-27-1.1-61",61,0.000359281437125748,TRUE,"ELEVATED",0,463,1.26762491444216,NA
2,"3-36-27-2-104",104,0.000368421052631579,TRUE,"ELEVATED",0,940,2.57357973990418,NA
1,"3-36-28-1-75",75,0.000710526315789474,FALSE,"ELEVATED",0,450,1.23203285420945,75
2,"3-36-28-2-75",75,0.000342105263157895,FALSE,"ELEVATED",0,450,1.23203285420945,75
3,"3-36-28-3-87",87,0.00115789473684211,FALSE,"ELEVATED",0,809,2.21492128678987,87
4,"3-36-28-4-87",87,0.000289473684210526,FALSE,"ELEVATED",0,422,1.15537303216975,87
5,"3-36-28-5-104",104,0.000552631578947368,TRUE,"ELEVATED",0,940,2.57357973990418,NA
6,"3-36-28-6-89",89,0.000421052631578947,FALSE,"ELEVATED",0,372,1.01848049281314,89
1,"3-36-29-1-104",104,0.000421052631578947,TRUE,"ELEVATED",0,1840,5.03764544832307,NA
1.1,"3-36-29-1.1-51",51,0.000508982035928144,FALSE,"ELEVATED",0,1633,4.47091033538672,51
2,"3-36-29-2-89",89,0.000315789473684211,FALSE,"ELEVATED",0,638,1.74674880219028,89
2.1,"3-36-29-2.1-61",61,0.000359281437125748,TRUE,"ELEVATED",0,463,1.26762491444216,NA
3,"3-36-29-3-104",104,0.000368421052631579,TRUE,"ELEVATED",0,729,1.9958932238193,NA
4,"3-36-29-4-104",104,0.000342105263157895,FALSE,"ELEVATED",0,729,1.9958932238193,104
5,"3-36-29-5-104",104,0.000421052631578947,TRUE,"ELEVATED",0,582,1.59342915811088,NA
1,"3-36-30-1-104",104,0.000631578947368421,TRUE,"ELEVATED",0,1327,3.6331279945243,NA
2,"3-36-30-2-104",104,0.000394736842105263,TRUE,"ELEVATED",0,1100,3.01163586584531,NA
1,"3-36-31-1-66",66,0.000210526315789474,FALSE,"ELEVATED",0,364,0.996577686516085,66
1.1,"3-36-31-1.1-57",57,0.000479041916167665,FALSE,"ELEVATED",0,1049,2.87200547570157,57
2,"3-36-31-2-85",85,0.000684210526315789,FALSE,"ELEVATED",0,572,1.56605065023956,85
2.1,"3-36-31-2.1-35",35,0.000389221556886228,FALSE,"ELEVATED",0,177,0.484599589322382,35
3.1,"3-36-31-3.1-61",61,0.000359281437125748,TRUE,"ELEVATED",0,587,1.60711841204654,NA
1,"3-36-32-1-85",85,0.000552631578947368,FALSE,"ELEVATED",0,518,1.41820670773443,85
1,"3-36-33-1-64",64,0.000289473684210526,FALSE,"ELEVATED",0,84,0.229979466119097,64
1.1,"3-36-33-1.1-3",3,0.000479041916167665,FALSE,"ELEVATED",0,77,0.210814510609172,3
2,"3-36-33-2-104",104,0.000342105263157895,TRUE,"ELEVATED",0,1057,2.89390828199863,NA
1.1,"4-37-1-1.1-24",24,0.000359281437125748,TRUE,"ELEVATED",0,465,1.27310061601643,NA
1.1,"4-37-3-1.1-9",9,0.000389221556886228,FALSE,"ELEVATED",0,129,0.353182751540041,9
2.1,"4-37-3-2.1-23",23,0.000389221556886228,FALSE,"ELEVATED",0,471,1.28952772073922,23
3.1,"4-37-3-3.1-24",24,0.000419161676646707,TRUE,"ELEVATED",0,366,1.00205338809035,NA
4.1,"4-37-3-4.1-24",24,0.000389221556886228,TRUE,"ELEVATED",0,366,1.00205338809035,NA
1.1,"4-37-9-1.1-9",9,0.000808383233532934,FALSE,"ELEVATED",0,197,0.539356605065024,9
2.1,"4-37-9-2.1-19",19,0.00029940119760479,FALSE,"ELEVATED",0,260,0.711841204654346,19
3.1,"4-37-9-3.1-19",19,0.000239520958083832,FALSE,"ELEVATED",0,124,0.339493497604381,19
1.1,"4-37-11-1.1-24",24,0.00029940119760479,TRUE,"ELEVATED",0,569,1.55783709787817,NA
1.1,"4-37-19-1.1-19",19,0.000359281437125748,FALSE,"ELEVATED",0,627,1.71663244353183,19
1.1,"4-37-27-1.1-24",24,0.000538922155688623,TRUE,"ELEVATED",0,146,0.399726214921287,NA
2.1,"4-37-27-2.1-23",23,0.000479041916167665,FALSE,"ELEVATED",0,118,0.323066392881588,23
3.1,"4-37-27-3.1-24",24,0.000479041916167665,TRUE,"ELEVATED",0,146,0.399726214921287,NA
1.1,"4-37-29-1.1-19",19,0.00029940119760479,FALSE,"ELEVATED",0,451,1.23477070499658,19
1.1,"4-38-1-1.1-10",10,0.000568862275449102,FALSE,"ELEVATED",0,308,0.843258042436687,10
2.1,"4-38-1-2.1-22",22,0.000389221556886228,FALSE,"ELEVATED",0,718,1.96577686516085,22
3.1,"4-38-1-3.1-6",6,0.000538922155688623,FALSE,"ELEVATED",0,176,0.48186173853525,6
4.1,"4-38-1-4.1-5",5,0.000508982035928144,FALSE,"ELEVATED",0,145,0.396988364134155,5
5.1,"4-38-1-5.1-6",6,0.000359281437125748,FALSE,"ELEVATED",0,58,0.158795345653662,6
6.1,"4-38-1-6.1-6",6,0.000269461077844311,FALSE,"ELEVATED",0,58,0.158795345653662,6
7.1,"4-38-1-7.1-27",27,0.00116766467065868,FALSE,"ELEVATED",0,722,1.97672826830938,27
1,"4-38-2-1-80",80,0.000289473684210526,FALSE,"ELEVATED",0,576,1.57700205338809,80
1,"4-38-3-1-80",80,0.000342105263157895,FALSE,"ELEVATED",0,576,1.57700205338809,80
1.1,"4-38-3-1.1-24",24,0.000568862275449102,FALSE,"ELEVATED",0,773,2.11635865845311,24
2.1,"4-38-3-2.1-11",11,0.000449101796407186,FALSE,"ELEVATED",0,339,0.928131416837782,11
3.1,"4-38-3-3.1-24",24,0.000329341317365269,FALSE,"ELEVATED",0,773,2.11635865845311,24
1,"4-38-4-1-104",104,0.000236842105263158,TRUE,"ELEVATED",0,608,1.66461327857632,NA
1.1,"4-38-5-1.1-24",24,0.000419161676646707,FALSE,"ELEVATED",0,773,2.11635865845311,24
2.1,"4-38-5-2.1-31",31,0.000419161676646707,FALSE,"ELEVATED",0,1004,2.74880219028063,31
3.1,"4-38-5-3.1-28",28,0.000479041916167665,FALSE,"ELEVATED",0,899,2.46132785763176,28
4.1,"4-38-5-4.1-24",24,0.000479041916167665,FALSE,"ELEVATED",0,773,2.11635865845311,24
5.1,"4-38-5-5.1-24",24,0.000449101796407186,FALSE,"ELEVATED",0,773,2.11635865845311,24
6.1,"4-38-5-6.1-24",24,0.000419161676646707,FALSE,"ELEVATED",0,773,2.11635865845311,24
7.1,"4-38-5-7.1-28",28,0.000389221556886228,FALSE,"ELEVATED",0,899,2.46132785763176,28
1,"4-38-7-1-79",79,0.000315789473684211,FALSE,"ELEVATED",0,98,0.268309377138946,79
1.1,"4-38-7-1.1-11",11,0.000718562874251497,FALSE,"ELEVATED",0,339,0.928131416837782,11
2.1,"4-38-7-2.1-11",11,0.000389221556886228,FALSE,"ELEVATED",0,339,0.928131416837782,11
3.1,"4-38-7-3.1-12",12,0.000568862275449102,FALSE,"ELEVATED",0,222,0.607802874743327,12
4.1,"4-38-7-4.1-57",57,0.000329341317365269,FALSE,"ELEVATED",0,225,0.616016427104723,57
1,"4-38-8-1-84",84,0.000236842105263158,FALSE,"ELEVATED",0,43,0.11772758384668,84
2,"4-38-8-2-104",104,0.000289473684210526,TRUE,"ELEVATED",0,582,1.59342915811088,NA
1,"4-38-9-1-82",82,0.000263157894736842,FALSE,"ELEVATED",0,550,1.50581793292266,82
1.1,"4-38-9-1.1-22",22,0.000598802395209581,FALSE,"ELEVATED",0,718,1.96577686516085,22
2.1,"4-38-9-2.1-9",9,0.000359281437125748,FALSE,"ELEVATED",0,274,0.750171115674196,9
3,"4-38-9-3-104",104,0.000315789473684211,FALSE,"ELEVATED",0,608,1.66461327857632,104
3.1,"4-38-9-3.1-9",9,0.00029940119760479,FALSE,"ELEVATED",0,233,0.63791923340178,9
4,"4-38-9-4-104",104,0.000289473684210526,FALSE,"ELEVATED",0,608,1.66461327857632,104
1,"4-38-10-1-79",79,0.000263157894736842,FALSE,"ELEVATED",0,127,0.347707049965777,79
1,"4-38-11-1-104",104,0.000368421052631579,TRUE,"ELEVATED",0,3550,9.71937029431896,NA
1.1,"4-38-11-1.1-36",36,0.000479041916167665,FALSE,"ELEVATED",0,1179,3.22792607802875,36
2,"4-38-11-2-104",104,0.000368421052631579,TRUE,"ELEVATED",0,518,1.41820670773443,NA
2.1,"4-38-11-2.1-21",21,0.000269461077844311,FALSE,"ELEVATED",0,612,1.67556468172485,21
3.1,"4-38-11-3.1-21",21,0.000269461077844311,FALSE,"ELEVATED",0,612,1.67556468172485,21
4.1,"4-38-11-4.1-21",21,0.00029940119760479,FALSE,"ELEVATED",0,612,1.67556468172485,21
5.1,"4-38-11-5.1-19",19,0.000269461077844311,FALSE,"ELEVATED",0,319,0.87337440109514,19
1,"4-38-13-1-104",104,0.000236842105263158,TRUE,"ELEVATED",0,3550,9.71937029431896,NA
1.1,"4-38-13-1.1-33",33,0.000359281437125748,FALSE,"ELEVATED",0,1072,2.93497604380561,33
2,"4-38-13-2-104",104,0.000315789473684211,TRUE,"ELEVATED",0,651,1.782340862423,NA
2.1,"4-38-13-2.1-43",43,0.000718562874251497,FALSE,"ELEVATED",0,1404,3.84394250513347,43
3,"4-38-13-3-104",104,0.000263157894736842,TRUE,"ELEVATED",0,608,1.66461327857632,NA
3.1,"4-38-13-3.1-32",32,0.000329341317365269,FALSE,"ELEVATED",0,1040,2.84736481861739,32
4.1,"4-38-13-4.1-19",19,0.000329341317365269,FALSE,"ELEVATED",0,389,1.06502395619439,19
5.1,"4-38-13-5.1-52",52,0.000479041916167665,FALSE,"ELEVATED",0,484,1.32511978097194,52
1,"4-38-15-1-104",104,0.000447368421052632,TRUE,"ELEVATED",0,3550,9.71937029431896,NA
1.1,"4-38-15-1.1-61",61,0.000598802395209581,TRUE,"ELEVATED",0,2173,5.94934976043806,NA
2,"4-38-15-2-104",104,0.000184210526315789,TRUE,"ELEVATED",0,1545,4.2299794661191,NA
2.1,"4-38-15-2.1-25",25,0.000329341317365269,FALSE,"ELEVATED",0,731,2.00136892539357,25
3,"4-38-15-3-77",77,0.000552631578947368,FALSE,"ELEVATED",0,409,1.11978097193703,77
3.1,"4-38-15-3.1-25",25,0.000479041916167665,FALSE,"ELEVATED",0,367,1.00479123887748,25
4,"4-38-15-4-104",104,0.000289473684210526,TRUE,"ELEVATED",0,751,2.05612594113621,NA
4.1,"4-38-15-4.1-53",53,0.000568862275449102,FALSE,"ELEVATED",0,797,2.18206707734428,53
5,"4-38-15-5-95",95,0.000368421052631579,FALSE,"ELEVATED",0,283,0.774811772758385,95
5.1,"4-38-15-5.1-61",61,0.000329341317365269,TRUE,"ELEVATED",0,168,0.459958932238193,NA
1,"4-38-16-1-83",83,0.000289473684210526,FALSE,"ELEVATED",0,592,1.6208076659822,83
2,"4-38-16-2-98",98,0.000236842105263158,FALSE,"ELEVATED",0,585,1.60164271047228,98
3,"4-38-16-3-104",104,0.000263157894736842,TRUE,"ELEVATED",0,751,2.05612594113621,NA
1,"4-38-17-1-101",101,0.000210526315789474,FALSE,"ELEVATED",0,467,1.27857631759069,101
2,"4-38-17-2-104",104,0.000236842105263158,TRUE,"ELEVATED",0,547,1.49760438056126,NA
1,"4-38-18-1-104",104,0.000394736842105263,TRUE,"ELEVATED",0,1202,3.29089664613279,NA
1.1,"4-38-19-1.1-36",36,0.000479041916167665,FALSE,"ELEVATED",0,1138,3.11567419575633,36
1,"4-38-20-1-104",104,0.000236842105263158,TRUE,"ELEVATED",0,582,1.59342915811088,NA
2,"4-38-20-2-104",104,0.000210526315789474,TRUE,"ELEVATED",0,547,1.49760438056126,NA
1,"4-38-21-1-88",88,0.000447368421052632,FALSE,"ELEVATED",0,54,0.147843942505133,88
1,"4-38-22-1-78",78,0.000289473684210526,FALSE,"ELEVATED",0,157,0.42984257357974,78
3,"4-38-22-3-104",104,0.000289473684210526,TRUE,"ELEVATED",0,547,1.49760438056126,NA
4,"4-38-22-4-104",104,0.000289473684210526,TRUE,"ELEVATED",0,547,1.49760438056126,NA
1,"4-38-23-1-104",104,0.000394736842105263,TRUE,"ELEVATED",0,846,2.31622176591376,NA
1.1,"4-38-23-1.1-9",9,0.000688622754491018,FALSE,"ELEVATED",0,197,0.539356605065024,9
2,"4-38-23-2-104",104,0.000447368421052632,TRUE,"ELEVATED",0,846,2.31622176591376,NA
2.1,"4-38-23-2.1-9",9,0.000359281437125748,FALSE,"ELEVATED",0,197,0.539356605065024,9
3,"4-38-23-3-104",104,0.000289473684210526,TRUE,"ELEVATED",0,846,2.31622176591376,NA
3.1,"4-38-23-3.1-4",4,0.000778443113772455,FALSE,"ELEVATED",0,41,0.112251882272416,4
1,"4-38-24-1-85",85,0.000184210526315789,FALSE,"ELEVATED",0,295,0.80766598220397,85
2,"4-38-24-2-104",104,0.000368421052631579,TRUE,"ELEVATED",0,812,2.22313483915127,NA
3,"4-38-24-3-104",104,0.000526315789473684,TRUE,"ELEVATED",0,812,2.22313483915127,NA
1,"4-38-26-1-84",84,0.000421052631578947,FALSE,"ELEVATED",0,719,1.96851471594798,84
2,"4-38-26-2-84",84,0.000368421052631579,FALSE,"ELEVATED",0,546,1.49486652977413,84
3,"4-38-26-3-84",84,0.000236842105263158,FALSE,"ELEVATED",0,143,0.39151266255989,84
1,"4-38-27-1-82",82,0.000210526315789474,FALSE,"ELEVATED",0,882,2.41478439425051,82
1.1,"4-38-27-1.1-61",61,0.000269461077844311,TRUE,"ELEVATED",0,198,0.542094455852156,NA
1.1,"4-38-29-1.1-9",9,0.000359281437125748,FALSE,"ELEVATED",0,233,0.63791923340178,9
2.1,"4-38-29-2.1-10",10,0.00029940119760479,FALSE,"ELEVATED",0,104,0.284736481861739,10
3.1,"4-38-29-3.1-20",20,0.000389221556886228,FALSE,"ELEVATED",0,74,0.202600958247775,20
1,"4-38-31-1-78",78,0.000421052631578947,FALSE,"ELEVATED",0,2500,6.84462696783025,78
1.1,"4-38-31-1.1-31",31,0.00062874251497006,FALSE,"ELEVATED",0,859,2.35181382614648,31
2,"4-38-31-2-78",78,0.000236842105263158,FALSE,"ELEVATED",0,2184,5.97946611909651,78
2.1,"4-38-31-2.1-31",31,0.000389221556886228,FALSE,"ELEVATED",0,766,2.09719370294319,31
3,"4-38-31-3-75",75,0.000263157894736842,FALSE,"ELEVATED",0,2046,5.60164271047228,75
3.1,"4-38-31-3.1-24",24,0.000359281437125748,FALSE,"ELEVATED",0,219,0.59958932238193,24
1,"4-38-32-1-90",90,0.000289473684210526,FALSE,"ELEVATED",0,470,1.28678986995209,90
2,"4-38-32-2-104",104,0.000447368421052632,TRUE,"ELEVATED",0,693,1.89733059548255,NA
3,"4-38-32-3-90",90,0.000289473684210526,FALSE,"ELEVATED",0,172,0.470910335386721,90
4,"4-38-32-4-104",104,0.000315789473684211,TRUE,"ELEVATED",0,394,1.07871321013005,NA
1,"4-38-33-1-104",104,0.000394736842105263,TRUE,"ELEVATED",0,651,1.782340862423,NA
1.1,"4-38-33-1.1-21",21,0.000479041916167665,FALSE,"ELEVATED",0,485,1.32785763175907,21
2,"4-38-33-2-104",104,0.000289473684210526,TRUE,"ELEVATED",0,651,1.782340862423,NA
1,"4-38-34-1-103",103,0.000842105263157895,FALSE,"ELEVATED",0,579,1.58521560574949,103
2,"4-38-34-2-103",103,0.000289473684210526,FALSE,"ELEVATED",0,518,1.41820670773443,103
3,"4-38-34-3-101",101,0.000315789473684211,FALSE,"ELEVATED",0,382,1.04585900068446,101
1,"4-38-35-1-104",104,0.000526315789473684,TRUE,"ELEVATED",0,693,1.89733059548255,NA
2,"4-38-35-2-104",104,0.000236842105263158,TRUE,"ELEVATED",0,651,1.782340862423,NA
3,"4-38-35-3-104",104,0.000473684210526316,TRUE,"ELEVATED",0,608,1.66461327857632,NA
4,"4-38-35-4-104",104,0.000421052631578947,TRUE,"ELEVATED",0,518,1.41820670773443,NA
5,"4-38-35-5-104",104,0.000421052631578947,TRUE,"ELEVATED",0,436,1.1937029431896,NA
6,"4-38-35-6-104",104,0.000684210526315789,TRUE,"ELEVATED",0,394,1.07871321013005,NA
1,"4-38-36-1-104",104,0.000289473684210526,TRUE,"ELEVATED",0,729,1.9958932238193,NA
2,"4-38-36-2-104",104,0.000605263157894737,TRUE,"ELEVATED",0,493,1.34976043805613,NA
1.1,"4-39-1-1.1-11",11,0.000329341317365269,FALSE,"ELEVATED",0,298,0.815879534565366,11
2.1,"4-39-1-2.1-4",4,0.000329341317365269,FALSE,"ELEVATED",0,77,0.210814510609172,4
3.1,"4-39-1-3.1-11",11,0.00029940119760479,FALSE,"ELEVATED",0,135,0.369609856262834,11
5.1,"4-39-1-5.1-61",61,0.000269461077844311,TRUE,"ELEVATED",0,769,2.10540725530459,NA
6.1,"4-39-1-6.1-55",55,0.000419161676646707,FALSE,"ELEVATED",0,89,0.243668720054757,55
7.1,"4-39-1-7.1-59",59,0.000329341317365269,FALSE,"ELEVATED",0,280,0.766598220396988,59
1,"4-39-3-1-104",104,0.000289473684210526,FALSE,"ELEVATED",0,1518,4.15605749486653,104
1.1,"4-39-3-1.1-11",11,0.000359281437125748,FALSE,"ELEVATED",0,163,0.446269678302533,11
2,"4-39-3-2-104",104,0.000289473684210526,TRUE,"ELEVATED",0,2146,5.87542778918549,NA
2.1,"4-39-3-2.1-16",16,0.000389221556886228,FALSE,"ELEVATED",0,191,0.522929500342231,16
3,"4-39-3-3-104",104,0.000526315789473684,TRUE,"ELEVATED",0,29,0.0793976728268309,NA
3.1,"4-39-3-3.1-61",61,0.000419161676646707,TRUE,"ELEVATED",0,769,2.10540725530459,NA
4.1,"4-39-3-4.1-61",61,0.000419161676646707,TRUE,"ELEVATED",0,141,0.386036960985626,NA
5.1,"4-39-3-5.1-61",61,0.000239520958083832,TRUE,"ELEVATED",0,113,0.309377138945927,NA
6.1,"4-39-3-6.1-61",61,0.000179640718562874,TRUE,"ELEVATED",0,113,0.309377138945927,NA
1,"4-39-5-1-83",83,0.000263157894736842,FALSE,"ELEVATED",0,128,0.350444900752909,83
1.1,"4-39-5-1.1-10",10,0.000329341317365269,FALSE,"ELEVATED",0,308,0.843258042436687,10
2,"4-39-5-2-104",104,0.000236842105263158,TRUE,"ELEVATED",0,751,2.05612594113621,NA
2.1,"4-39-5-2.1-13",13,0.000538922155688623,FALSE,"ELEVATED",0,133,0.364134154688569,13
3,"4-39-5-3-104",104,0.000236842105263158,TRUE,"ELEVATED",0,751,2.05612594113621,NA
3.1,"4-39-5-3.1-13",13,0.000239520958083832,FALSE,"ELEVATED",0,133,0.364134154688569,13
4,"4-39-5-4-104",104,0.000236842105263158,TRUE,"ELEVATED",0,751,2.05612594113621,NA
4.1,"4-39-5-4.1-13",13,0.000269461077844311,FALSE,"ELEVATED",0,133,0.364134154688569,13
5.1,"4-39-5-5.1-13",13,0.00029940119760479,FALSE,"ELEVATED",0,133,0.364134154688569,13
6.1,"4-39-5-6.1-13",13,0.00134730538922156,FALSE,"ELEVATED",0,133,0.364134154688569,13
7.1,"4-39-5-7.1-16",16,0.000329341317365269,FALSE,"ELEVATED",0,191,0.522929500342231,16
8.1,"4-39-5-8.1-13",13,0.000269461077844311,FALSE,"ELEVATED",0,68,0.186173853524983,13
9.1,"4-39-5-9.1-19",19,0.000239520958083832,FALSE,"ELEVATED",0,47,0.128678986995209,19
10.1,"4-39-5-10.1-35",35,0.000389221556886228,FALSE,"ELEVATED",0,206,0.563997262149213,35
11.1,"4-39-5-11.1-61",61,0.000209580838323353,TRUE,"ELEVATED",0,113,0.309377138945927,NA
1,"4-39-7-1-73",73,0.000289473684210526,FALSE,"ELEVATED",0,437,1.19644079397673,73
1.1,"4-39-7-1.1-13",13,0.000748502994011976,FALSE,"ELEVATED",0,407,1.11430527036277,13
2.1,"4-39-7-2.1-24",24,0.000598802395209581,FALSE,"ELEVATED",0,499,1.36618754277892,24
3.1,"4-39-7-3.1-24",24,0.00029940119760479,FALSE,"ELEVATED",0,499,1.36618754277892,24
4.1,"4-39-7-4.1-24",24,0.000239520958083832,FALSE,"ELEVATED",0,434,1.18822724161533,24
5.1,"4-39-7-5.1-56",56,0.000329341317365269,FALSE,"ELEVATED",0,287,0.785763175906913,56
1,"4-39-8-1-68",68,0.000315789473684211,FALSE,"ELEVATED",0,227,0.621492128678987,68
2,"4-39-8-2-68",68,0.000315789473684211,FALSE,"ELEVATED",0,227,0.621492128678987,68
3,"4-39-8-3-104",104,0.000315789473684211,TRUE,"ELEVATED",0,166,0.454483230663929,NA
1.1,"4-39-9-1.1-33",33,0.000479041916167665,FALSE,"ELEVATED",0,798,2.18480492813142,33
2.1,"4-39-9-2.1-30",30,0.00029940119760479,FALSE,"ELEVATED",0,682,1.86721423682409,30
3.1,"4-39-9-3.1-33",33,0.000269461077844311,FALSE,"ELEVATED",0,798,2.18480492813142,33
4.1,"4-39-9-4.1-30",30,0.000269461077844311,FALSE,"ELEVATED",0,682,1.86721423682409,30
5.1,"4-39-9-5.1-30",30,0.000239520958083832,FALSE,"ELEVATED",0,515,1.40999315537303,30
6.1,"4-39-9-6.1-33",33,0.000209580838323353,FALSE,"ELEVATED",0,631,1.72758384668036,33
7.1,"4-39-9-7.1-17",17,0.000239520958083832,FALSE,"ELEVATED",0,113,0.309377138945927,17
1,"4-39-11-1-84",84,0.000315789473684211,FALSE,"ELEVATED",0,143,0.39151266255989,84
1.1,"4-39-11-1.1-52",52,0.000329341317365269,FALSE,"ELEVATED",0,92,0.251882272416153,52
1,"4-39-13-1-80",80,0.000342105263157895,FALSE,"ELEVATED",0,155,0.424366872005476,80
1.1,"4-39-13-1.1-13",13,0.000359281437125748,FALSE,"ELEVATED",0,407,1.11430527036277,13
2.1,"4-39-13-2.1-24",24,0.000389221556886228,FALSE,"ELEVATED",0,366,1.00205338809035,24
3.1,"4-39-13-3.1-52",52,0.000329341317365269,FALSE,"ELEVATED",0,881,2.41204654346338,52
1,"4-39-14-1-83",83,0.000342105263157895,FALSE,"ELEVATED",0,676,1.8507871321013,83
2,"4-39-14-2-104",104,0.000289473684210526,TRUE,"ELEVATED",0,1327,3.6331279945243,NA
3,"4-39-14-3-104",104,0.000263157894736842,TRUE,"ELEVATED",0,1025,2.8062970568104,NA
1,"4-39-15-1-104",104,0.000315789473684211,TRUE,"ELEVATED",0,3143,8.60506502395619,NA
1.1,"4-39-15-1.1-61",61,0.000419161676646707,TRUE,"ELEVATED",0,1806,4.94455852156057,NA
2,"4-39-15-2-104",104,0.00107894736842105,TRUE,"ELEVATED",0,751,2.05612594113621,NA
2.1,"4-39-15-2.1-61",61,0.000359281437125748,TRUE,"ELEVATED",0,1766,4.83504449007529,NA
3.1,"4-39-15-3.1-30",30,0.000359281437125748,FALSE,"ELEVATED",0,453,1.24024640657084,30
4.1,"4-39-15-4.1-46",46,0.000329341317365269,FALSE,"ELEVATED",0,28,0.0766598220396988,46
5.1,"4-39-15-5.1-59",59,0.000269461077844311,FALSE,"ELEVATED",0,55,0.150581793292266,59
1,"4-39-17-1-104",104,0.000315789473684211,TRUE,"ELEVATED",0,1327,3.6331279945243,NA
1.1,"4-39-17-1.1-61",61,0.000359281437125748,TRUE,"ELEVATED",0,1899,5.19917864476386,NA
2,"4-39-17-2-104",104,0.000289473684210526,TRUE,"ELEVATED",0,1327,3.6331279945243,NA
3,"4-39-17-3-104",104,0.000289473684210526,TRUE,"ELEVATED",0,751,2.05612594113621,NA
1,"4-39-18-1-104",104,0.000289473684210526,TRUE,"ELEVATED",0,1327,3.6331279945243,NA
2,"4-39-18-2-104",104,0.000263157894736842,TRUE,"ELEVATED",0,1327,3.6331279945243,NA
3,"4-39-18-3-104",104,0.000263157894736842,TRUE,"ELEVATED",0,1327,3.6331279945243,NA
1,"4-39-19-1-104",104,0.000236842105263158,TRUE,"ELEVATED",0,3211,8.79123887748118,NA
1.1,"4-39-19-1.1-27",27,0.000329341317365269,FALSE,"ELEVATED",0,593,1.62354551676934,27
2,"4-39-19-2-82",82,0.000236842105263158,FALSE,"ELEVATED",0,2518,6.89390828199863,82
2.1,"4-39-19-2.1-61",61,0.000389221556886228,TRUE,"ELEVATED",0,1865,5.10609171800137,NA
3,"4-39-19-3-82",82,0.000236842105263158,FALSE,"ELEVATED",0,2549,6.97878165639973,82
3.1,"4-39-19-3.1-27",27,0.000359281437125748,FALSE,"ELEVATED",0,559,1.53045859000684,27
4.1,"4-39-19-4.1-38",38,0.000359281437125748,FALSE,"ELEVATED",0,920,2.51882272416153,38
4.1,"4-39-19-4.1-61",61,0.000359281437125748,TRUE,"ELEVATED",0,1865,5.10609171800137,NA
5.1,"4-39-19-5.1-41",41,0.000359281437125748,FALSE,"ELEVATED",0,1001,2.74058863791923,41
6.1,"4-39-19-6.1-41",41,0.000329341317365269,FALSE,"ELEVATED",0,1001,2.74058863791923,41
7.1,"4-39-19-7.1-30",30,0.000329341317365269,FALSE,"ELEVATED",0,617,1.68925393566051,30
8.1,"4-39-19-8.1-61",61,0.000329341317365269,TRUE,"ELEVATED",0,1834,5.02121834360027,NA
9.1,"4-39-19-9.1-38",38,0.000329341317365269,FALSE,"ELEVATED",0,889,2.43394934976044,38
10.1,"4-39-19-10.1-18",18,0.000808383233532934,FALSE,"ELEVATED",0,241,0.659822039698836,18
11.1,"4-39-19-11.1-30",30,0.000359281437125748,FALSE,"ELEVATED",0,617,1.68925393566051,30
12.1,"4-39-19-12.1-38",38,0.000389221556886228,FALSE,"ELEVATED",0,821,2.24777549623546,38
12.1,"4-39-19-12.1-61",61,0.000389221556886228,TRUE,"ELEVATED",0,1766,4.83504449007529,NA
14.1,"4-39-19-14.1-51",51,0.000239520958083832,FALSE,"ELEVATED",0,124,0.339493497604381,51
15.1,"4-39-19-15.1-51",51,0.000269461077844311,FALSE,"ELEVATED",0,124,0.339493497604381,51
1,"4-39-20-1-104",104,5e-04,TRUE,"ELEVATED",0,1327,3.6331279945243,NA
2,"4-39-20-2-104",104,0.000263157894736842,TRUE,"ELEVATED",0,1327,3.6331279945243,NA
3,"4-39-20-3-104",104,0.000684210526315789,TRUE,"ELEVATED",0,547,1.49760438056126,NA
1.1,"4-39-21-1.1-61",61,0.000359281437125748,TRUE,"ELEVATED",0,1834,5.02121834360027,NA
2.1,"4-39-21-2.1-14",14,0.000269461077844311,FALSE,"ELEVATED",0,74,0.202600958247775,14
3.1,"4-39-21-3.1-45",45,0.000269461077844311,FALSE,"ELEVATED",0,1155,3.16221765913758,45
4.1,"4-39-21-4.1-41",41,0.000329341317365269,FALSE,"ELEVATED",0,973,2.66392881587953,41
5.1,"4-39-21-5.1-22",22,0.000269461077844311,FALSE,"ELEVATED",0,311,0.851471594798084,22
6.1,"4-39-21-6.1-41",41,0.000359281437125748,FALSE,"ELEVATED",0,899,2.46132785763176,41
7.1,"4-39-21-7.1-41",41,0.00029940119760479,FALSE,"ELEVATED",0,899,2.46132785763176,41
1,"4-39-22-1-104",104,0.000631578947368421,TRUE,"ELEVATED",0,1327,3.6331279945243,NA
2,"4-39-22-2-85",85,0.000263157894736842,FALSE,"ELEVATED",0,745,2.03969883641342,85
1,"4-39-23-1-104",104,0.000236842105263158,FALSE,"ELEVATED",0,1964,5.37713894592745,104
1.1,"4-39-23-1.1-56",56,0.000329341317365269,FALSE,"ELEVATED",0,1667,4.56399726214921,56
2.1,"4-39-23-2.1-61",61,0.000359281437125748,TRUE,"ELEVATED",0,1834,5.02121834360027,NA
3.1,"4-39-23-3.1-39",39,0.00029940119760479,FALSE,"ELEVATED",0,889,2.43394934976044,39
5.1,"4-39-23-5.1-49",49,0.00029940119760479,FALSE,"ELEVATED",0,61,0.167008898015058,49
6.1,"4-39-23-6.1-61",61,0.000239520958083832,TRUE,"ELEVATED",0,587,1.60711841204654,NA
7.1,"4-39-23-7.1-61",61,0.00029940119760479,TRUE,"ELEVATED",0,198,0.542094455852156,NA
8.1,"4-39-23-8.1-61",61,0.00029940119760479,TRUE,"ELEVATED",0,198,0.542094455852156,NA
1.1,"4-39-25-1.1-45",45,0.000329341317365269,FALSE,"ELEVATED",0,1183,3.23887748117728,45
1.1,"4-39-25-1.1-61",61,0.000329341317365269,TRUE,"ELEVATED",0,1834,5.02121834360027,NA
2.1,"4-39-25-2.1-48",48,0.000359281437125748,FALSE,"ELEVATED",0,1252,3.42778918548939,48
3.1,"4-39-25-3.1-28",28,0.000329341317365269,FALSE,"ELEVATED",0,492,1.34702258726899,28
3.1,"4-39-25-3.1-61",61,0.000329341317365269,TRUE,"ELEVATED",0,1766,4.83504449007529,NA
1,"4-39-28-1-75",75,0.000289473684210526,FALSE,"ELEVATED",0,450,1.23203285420945,75
1,"4-39-29-1-104",104,0.000315789473684211,TRUE,"ELEVATED",0,1377,3.7700205338809,NA
1.1,"4-39-29-1.1-13",13,0.000329341317365269,FALSE,"ELEVATED",0,289,0.791238877481177,13
2,"4-39-29-2-75",75,0.000263157894736842,FALSE,"ELEVATED",0,500,1.36892539356605,75
1.1,"4-39-31-1.1-61",61,0.000239520958083832,TRUE,"ELEVATED",0,463,1.26762491444216,NA
2.1,"4-39-31-2.1-61",61,0.000209580838323353,TRUE,"ELEVATED",0,463,1.26762491444216,NA
3.1,"4-39-31-3.1-53",53,0.000209580838323353,FALSE,"ELEVATED",0,91,0.249144421629021,53
1.1,"4-39-33-1.1-61",61,0.000209580838323353,TRUE,"ELEVATED",0,463,1.26762491444216,NA
2.1,"4-39-33-2.1-61",61,0.000449101796407186,TRUE,"ELEVATED",0,463,1.26762491444216,NA
1,"4-40-1-1-70",70,0.000210526315789474,FALSE,"ELEVATED",0,837,2.29158110882957,70
1.1,"4-40-1-1.1-17",17,0.00029940119760479,FALSE,"ELEVATED",0,554,1.51676933607118,17
2,"4-40-1-2-70",70,0.000210526315789474,FALSE,"ELEVATED",0,837,2.29158110882957,70
2.1,"4-40-1-2.1-9",9,0.000329341317365269,FALSE,"ELEVATED",0,197,0.539356605065024,9
3,"4-40-1-3-85",85,0.000263157894736842,FALSE,"ELEVATED",0,169,0.462696783025325,85
3.1,"4-40-1-3.1-9",9,0.000419161676646707,FALSE,"ELEVATED",0,36,0.0985626283367557,9
4,"4-40-1-4-104",104,0.000289473684210526,TRUE,"ELEVATED",0,729,1.9958932238193,NA
4.1,"4-40-1-4.1-61",61,0.00029940119760479,TRUE,"ELEVATED",0,485,1.32785763175907,NA
5,"4-40-1-5-85",85,0.000289473684210526,FALSE,"ELEVATED",0,147,0.402464065708419,85
5.1,"4-40-1-5.1-60",60,0.00029940119760479,FALSE,"ELEVATED",0,409,1.11978097193703,60
6,"4-40-1-6-104",104,0.000421052631578947,TRUE,"ELEVATED",0,355,0.971937029431896,NA
6.1,"4-40-1-6.1-60",60,0.000269461077844311,FALSE,"ELEVATED",0,409,1.11978097193703,60
7,"4-40-1-7-104",104,0.000315789473684211,TRUE,"ELEVATED",0,232,0.635181382614648,NA
7.1,"4-40-1-7.1-60",60,0.000359281437125748,FALSE,"ELEVATED",0,409,1.11978097193703,60
1,"4-40-2-1-70",70,0.000236842105263158,FALSE,"ELEVATED",0,302,0.826830937713895,70
2,"4-40-2-2-70",70,0.000342105263157895,FALSE,"ELEVATED",0,302,0.826830937713895,70
3,"4-40-2-3-104",104,0.000289473684210526,TRUE,"ELEVATED",0,729,1.9958932238193,NA
1,"4-40-3-1-81",81,0.000263157894736842,FALSE,"ELEVATED",0,648,1.7741273100616,81
1.1,"4-40-3-1.1-19",19,0.00029940119760479,FALSE,"ELEVATED",0,389,1.06502395619439,19
2,"4-40-3-2-72",72,0.000342105263157895,FALSE,"ELEVATED",0,408,1.1170431211499,72
2.1,"4-40-3-2.1-19",19,0.000359281437125748,FALSE,"ELEVATED",0,260,0.711841204654346,19
3,"4-40-3-3-81",81,0.000236842105263158,FALSE,"ELEVATED",0,328,0.898015058179329,81
3.1,"4-40-3-3.1-19",19,0.000389221556886228,FALSE,"ELEVATED",0,186,0.509240246406571,19
4.1,"4-40-3-4.1-19",19,0.000329341317365269,FALSE,"ELEVATED",0,186,0.509240246406571,19
5.1,"4-40-3-5.1-19",19,0.000389221556886228,FALSE,"ELEVATED",0,186,0.509240246406571,19
6.1,"4-40-3-6.1-52",52,0.000329341317365269,FALSE,"ELEVATED",0,346,0.947296372347707,52
1,"4-40-4-1-104",104,0.000236842105263158,TRUE,"ELEVATED",0,751,2.05612594113621,NA
1,"4-40-5-1-65",65,0.000236842105263158,FALSE,"ELEVATED",0,373,1.02121834360027,65
2,"4-40-5-2-104",104,0.000263157894736842,TRUE,"ELEVATED",0,608,1.66461327857632,NA
1,"4-40-6-1-69",69,0.000263157894736842,FALSE,"ELEVATED",0,270,0.739219712525667,69
1.1,"4-40-7-1.1-22",22,0.000449101796407186,FALSE,"ELEVATED",0,91,0.249144421629021,22
2.1,"4-40-7-2.1-59",59,0.000389221556886228,FALSE,"ELEVATED",0,372,1.01848049281314,59
3.1,"4-40-7-3.1-59",59,0.000389221556886228,FALSE,"ELEVATED",0,350,0.958247775496235,59
4.1,"4-40-7-4.1-59",59,0.00029940119760479,FALSE,"ELEVATED",0,350,0.958247775496235,59
1,"4-40-8-1-83",83,0.000289473684210526,FALSE,"ELEVATED",0,195,0.53388090349076,83
1.1,"4-40-9-1.1-9",9,0.000329341317365269,FALSE,"ELEVATED",0,129,0.353182751540041,9
2.1,"4-40-9-2.1-40",40,0.000359281437125748,FALSE,"ELEVATED",0,292,0.799452429842574,40
3.1,"4-40-9-3.1-61",61,0.000329341317365269,TRUE,"ELEVATED",0,485,1.32785763175907,NA
1,"4-40-10-1-69",69,0.000263157894736842,FALSE,"ELEVATED",0,124,0.339493497604381,69
1,"4-40-11-1-71",71,0.000342105263157895,FALSE,"ELEVATED",0,330,0.903490759753593,71
1.1,"4-40-11-1.1-33",33,0.000239520958083832,FALSE,"ELEVATED",0,173,0.473648186173854,33
2,"4-40-11-2-104",104,0.000473684210526316,TRUE,"ELEVATED",0,1327,3.6331279945243,NA
2.1,"4-40-11-2.1-55",55,0.000598802395209581,FALSE,"ELEVATED",0,89,0.243668720054757,55
3,"4-40-11-3-104",104,0.000184210526315789,TRUE,"ELEVATED",0,29,0.0793976728268309,NA
1,"4-40-12-1-76",76,0.000263157894736842,FALSE,"ELEVATED",0,356,0.974674880219028,76
1,"4-40-13-1-104",104,0.00113157894736842,TRUE,"ELEVATED",0,3550,9.71937029431896,NA
1.1,"4-40-13-1.1-61",61,0.0011377245508982,TRUE,"ELEVATED",0,2173,5.94934976043806,NA
2,"4-40-13-2-67",67,0.000342105263157895,FALSE,"ELEVATED",0,299,0.818617385352498,67
2.1,"4-40-13-2.1-12",12,0.000359281437125748,FALSE,"ELEVATED",0,367,1.00479123887748,12
3,"4-40-13-3-70",70,0.000263157894736842,FALSE,"ELEVATED",0,724,1.98220396988364,70
3.1,"4-40-13-3.1-61",61,0.000329341317365269,TRUE,"ELEVATED",0,372,1.01848049281314,NA
4,"4-40-13-4-104",104,0.000368421052631579,TRUE,"ELEVATED",0,582,1.59342915811088,NA
1,"4-40-14-1-104",104,0.000684210526315789,TRUE,"ELEVATED",0,1327,3.6331279945243,NA
1,"4-40-15-1-77",77,0.000210526315789474,FALSE,"ELEVATED",0,368,1.00752908966461,77
1.1,"4-40-15-1.1-35",35,0.00029940119760479,FALSE,"ELEVATED",0,553,1.51403148528405,35
2.1,"4-40-15-2.1-32",32,0.000269461077844311,FALSE,"ELEVATED",0,413,1.13073237508556,32
3.1,"4-40-15-3.1-20",20,0.00029940119760479,FALSE,"ELEVATED",0,27,0.0739219712525667,20
4.1,"4-40-15-4.1-29",29,0.000269461077844311,FALSE,"ELEVATED",0,273,0.747433264887064,29
5.1,"4-40-15-5.1-61",61,0.000329341317365269,TRUE,"ELEVATED",0,76,0.20807665982204,NA
6.1,"4-40-15-6.1-61",61,0.000359281437125748,TRUE,"ELEVATED",0,76,0.20807665982204,NA
1,"4-40-16-1-78",78,0.000289473684210526,FALSE,"ELEVATED",0,515,1.40999315537303,78
2,"4-40-16-2-78",78,0.000184210526315789,FALSE,"ELEVATED",0,515,1.40999315537303,78
3,"4-40-16-3-78",78,0.000184210526315789,FALSE,"ELEVATED",0,515,1.40999315537303,78
4,"4-40-16-4-78",78,0.000289473684210526,FALSE,"ELEVATED",0,515,1.40999315537303,78
5,"4-40-16-5-78",78,0.000263157894736842,FALSE,"ELEVATED",0,515,1.40999315537303,78
7,"4-40-16-7-104",104,0.000263157894736842,TRUE,"ELEVATED",0,547,1.49760438056126,NA
8,"4-40-16-8-89",89,0.000263157894736842,FALSE,"ELEVATED",0,85,0.232717316906229,89
1,"4-40-17-1-76",76,0.000289473684210526,FALSE,"ELEVATED",0,531,1.45379876796715,76
1.1,"4-40-17-1.1-35",35,0.000329341317365269,FALSE,"ELEVATED",0,794,2.17385352498289,35
2,"4-40-17-2-73",73,0.000210526315789474,FALSE,"ELEVATED",0,550,1.50581793292266,73
2.1,"4-40-17-2.1-48",48,0.000419161676646707,FALSE,"ELEVATED",0,1039,2.84462696783025,48
3,"4-40-17-3-104",104,0.000263157894736842,TRUE,"ELEVATED",0,729,1.9958932238193,NA
3.1,"4-40-17-3.1-52",52,0.000269461077844311,FALSE,"ELEVATED",0,70,0.191649555099247,52
4,"4-40-17-4-104",104,0.000289473684210526,TRUE,"ELEVATED",0,693,1.89733059548255,NA
4.1,"4-40-17-4.1-60",60,0.000329341317365269,FALSE,"ELEVATED",0,317,0.867898699520876,60
5.1,"4-40-17-5.1-61",61,0.000329341317365269,TRUE,"ELEVATED",0,76,0.20807665982204,NA
1,"4-40-18-1-104",104,0.000263157894736842,TRUE,"ELEVATED",0,1327,3.6331279945243,NA
2,"4-40-18-2-73",73,0.000184210526315789,FALSE,"ELEVATED",0,387,1.05954825462012,73
3,"4-40-18-3-73",73,0.000236842105263158,FALSE,"ELEVATED",0,387,1.05954825462012,73
4,"4-40-18-4-104",104,0.000842105263157895,TRUE,"ELEVATED",0,1327,3.6331279945243,NA
5,"4-40-18-5-76",76,0.000236842105263158,FALSE,"ELEVATED",0,481,1.31690622861054,76
1,"4-40-19-1-103",103,0.000657894736842105,FALSE,"ELEVATED",0,1348,3.69062286105407,103
1.1,"4-40-19-1.1-13",13,0.000329341317365269,FALSE,"ELEVATED",0,169,0.462696783025325,13
2,"4-40-19-2-99",99,0.000263157894736842,FALSE,"ELEVATED",0,1233,3.37577002053388,99
2.1,"4-40-19-2.1-56",56,0.000389221556886228,FALSE,"ELEVATED",0,425,1.16358658453114,56
3,"4-40-19-3-70",70,0.000236842105263158,FALSE,"ELEVATED",0,352,0.9637234770705,70
3.1,"4-40-19-3.1-61",61,0.000538922155688623,TRUE,"ELEVATED",0,168,0.459958932238193,NA
1,"4-40-21-1-79",79,0.000342105263157895,FALSE,"ELEVATED",0,464,1.2703627652293,79
1,"4-40-23-1-104",104,0.000289473684210526,TRUE,"ELEVATED",0,693,1.89733059548255,NA
1.1,"4-40-23-1.1-40",40,0.000538922155688623,FALSE,"ELEVATED",0,669,1.83162217659138,40
1,"4-40-24-1-74",74,0.000289473684210526,FALSE,"ELEVATED",0,421,1.15263518138261,74
2,"4-40-24-2-78",78,0.000315789473684211,FALSE,"ELEVATED",0,288,0.788501026694045,78
1,"4-40-26-1-78",78,0.000315789473684211,FALSE,"ELEVATED",0,288,0.788501026694045,78
1,"4-40-27-1-104",104,0.000236842105263158,TRUE,"ELEVATED",0,1100,3.01163586584531,NA
2,"4-40-27-2-104",104,0.000236842105263158,TRUE,"ELEVATED",0,1100,3.01163586584531,NA
1,"4-40-31-1-76",76,0.000236842105263158,FALSE,"ELEVATED",0,729,1.9958932238193,76
1.1,"4-40-31-1.1-61",61,0.00029940119760479,TRUE,"ELEVATED",0,198,0.542094455852156,NA
1,"4-40-32-1-75",75,0.000263157894736842,FALSE,"ELEVATED",0,450,1.23203285420945,75
1,"4-40-34-1-104",104,0.000236842105263158,TRUE,"ELEVATED",0,729,1.9958932238193,NA
1,"4-40-35-1-65",65,0.000315789473684211,FALSE,"ELEVATED",0,125,0.342231348391513,65
1,"4-40-36-1-104",104,0.000368421052631579,TRUE,"ELEVATED",0,1327,3.6331279945243,NA
2,"4-40-36-2-104",104,0.000315789473684211,TRUE,"ELEVATED",0,997,2.7296372347707,NA
1.1,"4-41-1-1.1-9",9,0.000329341317365269,FALSE,"ELEVATED",0,274,0.750171115674196,9
1,"4-41-2-1-69",69,0.000526315789473684,FALSE,"ELEVATED",0,186,0.509240246406571,69
2,"4-41-2-2-90",90,0.000315789473684211,FALSE,"ELEVATED",0,111,0.303901437371663,90
1.1,"4-41-3-1.1-8",8,0.00029940119760479,FALSE,"ELEVATED",0,120,0.328542094455852,8
1,"4-41-4-1-86",86,0.000315789473684211,FALSE,"ELEVATED",0,104,0.284736481861739,86
1.1,"4-41-5-1.1-9",9,0.000269461077844311,FALSE,"ELEVATED",0,274,0.750171115674196,9
1.1,"4-41-7-1.1-5",5,0.000748502994011976,FALSE,"ELEVATED",0,145,0.396988364134155,5
2.1,"4-41-7-2.1-12",12,0.000508982035928144,FALSE,"ELEVATED",0,191,0.522929500342231,12
3.1,"4-41-7-3.1-11",11,0.000449101796407186,FALSE,"ELEVATED",0,101,0.276522929500342,11
1.1,"4-41-9-1.1-31",31,0.000568862275449102,FALSE,"ELEVATED",0,1004,2.74880219028063,31
2.1,"4-41-9-2.1-9",9,0.000359281437125748,FALSE,"ELEVATED",0,274,0.750171115674196,9
3.1,"4-41-9-3.1-5",5,0.00029940119760479,FALSE,"ELEVATED",0,104,0.284736481861739,5
1,"4-41-11-1-85",85,0.000421052631578947,FALSE,"ELEVATED",0,111,0.303901437371663,85
1,"4-41-13-1-104",104,0.000684210526315789,TRUE,"ELEVATED",0,693,1.89733059548255,NA
1.1,"4-41-15-1.1-22",22,0.000329341317365269,FALSE,"ELEVATED",0,64,0.175222450376454,22
2.1,"4-41-15-2.1-40",40,0.000449101796407186,FALSE,"ELEVATED",0,40,0.109514031485284,40
1.1,"4-41-17-1.1-27",27,0.000359281437125748,FALSE,"ELEVATED",0,749,2.05065023956194,27
2.1,"4-41-17-2.1-9",9,0.000359281437125748,FALSE,"ELEVATED",0,156,0.427104722792608,9
3.1,"4-41-17-3.1-15",15,0.000209580838323353,FALSE,"ELEVATED",0,327,0.895277207392197,15
4.1,"4-41-17-4.1-24",24,0.000359281437125748,FALSE,"ELEVATED",0,119,0.32580424366872,24
5.1,"4-41-17-5.1-60",60,0.000269461077844311,FALSE,"ELEVATED",0,409,1.11978097193703,60
1.1,"4-41-19-1.1-48",48,0.000359281437125748,FALSE,"ELEVATED",0,692,1.89459274469541,48
1.1,"4-41-23-1.1-61",61,0.000329341317365269,FALSE,"ELEVATED",0,1169,3.20054757015743,61
1,"4-41-30-1-101",101,0.000236842105263158,FALSE,"ELEVATED",0,766,2.09719370294319,101
2,"4-41-30-2-104",104,0.000526315789473684,TRUE,"ELEVATED",0,436,1.1937029431896,NA
1,"4-41-31-1-87",87,0.000210526315789474,FALSE,"ELEVATED",0,2076,5.68377823408624,87
2,"4-41-31-2-104",104,0.00081578947368421,TRUE,"ELEVATED",0,436,1.1937029431896,NA
1,"4-41-32-1-104",104,0.000763157894736842,TRUE,"ELEVATED",0,436,1.1937029431896,NA
1,"4-41-33-1-104",104,0.000421052631578947,TRUE,"ELEVATED",0,394,1.07871321013005,NA
1,"4-42-1-1-92",92,0.000236842105263158,FALSE,"ELEVATED",0,2268,6.20944558521561,92
1.1,"4-42-1-1.1-27",27,0.000419161676646707,FALSE,"ELEVATED",0,593,1.62354551676934,27
2,"4-42-1-2-104",104,0.000184210526315789,TRUE,"ELEVATED",0,2546,6.97056810403833,NA
2.1,"4-42-1-2.1-31",31,0.000329341317365269,FALSE,"ELEVATED",0,696,1.90554414784394,31
3.1,"4-42-1-3.1-26",26,0.00029940119760479,FALSE,"ELEVATED",0,528,1.44558521560575,26
4.1,"4-42-1-4.1-43",43,0.000239520958083832,FALSE,"ELEVATED",0,1096,3.00068446269678,43
5.1,"4-42-1-5.1-61",61,0.00092814371257485,TRUE,"ELEVATED",0,1246,3.4113620807666,NA
6.1,"4-42-1-6.1-61",61,0.000329341317365269,TRUE,"ELEVATED",0,1169,3.20054757015743,NA
1.1,"4-42-3-1.1-6",6,0.000479041916167665,FALSE,"ELEVATED",0,176,0.48186173853525,6
2.1,"4-42-3-2.1-7",7,0.000479041916167665,FALSE,"ELEVATED",0,86,0.235455167693361,7
3.1,"4-42-3-3.1-38",38,0.000269461077844311,FALSE,"ELEVATED",0,224,0.613278576317591,38
4.1,"4-42-3-4.1-43",43,0.00029940119760479,FALSE,"ELEVATED",0,176,0.48186173853525,43
1,"4-42-5-1-104",104,0.000973684210526316,TRUE,"ELEVATED",0,2996,8.20260095824777,NA
1.1,"4-42-5-1.1-10",10,0.000838323353293413,FALSE,"ELEVATED",0,308,0.843258042436687,10
2,"4-42-5-2-71",71,0.000368421052631579,FALSE,"ELEVATED",0,578,1.58247775496235,71
2.1,"4-42-5-2.1-10",10,0.000538922155688623,FALSE,"ELEVATED",0,70,0.191649555099247,10
3.1,"4-42-5-3.1-25",25,0.000329341317365269,FALSE,"ELEVATED",0,367,1.00479123887748,25
4.1,"4-42-5-4.1-61",61,0.000988023952095808,TRUE,"ELEVATED",0,1619,4.43258042436687,NA
5.1,"4-42-5-5.1-61",61,0.000449101796407186,TRUE,"ELEVATED",0,1169,3.20054757015743,NA
6.1,"4-42-5-6.1-61",61,0.000359281437125748,TRUE,"ELEVATED",0,198,0.542094455852156,NA
1.1,"4-42-7-1.1-11",11,0.000269461077844311,FALSE,"ELEVATED",0,339,0.928131416837782,11
2.1,"4-42-7-2.1-4",4,0.000179640718562874,FALSE,"ELEVATED",0,118,0.323066392881588,4
3.1,"4-42-7-3.1-9",9,0.000239520958083832,FALSE,"ELEVATED",0,274,0.750171115674196,9
4.1,"4-42-7-4.1-9",9,0.000239520958083832,FALSE,"ELEVATED",0,274,0.750171115674196,9
5.1,"4-42-7-5.1-14",14,0.000419161676646707,FALSE,"ELEVATED",0,323,0.884325804243669,14
6.1,"4-42-7-6.1-55",55,0.000329341317365269,FALSE,"ELEVATED",0,1595,4.3668720054757,55
1.1,"4-42-9-1.1-13",13,0.000329341317365269,FALSE,"ELEVATED",0,169,0.462696783025325,13
2.1,"4-42-9-2.1-32",32,0.00029940119760479,FALSE,"ELEVATED",0,766,2.09719370294319,32
1.1,"4-42-11-1.1-11",11,0.00182634730538922,FALSE,"ELEVATED",0,339,0.928131416837782,11
1.1,"4-42-13-1.1-21",21,0.000344311377245509,FALSE,"ELEVATED",0,350,0.958247775496235,21
1.1,"4-42-15-1.1-9",9,0.000359281437125748,FALSE,"ELEVATED",0,274,0.750171115674196,9
2.1,"4-42-15-2.1-8",8,0.000508982035928144,FALSE,"ELEVATED",0,197,0.539356605065024,8
3.1,"4-42-15-3.1-27",27,0.000538922155688623,FALSE,"ELEVATED",0,528,1.44558521560575,27
4.1,"4-42-15-4.1-23",23,0.000658682634730539,FALSE,"ELEVATED",0,406,1.11156741957563,23
1,"4-42-16-1-104",104,0.000315789473684211,TRUE,"ELEVATED",0,1327,3.6331279945243,NA
2,"4-42-16-2-104",104,0.000342105263157895,TRUE,"ELEVATED",0,1327,3.6331279945243,NA
3,"4-42-16-3-78",78,0.000315789473684211,FALSE,"ELEVATED",0,94,0.257357973990418,78
1,"4-42-17-1-104",104,0.000236842105263158,TRUE,"ELEVATED",0,80,0.219028062970568,NA
1.1,"4-42-17-1.1-8",8,0.000748502994011976,FALSE,"ELEVATED",0,238,0.65160848733744,8
2.1,"4-42-17-2.1-21",21,0.000688622754491018,FALSE,"ELEVATED",0,689,1.88637919233402,21
3.1,"4-42-17-3.1-13",13,0.000868263473053892,FALSE,"ELEVATED",0,330,0.903490759753593,13
4.1,"4-42-17-4.1-13",13,0.000359281437125748,FALSE,"ELEVATED",0,262,0.717316906228611,13
5.1,"4-42-17-5.1-13",13,0.000329341317365269,FALSE,"ELEVATED",0,203,0.555783709787817,13
6.1,"4-42-17-6.1-21",21,0.000538922155688623,FALSE,"ELEVATED",0,415,1.13620807665982,21
7.1,"4-42-17-7.1-21",21,0.00029940119760479,FALSE,"ELEVATED",0,415,1.13620807665982,21
8.1,"4-42-17-8.1-57",57,0.000359281437125748,FALSE,"ELEVATED",0,225,0.616016427104723,57
9.1,"4-42-17-9.1-56",56,0.000329341317365269,FALSE,"ELEVATED",0,195,0.53388090349076,56
1.1,"4-42-19-1.1-20",20,0.00062874251497006,FALSE,"ELEVATED",0,346,0.947296372347707,20
2.1,"4-42-19-2.1-20",20,0.000329341317365269,FALSE,"ELEVATED",0,346,0.947296372347707,20
3.1,"4-42-19-3.1-19",19,0.000329341317365269,FALSE,"ELEVATED",0,319,0.87337440109514,19
4.1,"4-42-19-4.1-13",13,0.000389221556886228,FALSE,"ELEVATED",0,99,0.271047227926078,13
5.1,"4-42-19-5.1-23",23,0.00029940119760479,FALSE,"ELEVATED",0,118,0.323066392881588,23
1,"4-42-20-1-79",79,0.000263157894736842,FALSE,"ELEVATED",0,548,1.50034223134839,79
2,"4-42-20-2-104",104,0.000921052631578947,TRUE,"ELEVATED",0,751,2.05612594113621,NA
1,"4-42-22-1-104",104,0.000236842105263158,TRUE,"ELEVATED",0,59,0.161533196440794,NA
1,"4-42-23-1-79",79,0.000236842105263158,FALSE,"ELEVATED",0,521,1.42642026009582,79
1.1,"4-42-23-1.1-13",13,0.00029940119760479,FALSE,"ELEVATED",0,203,0.555783709787817,13
2.1,"4-42-23-2.1-36",36,0.000389221556886228,FALSE,"ELEVATED",0,772,2.11362080766598,36
2.1,"4-42-23-2.1-61",61,0.000389221556886228,TRUE,"ELEVATED",0,1766,4.83504449007529,NA
3.1,"4-42-23-3.1-38",38,0.00029940119760479,FALSE,"ELEVATED",0,510,1.39630390143737,38
1.1,"4-42-25-1.1-57",57,0.000389221556886228,FALSE,"ELEVATED",0,1451,3.97262149212868,57
2.1,"4-42-25-2.1-55",55,0.00029940119760479,FALSE,"ELEVATED",0,1289,3.52908966461328,55
3.1,"4-42-25-3.1-43",43,0.00029940119760479,FALSE,"ELEVATED",0,824,2.25598904859685,43
1,"4-42-27-1-77",77,0.000368421052631579,FALSE,"ELEVATED",0,409,1.11978097193703,77
1.1,"4-42-27-1.1-40",40,0.000419161676646707,FALSE,"ELEVATED",0,716,1.96030116358658,40
2.1,"4-42-27-2.1-36",36,0.00029940119760479,FALSE,"ELEVATED",0,552,1.51129363449692,36
3.1,"4-42-27-3.1-61",61,0.000568862275449102,TRUE,"ELEVATED",0,198,0.542094455852156,NA
1.1,"4-42-29-1.1-26",26,0.000389221556886228,FALSE,"ELEVATED",0,182,0.498288843258042,26
1.1,"4-42-31-1.1-46",46,0.000988023952095808,FALSE,"ELEVATED",0,1211,3.31553730321697,46
2.1,"4-42-31-2.1-19",19,0.000359281437125748,FALSE,"ELEVATED",0,260,0.711841204654346,19
3.1,"4-42-31-3.1-19",19,0.00029940119760479,FALSE,"ELEVATED",0,260,0.711841204654346,19
4.1,"4-42-31-4.1-18",18,0.000359281437125748,FALSE,"ELEVATED",0,77,0.210814510609172,18
5.1,"4-42-31-5.1-18",18,0.000359281437125748,FALSE,"ELEVATED",0,77,0.210814510609172,18
6.1,"4-42-31-6.1-26",26,0.000568862275449102,FALSE,"ELEVATED",0,256,0.700889801505818,26
7.1,"4-42-31-7.1-26",26,0.000389221556886228,FALSE,"ELEVATED",0,209,0.572210814510609,26
1,"4-42-33-1-104",104,0.000236842105263158,TRUE,"ELEVATED",0,1840,5.03764544832307,NA
1.1,"4-42-33-1.1-46",46,0.000658682634730539,FALSE,"ELEVATED",0,1211,3.31553730321697,46
2,"4-42-33-2-82",82,0.000236842105263158,FALSE,"ELEVATED",0,1147,3.14031485284052,82
2.1,"4-42-33-2.1-21",21,0.000239520958083832,FALSE,"ELEVATED",0,282,0.772073921971253,21
3,"4-42-33-3-104",104,0.000236842105263158,TRUE,"ELEVATED",0,1575,4.31211498973306,NA
3.1,"4-42-33-3.1-61",61,0.000389221556886228,TRUE,"ELEVATED",0,463,1.26762491444216,NA
4,"4-42-33-4-104",104,0.000210526315789474,TRUE,"ELEVATED",0,1575,4.31211498973306,NA
4.1,"4-42-33-4.1-61",61,0.00029940119760479,TRUE,"ELEVATED",0,463,1.26762491444216,NA
5,"4-42-33-5-104",104,0.000184210526315789,TRUE,"ELEVATED",0,1575,4.31211498973306,NA
5.1,"4-42-33-5.1-61",61,0.00029940119760479,FALSE,"ELEVATED",0,198,0.542094455852156,61
1,"4-42-34-1-104",104,0.000236842105263158,TRUE,"ELEVATED",0,1327,3.6331279945243,NA
2,"4-42-34-2-104",104,0.000289473684210526,TRUE,"ELEVATED",0,1181,3.23340177960301,NA
1,"4-42-35-1-83",83,0.000289473684210526,FALSE,"ELEVATED",0,676,1.8507871321013,83
2,"4-42-35-2-83",83,0.000289473684210526,FALSE,"ELEVATED",0,676,1.8507871321013,83
3,"4-42-35-3-104",104,0.000263157894736842,TRUE,"ELEVATED",0,1327,3.6331279945243,NA
4,"4-42-35-4-104",104,0.000263157894736842,TRUE,"ELEVATED",0,1327,3.6331279945243,NA
5,"4-42-35-5-77",77,0.000315789473684211,FALSE,"ELEVATED",0,493,1.34976043805613,77
1.1,"4-43-1-1.1-9",9,0.000449101796407186,FALSE,"ELEVATED",1,233,0.63791923340178,9
2.1,"4-43-1-2.1-4",4,0.000389221556886228,FALSE,"ELEVATED",1,41,0.112251882272416,4
1,"4-43-2-1-67",67,0.000263157894736842,FALSE,"ELEVATED",1,173,0.473648186173854,67
2,"4-43-2-2-67",67,0.000289473684210526,FALSE,"ELEVATED",1,173,0.473648186173854,67
1,"4-43-3-1-81",81,0.000263157894736842,FALSE,"ELEVATED",1,50,0.136892539356605,81
1.1,"4-43-3-1.1-7",7,0.000419161676646707,FALSE,"ELEVATED",1,127,0.347707049965777,7
2.1,"4-43-3-2.1-12",12,0.000329341317365269,FALSE,"ELEVATED",1,129,0.353182751540041,12
3.1,"4-43-3-3.1-25",25,0.00164670658682635,FALSE,"ELEVATED",1,500,1.36892539356605,25
4.1,"4-43-3-4.1-47",47,0.000269461077844311,FALSE,"ELEVATED",1,182,0.498288843258042,47
2,"4-43-4-2-100",100,0.000447368421052632,FALSE,"ELEVATED",1,431,1.18001368925394,100
3,"4-43-4-3-103",103,0.000289473684210526,FALSE,"ELEVATED",1,518,1.41820670773443,103
1,"4-43-5-1-83",83,0.000210526315789474,FALSE,"ELEVATED",1,100,0.27378507871321,83
1.1,"4-43-5-1.1-13",13,0.00062874251497006,FALSE,"ELEVATED",1,366,1.00205338809035,13
1,"4-43-6-1-104",104,0.000526315789473684,TRUE,"ELEVATED",1,729,1.9958932238193,NA
1,"4-43-7-1-67",67,0.000289473684210526,FALSE,"ELEVATED",1,223,0.610540725530459,67
1.1,"4-43-7-1.1-45",45,0.000838323353293413,FALSE,"ELEVATED",1,1346,3.68514715947981,45
2,"4-43-7-2-68",68,0.000263157894736842,FALSE,"ELEVATED",1,277,0.758384668035592,68
2.1,"4-43-7-2.1-46",46,0.000838323353293413,FALSE,"ELEVATED",1,1346,3.68514715947981,46
3,"4-43-7-3-104",104,0.000368421052631579,TRUE,"ELEVATED",1,729,1.9958932238193,NA
3.1,"4-43-7-3.1-11",11,0.000389221556886228,FALSE,"ELEVATED",1,101,0.276522929500342,11
4,"4-43-7-4-104",104,0.000394736842105263,TRUE,"ELEVATED",1,729,1.9958932238193,NA
4.1,"4-43-7-4.1-11",11,0.000329341317365269,FALSE,"ELEVATED",1,65,0.177960301163587,11
5.1,"4-43-7-5.1-11",11,0.000359281437125748,FALSE,"ELEVATED",1,65,0.177960301163587,11
6.1,"4-43-7-6.1-19",19,0.000329341317365269,FALSE,"ELEVATED",1,353,0.966461327857632,19
7.1,"4-43-7-7.1-19",19,0.000269461077844311,FALSE,"ELEVATED",1,288,0.788501026694045,19
8.1,"4-43-7-8.1-19",19,0.000419161676646707,FALSE,"ELEVATED",1,97,0.265571526351814,19
9.1,"4-43-7-9.1-19",19,0.000329341317365269,FALSE,"ELEVATED",1,73,0.199863107460643,19
1.1,"4-43-9-1.1-29",29,0.000329341317365269,FALSE,"ELEVATED",1,689,1.88637919233402,29
2.1,"4-43-9-2.1-21",21,0.000269461077844311,FALSE,"ELEVATED",1,350,0.958247775496235,21
3.1,"4-43-9-3.1-20",20,0.000329341317365269,FALSE,"ELEVATED",1,315,0.862422997946612,20
4.1,"4-43-9-4.1-18",18,0.000239520958083832,FALSE,"ELEVATED",1,241,0.659822039698836,18
5.1,"4-43-9-5.1-61",61,0.000359281437125748,TRUE,"ELEVATED",1,393,1.07597535934292,NA
6.1,"4-43-9-6.1-59",59,0.00029940119760479,FALSE,"ELEVATED",1,191,0.522929500342231,59
1,"4-43-10-1-90",90,0.000210526315789474,FALSE,"ELEVATED",1,891,2.4394250513347,90
1,"4-43-11-1-76",76,0.000263157894736842,FALSE,"ELEVATED",1,2396,6.55989048596851,76
1.1,"4-43-11-1.1-46",46,0.000568862275449102,FALSE,"ELEVATED",1,1242,3.40041067761807,46
2,"4-43-11-2-76",76,0.000263157894736842,FALSE,"ELEVATED",1,1118,3.06091718001369,76
2.1,"4-43-11-2.1-24",24,0.000359281437125748,FALSE,"ELEVATED",1,465,1.27310061601643,24
3,"4-43-11-3-70",70,0.000263157894736842,FALSE,"ELEVATED",1,939,2.57084188911704,70
3.1,"4-43-11-3.1-61",61,0.000508982035928144,TRUE,"ELEVATED",1,1865,5.10609171800137,NA
4.1,"4-43-11-4.1-26",26,0.000479041916167665,FALSE,"ELEVATED",1,528,1.44558521560575,26
5.1,"4-43-11-5.1-26",26,0.000389221556886228,FALSE,"ELEVATED",1,528,1.44558521560575,26
6.1,"4-43-11-6.1-61",61,0.000269461077844311,TRUE,"ELEVATED",1,168,0.459958932238193,NA
1,"4-43-12-1-72",72,0.000289473684210526,FALSE,"ELEVATED",1,358,0.980150581793292,72
1.1,"4-43-13-1.1-56",56,0.000269461077844311,FALSE,"ELEVATED",1,195,0.53388090349076,56
2.1,"4-43-13-2.1-56",56,0.00029940119760479,FALSE,"ELEVATED",1,195,0.53388090349076,56
1.1,"4-43-15-1.1-40",40,0.000568862275449102,FALSE,"ELEVATED",1,766,2.09719370294319,40
2.1,"4-43-15-2.1-20",20,0.000419161676646707,FALSE,"ELEVATED",1,100,0.27378507871321,20
3.1,"4-43-15-3.1-45",45,0.000479041916167665,FALSE,"ELEVATED",1,482,1.31964407939767,45
4.1,"4-43-15-4.1-53",53,0.000329341317365269,FALSE,"ELEVATED",1,729,1.9958932238193,53
1,"4-43-16-1-104",104,0.000289473684210526,TRUE,"ELEVATED",1,729,1.9958932238193,NA
1,"4-43-17-1-104",104,0.000236842105263158,TRUE,"ELEVATED",1,751,2.05612594113621,NA
2,"4-43-17-2-104",104,0.000368421052631579,TRUE,"ELEVATED",1,751,2.05612594113621,NA
1,"4-43-18-1-104",104,0.000315789473684211,FALSE,"ELEVATED",1,906,2.48049281314168,104
1,"4-43-19-1-82",82,0.000394736842105263,FALSE,"ELEVATED",1,58,0.158795345653662,82
1,"4-43-25-1-104",104,0.000447368421052632,FALSE,"ELEVATED",1,608,1.66461327857632,104
1.1,"4-43-25-1.1-26",26,0.000269461077844311,FALSE,"ELEVATED",1,497,1.36071184120465,26
1,"4-44-1-1-104",104,0.000342105263157895,TRUE,"ELEVATED",1,1377,3.7700205338809,NA
1.1,"4-44-1-1.1-6",6,0.000838323353293413,FALSE,"ELEVATED",1,176,0.48186173853525,6
2,"4-44-1-2-96",96,0.000342105263157895,FALSE,"ELEVATED",1,519,1.42094455852156,96
2.1,"4-44-1-2.1-7",7,0.000329341317365269,FALSE,"ELEVATED",1,163,0.446269678302533,7
3,"4-44-1-3-104",104,0.000684210526315789,TRUE,"ELEVATED",1,232,0.635181382614648,NA
3.1,"4-44-1-3.1-9",9,0.000419161676646707,FALSE,"ELEVATED",1,98,0.268309377138946,9
4,"4-44-1-4-104",104,0.000210526315789474,TRUE,"ELEVATED",1,59,0.161533196440794,NA
4.1,"4-44-1-4.1-9",9,0.000329341317365269,FALSE,"ELEVATED",1,98,0.268309377138946,9
5.1,"4-44-1-5.1-21",21,0.000329341317365269,FALSE,"ELEVATED",1,282,0.772073921971253,21
6.1,"4-44-1-6.1-21",21,0.00029940119760479,FALSE,"ELEVATED",1,186,0.509240246406571,21
7.1,"4-44-1-7.1-21",21,0.00029940119760479,FALSE,"ELEVATED",1,159,0.435318275154004,21
1,"4-44-2-1-104",104,0.000394736842105263,TRUE,"ELEVATED",1,1327,3.6331279945243,NA
1,"4-44-3-1-78",78,0.000263157894736842,FALSE,"ELEVATED",1,2500,6.84462696783025,78
1.1,"4-44-3-1.1-9",9,0.00161676646706587,FALSE,"ELEVATED",1,274,0.750171115674196,9
2.1,"4-44-3-2.1-9",9,0.000568862275449102,FALSE,"ELEVATED",1,274,0.750171115674196,9
3.1,"4-44-3-3.1-6",6,0.000449101796407186,FALSE,"ELEVATED",1,176,0.48186173853525,6
4.1,"4-44-3-4.1-9",9,0.000538922155688623,FALSE,"ELEVATED",1,274,0.750171115674196,9
5.1,"4-44-3-5.1-8",8,0.000479041916167665,FALSE,"ELEVATED",1,238,0.65160848733744,8
6.1,"4-44-3-6.1-6",6,0.000419161676646707,FALSE,"ELEVATED",1,176,0.48186173853525,6
7.1,"4-44-3-7.1-6",6,0.000329341317365269,FALSE,"ELEVATED",1,135,0.369609856262834,6
8.1,"4-44-3-8.1-11",11,0.000359281437125748,FALSE,"ELEVATED",1,101,0.276522929500342,11
9.1,"4-44-3-9.1-61",61,0.000389221556886228,TRUE,"ELEVATED",1,1935,5.29774127310062,NA
10.1,"4-44-3-10.1-20",20,0.000269461077844311,FALSE,"ELEVATED",1,151,0.413415468856947,20
1.1,"4-44-5-1.1-9",9,0.000419161676646707,FALSE,"ELEVATED",1,274,0.750171115674196,9
2.1,"4-44-5-2.1-6",6,0.000329341317365269,FALSE,"ELEVATED",1,135,0.369609856262834,6
1,"4-44-6-1-104",104,5e-04,TRUE,"ELEVATED",1,59,0.161533196440794,NA
1,"4-44-7-1-104",104,0.000605263157894737,TRUE,"ELEVATED",1,59,0.161533196440794,NA
1.1,"4-44-7-1.1-11",11,0.000359281437125748,FALSE,"ELEVATED",1,339,0.928131416837782,11
2.1,"4-44-7-2.1-6",6,0.00062874251497006,FALSE,"ELEVATED",1,176,0.48186173853525,6
3.1,"4-44-7-3.1-6",6,0.000449101796407186,FALSE,"ELEVATED",1,99,0.271047227926078,6
4.1,"4-44-7-4.1-21",21,0.000359281437125748,FALSE,"ELEVATED",1,451,1.23477070499658,21
5.1,"4-44-7-5.1-37",37,0.000359281437125748,FALSE,"ELEVATED",1,196,0.536618754277892,37
6.1,"4-44-7-6.1-40",40,0.000359281437125748,FALSE,"ELEVATED",1,40,0.109514031485284,40
1.1,"4-44-9-1.1-4",4,0.000479041916167665,FALSE,"ELEVATED",1,118,0.323066392881588,4
2.1,"4-44-9-2.1-11",11,0.000389221556886228,FALSE,"ELEVATED",1,221,0.605065023956194,11
3.1,"4-44-9-3.1-30",30,0.00062874251497006,FALSE,"ELEVATED",1,682,1.86721423682409,30
4.1,"4-44-9-4.1-40",40,0.000329341317365269,FALSE,"ELEVATED",1,340,0.930869267624914,40
1,"4-44-11-1-103",103,0.000289473684210526,FALSE,"ELEVATED",1,911,2.49418206707734,103
1.1,"4-44-11-1.1-6",6,0.000329341317365269,FALSE,"ELEVATED",1,176,0.48186173853525,6
1,"4-44-12-1-104",104,0.000236842105263158,TRUE,"ELEVATED",1,436,1.1937029431896,NA
1.1,"4-44-13-1.1-15",15,0.000419161676646707,FALSE,"ELEVATED",1,136,0.372347707049966,15
1,"4-44-14-1-66",66,0.000368421052631579,FALSE,"ELEVATED",1,146,0.399726214921287,66
1,"4-44-16-1-66",66,0.000289473684210526,FALSE,"ELEVATED",1,146,0.399726214921287,66
2,"4-44-16-2-104",104,0.000342105263157895,TRUE,"ELEVATED",1,729,1.9958932238193,NA
1,"4-44-17-1-101",101,0.000315789473684211,FALSE,"ELEVATED",1,1495,4.09308692676249,101
1.1,"4-44-17-1.1-9",9,0.000329341317365269,FALSE,"ELEVATED",1,98,0.268309377138946,9
2,"4-44-17-2-104",104,0.000289473684210526,TRUE,"ELEVATED",1,1327,3.6331279945243,NA
2.1,"4-44-17-2.1-10",10,0.000359281437125748,FALSE,"ELEVATED",1,34,0.0930869267624914,10
3.1,"4-44-17-3.1-22",22,0.000479041916167665,FALSE,"ELEVATED",1,311,0.851471594798084,22
4.1,"4-44-17-4.1-40",40,0.000658682634730539,FALSE,"ELEVATED",1,40,0.109514031485284,40
5.1,"4-44-17-5.1-61",61,0.000389221556886228,TRUE,"ELEVATED",1,198,0.542094455852156,NA
1,"4-44-18-1-69",69,0.000315789473684211,FALSE,"ELEVATED",1,243,0.665297741273101,69
2,"4-44-18-2-104",104,0.000315789473684211,TRUE,"ELEVATED",1,651,1.782340862423,NA
3,"4-44-18-3-104",104,0.000289473684210526,TRUE,"ELEVATED",1,651,1.782340862423,NA
4,"4-44-18-4-104",104,0.000368421052631579,TRUE,"ELEVATED",1,436,1.1937029431896,NA
5,"4-44-18-5-104",104,0.000315789473684211,TRUE,"ELEVATED",1,59,0.161533196440794,NA
1.1,"4-44-19-1.1-13",13,0.000269461077844311,FALSE,"ELEVATED",1,99,0.271047227926078,13
2.1,"4-44-19-2.1-33",33,0.000389221556886228,FALSE,"ELEVATED",1,542,1.4839151266256,33
3.1,"4-44-19-3.1-21",21,0.000209580838323353,FALSE,"ELEVATED",1,159,0.435318275154004,21
4.1,"4-44-19-4.1-21",21,0.000239520958083832,FALSE,"ELEVATED",1,159,0.435318275154004,21
5.1,"4-44-19-5.1-21",21,0.00029940119760479,FALSE,"ELEVATED",1,109,0.298425735797399,21
6.1,"4-44-19-6.1-61",61,0.000269461077844311,TRUE,"ELEVATED",1,168,0.459958932238193,NA
7.1,"4-44-19-7.1-61",61,0.000329341317365269,TRUE,"ELEVATED",1,168,0.459958932238193,NA
1,"4-44-21-1-76",76,0.000263157894736842,FALSE,"ELEVATED",1,607,1.66187542778919,76
1.1,"4-44-21-1.1-16",16,0.000479041916167665,FALSE,"ELEVATED",1,256,0.700889801505818,16
2,"4-44-21-2-76",76,0.000236842105263158,FALSE,"ELEVATED",1,607,1.66187542778919,76
2.1,"4-44-21-2.1-21",21,0.000389221556886228,FALSE,"ELEVATED",1,159,0.435318275154004,21
3,"4-44-21-3-103",103,0.000263157894736842,FALSE,"ELEVATED",1,365,0.999315537303217,103
3.1,"4-44-21-3.1-61",61,0.000359281437125748,TRUE,"ELEVATED",1,76,0.20807665982204,NA
4.1,"4-44-21-4.1-61",61,0.00029940119760479,TRUE,"ELEVATED",1,76,0.20807665982204,NA
1,"4-44-22-1-104",104,0.000236842105263158,TRUE,"ELEVATED",1,59,0.161533196440794,NA
1,"4-44-23-1-79",79,0.000289473684210526,FALSE,"ELEVATED",1,674,1.84531143052704,79
1.1,"4-44-23-1.1-21",21,0.000359281437125748,FALSE,"ELEVATED",1,415,1.13620807665982,21
2.1,"4-44-23-2.1-61",61,0.000329341317365269,TRUE,"ELEVATED",1,76,0.20807665982204,NA
3.1,"4-44-23-3.1-61",61,0.000269461077844311,TRUE,"ELEVATED",1,76,0.20807665982204,NA
1,"4-44-24-1-104",104,5e-04,TRUE,"ELEVATED",1,1327,3.6331279945243,NA
2,"4-44-24-2-104",104,0.000263157894736842,TRUE,"ELEVATED",1,1327,3.6331279945243,NA
1,"4-44-25-1-76",76,0.000315789473684211,FALSE,"ELEVATED",1,481,1.31690622861054,76
2,"4-44-25-2-76",76,0.000289473684210526,FALSE,"ELEVATED",1,481,1.31690622861054,76
2,"4-44-26-2-103",103,0.000263157894736842,FALSE,"ELEVATED",1,722,1.97672826830938,103
3,"4-44-26-3-104",104,0.000263157894736842,TRUE,"ELEVATED",1,751,2.05612594113621,NA
1,"4-45-1-1-103",103,0.000684210526315789,FALSE,"ELEVATED",1,722,1.97672826830938,103
1.1,"4-45-1-1.1-56",56,0.000389221556886228,FALSE,"ELEVATED",1,195,0.53388090349076,56
2,"4-45-1-2-98",98,0.00136842105263158,FALSE,"ELEVATED",1,585,1.60164271047228,98
3,"4-45-1-3-85",85,0.000263157894736842,FALSE,"ELEVATED",1,147,0.402464065708419,85
4,"4-45-1-4-104",104,0.000289473684210526,TRUE,"ELEVATED",1,355,0.971937029431896,NA
5,"4-45-1-5-104",104,0.000973684210526316,TRUE,"ELEVATED",1,166,0.454483230663929,NA
6,"4-45-1-6-104",104,0.000236842105263158,TRUE,"ELEVATED",1,59,0.161533196440794,NA
1,"4-45-2-1-87",87,0.00123684210526316,FALSE,"ELEVATED",1,233,0.63791923340178,87
2,"4-45-2-2-90",90,0.000473684210526316,FALSE,"ELEVATED",1,293,0.802190280629706,90
1,"4-45-3-1-104",104,0.00186842105263158,TRUE,"ELEVATED",1,729,1.9958932238193,NA
1.1,"4-45-3-1.1-30",30,0.000389221556886228,FALSE,"ELEVATED",1,915,2.50513347022587,30
2,"4-45-3-2-100",100,0.000289473684210526,FALSE,"ELEVATED",1,431,1.18001368925394,100
3,"4-45-3-3-104",104,0.000394736842105263,TRUE,"ELEVATED",1,166,0.454483230663929,NA
1,"4-45-4-1-70",70,0.000236842105263158,FALSE,"ELEVATED",1,302,0.826830937713895,70
2,"4-45-4-2-70",70,0.000263157894736842,FALSE,"ELEVATED",1,302,0.826830937713895,70
1,"4-45-5-1-76",76,0.000289473684210526,FALSE,"ELEVATED",1,211,0.577686516084873,76
1.1,"4-45-5-1.1-12",12,0.000389221556886228,FALSE,"ELEVATED",1,290,0.793976728268309,12
2.1,"4-45-5-2.1-45",45,0.000568862275449102,FALSE,"ELEVATED",1,118,0.323066392881588,45
3.1,"4-45-5-3.1-45",45,0.000419161676646707,FALSE,"ELEVATED",1,118,0.323066392881588,45
1.1,"4-45-7-1.1-24",24,0.000598802395209581,FALSE,"ELEVATED",1,773,2.11635865845311,24
2.1,"4-45-7-2.1-45",45,0.000718562874251497,FALSE,"ELEVATED",1,450,1.23203285420945,45
3.1,"4-45-7-3.1-61",61,0.000598802395209581,TRUE,"ELEVATED",1,463,1.26762491444216,NA
4.1,"4-45-7-4.1-61",61,0.00029940119760479,TRUE,"ELEVATED",1,372,1.01848049281314,NA
1.1,"4-45-9-1.1-12",12,0.000508982035928144,FALSE,"ELEVATED",1,191,0.522929500342231,12
2.1,"4-45-9-2.1-20",20,0.00029940119760479,FALSE,"ELEVATED",1,100,0.27378507871321,20
3.1,"4-45-9-3.1-61",61,0.000209580838323353,TRUE,"ELEVATED",1,304,0.832306639288159,NA
1,"4-45-11-1-74",74,0.000289473684210526,FALSE,"ELEVATED",1,669,1.83162217659138,74
1.1,"4-45-11-1.1-13",13,0.000359281437125748,FALSE,"ELEVATED",1,40,0.109514031485284,13
2.1,"4-45-11-2.1-61",61,0.00029940119760479,TRUE,"ELEVATED",1,198,0.542094455852156,NA
3.1,"4-45-11-3.1-61",61,0.000239520958083832,TRUE,"ELEVATED",1,198,0.542094455852156,NA
1,"4-45-12-1-104",104,0.000236842105263158,TRUE,"ELEVATED",1,1327,3.6331279945243,NA
1,"4-45-14-1-104",104,0.000263157894736842,TRUE,"ELEVATED",1,1327,3.6331279945243,NA
1,"4-45-15-1-73",73,0.000236842105263158,FALSE,"ELEVATED",1,635,1.73853524982888,73
1.1,"4-45-15-1.1-45",45,0.00062874251497006,FALSE,"ELEVATED",1,322,0.881587953456537,45
2,"4-45-15-2-73",73,0.000289473684210526,FALSE,"ELEVATED",1,635,1.73853524982888,73
2.1,"4-45-15-2.1-61",61,0.000359281437125748,TRUE,"ELEVATED",1,198,0.542094455852156,NA
3,"4-45-15-3-104",104,0.00134210526315789,TRUE,"ELEVATED",1,436,1.1937029431896,NA
4,"4-45-15-4-104",104,0.000315789473684211,TRUE,"ELEVATED",1,59,0.161533196440794,NA
1.1,"4-45-17-1.1-45",45,0.000479041916167665,FALSE,"ELEVATED",1,343,0.939082819986311,45
1,"4-45-19-1-103",103,0.00121052631578947,FALSE,"ELEVATED",1,700,1.91649555099247,103
1.1,"4-45-19-1.1-41",41,0.000658682634730539,FALSE,"ELEVATED",1,336,0.919917864476386,41
1,"4-45-20-1-104",104,0.00157894736842105,TRUE,"ELEVATED",1,779,2.13278576317591,NA
1,"4-45-21-1-104",104,0.000763157894736842,TRUE,"ELEVATED",1,834,2.28336755646817,NA
1,"4-45-22-1-89",89,5e-04,FALSE,"ELEVATED",1,289,0.791238877481177,89
1,"4-45-23-1-101",101,0.000605263157894737,FALSE,"ELEVATED",1,671,1.83709787816564,101
1,"4-45-34-1-104",104,0.000473684210526316,TRUE,"ELEVATED",1,80,0.219028062970568,NA
1,"4-46-1-1-68",68,0.000315789473684211,FALSE,"ELEVATED",1,353,0.966461327857632,68
1.1,"4-46-1-1.1-10",10,0.000329341317365269,FALSE,"ELEVATED",1,104,0.284736481861739,10
2,"4-46-1-2-68",68,0.000289473684210526,FALSE,"ELEVATED",1,353,0.966461327857632,68
2.1,"4-46-1-2.1-10",10,0.000209580838323353,FALSE,"ELEVATED",1,104,0.284736481861739,10
3,"4-46-1-3-68",68,0.000236842105263158,FALSE,"ELEVATED",1,81,0.2217659137577,68
4,"4-46-1-4-104",104,0.000289473684210526,TRUE,"ELEVATED",1,1100,3.01163586584531,NA
1,"4-46-2-1-90",90,0.000342105263157895,FALSE,"ELEVATED",1,718,1.96577686516085,90
1,"4-46-3-1-104",104,0.000868421052631579,TRUE,"ELEVATED",1,59,0.161533196440794,NA
1.1,"4-46-3-1.1-6",6,0.000419161676646707,FALSE,"ELEVATED",1,176,0.48186173853525,6
2.1,"4-46-3-2.1-58",58,0.00029940119760479,FALSE,"ELEVATED",1,252,0.68993839835729,58
3.1,"4-46-3-3.1-61",61,0.000329341317365269,TRUE,"ELEVATED",1,141,0.386036960985626,NA
1,"4-46-5-1-104",104,0.000315789473684211,TRUE,"ELEVATED",1,547,1.49760438056126,NA
1.1,"4-46-5-1.1-24",24,0.00029940119760479,FALSE,"ELEVATED",1,773,2.11635865845311,24
1,"4-46-6-1-104",104,0.000342105263157895,TRUE,"ELEVATED",1,1327,3.6331279945243,NA
1,"4-46-7-1-72",72,0.000289473684210526,FALSE,"ELEVATED",1,576,1.57700205338809,72
1.1,"4-46-7-1.1-61",61,0.000209580838323353,TRUE,"ELEVATED",1,168,0.459958932238193,NA
2.1,"4-46-7-2.1-61",61,0.00029940119760479,TRUE,"ELEVATED",1,141,0.386036960985626,NA
1,"4-46-9-1-69",69,0.000394736842105263,FALSE,"ELEVATED",1,488,1.33607118412047,69
1.1,"4-46-9-1.1-8",8,0.000449101796407186,FALSE,"ELEVATED",1,238,0.65160848733744,8
2,"4-46-9-2-69",69,0.000342105263157895,FALSE,"ELEVATED",1,692,1.89459274469541,69
2.1,"4-46-9-2.1-14",14,0.00176646706586826,FALSE,"ELEVATED",1,441,1.20739219712526,14
3.1,"4-46-9-3.1-9",9,0.000748502994011976,FALSE,"ELEVATED",1,233,0.63791923340178,9
4.1,"4-46-9-4.1-8",8,0.00029940119760479,FALSE,"ELEVATED",1,197,0.539356605065024,8
5.1,"4-46-9-5.1-61",61,0.000269461077844311,TRUE,"ELEVATED",1,372,1.01848049281314,NA
6.1,"4-46-9-6.1-61",61,0.000329341317365269,TRUE,"ELEVATED",1,372,1.01848049281314,NA
7.1,"4-46-9-7.1-61",61,0.000179640718562874,TRUE,"ELEVATED",1,304,0.832306639288159,NA
8.1,"4-46-9-8.1-61",61,0.000239520958083832,TRUE,"ELEVATED",1,304,0.832306639288159,NA
9.1,"4-46-9-9.1-61",61,0.00029940119760479,TRUE,"ELEVATED",1,168,0.459958932238193,NA
1,"4-46-10-1-104",104,0.000236842105263158,TRUE,"ELEVATED",1,751,2.05612594113621,NA
1,"4-46-11-1-65",65,0.000263157894736842,FALSE,"ELEVATED",1,251,0.687200547570157,65
1.1,"4-46-11-1.1-7",7,0.000389221556886228,FALSE,"ELEVATED",1,127,0.347707049965777,7
2,"4-46-11-2-65",65,0.000236842105263158,FALSE,"ELEVATED",1,125,0.342231348391513,65
2.1,"4-46-11-2.1-19",19,0.000329341317365269,FALSE,"ELEVATED",1,353,0.966461327857632,19
3.1,"4-46-11-3.1-19",19,0.000239520958083832,FALSE,"ELEVATED",1,353,0.966461327857632,19
1,"4-46-22-1-78",78,0.000263157894736842,FALSE,"ELEVATED",1,488,1.33607118412047,78
1,"4-46-23-1-69",69,0.000236842105263158,FALSE,"ELEVATED",1,320,0.876112251882272,69
1,"4-46-25-1-104",104,0.000342105263157895,TRUE,"ELEVATED",1,1377,3.7700205338809,NA
2,"4-46-25-2-104",104,0.000342105263157895,TRUE,"ELEVATED",1,1377,3.7700205338809,NA
3,"4-46-25-3-75",75,0.000289473684210526,FALSE,"ELEVATED",1,500,1.36892539356605,75
1,"4-46-26-1-104",104,0.000263157894736842,TRUE,"ELEVATED",1,29,0.0793976728268309,NA
1,"4-46-30-1-104",104,0.000368421052631579,TRUE,"ELEVATED",1,846,2.31622176591376,NA
1,"4-46-37-1-90",90,0.000394736842105263,FALSE,"ELEVATED",1,146,0.399726214921287,90
1,"4-47-1-1-104",104,0.000394736842105263,TRUE,"ELEVATED",1,59,0.161533196440794,NA
1.1,"4-47-1-1.1-9",9,0.000419161676646707,FALSE,"ELEVATED",1,129,0.353182751540041,9
2.1,"4-47-1-2.1-9",9,0.000359281437125748,FALSE,"ELEVATED",1,129,0.353182751540041,9
3.1,"4-47-1-3.1-19",19,0.000329341317365269,FALSE,"ELEVATED",1,288,0.788501026694045,19
4.1,"4-47-1-4.1-19",19,0.000359281437125748,FALSE,"ELEVATED",1,260,0.711841204654346,19
5.1,"4-47-1-5.1-15",15,0.000449101796407186,FALSE,"ELEVATED",1,62,0.16974674880219,15
6.1,"4-47-1-6.1-58",58,0.000479041916167665,FALSE,"ELEVATED",1,163,0.446269678302533,58
1,"4-47-2-1-100",100,0.000315789473684211,FALSE,"ELEVATED",1,346,0.947296372347707,100
1.1,"4-47-3-1.1-19",19,0.000269461077844311,FALSE,"ELEVATED",1,73,0.199863107460643,19
1,"4-47-5-1-104",104,0.000236842105263158,TRUE,"ELEVATED",1,729,1.9958932238193,NA
1.1,"4-47-5-1.1-12",12,0.000389221556886228,FALSE,"ELEVATED",1,367,1.00479123887748,12
2,"4-47-5-2-104",104,0.000342105263157895,TRUE,"ELEVATED",1,59,0.161533196440794,NA
1,"4-47-6-1-102",102,0.000421052631578947,FALSE,"ELEVATED",1,998,2.73237508555784,102
2,"4-47-6-2-104",104,0.000263157894736842,TRUE,"ELEVATED",1,729,1.9958932238193,NA
3,"4-47-6-3-101",101,0.000842105263157895,FALSE,"ELEVATED",1,382,1.04585900068446,101
4,"4-47-6-4-104",104,0.000421052631578947,TRUE,"ELEVATED",1,59,0.161533196440794,NA
1,"4-47-7-1-102",102,0.000736842105263158,FALSE,"ELEVATED",1,377,1.0321697467488,102
1.1,"4-47-7-1.1-10",10,0.000479041916167665,FALSE,"ELEVATED",1,308,0.843258042436687,10
2,"4-47-7-2-104",104,0.000684210526315789,TRUE,"ELEVATED",1,436,1.1937029431896,NA
2.1,"4-47-7-2.1-9",9,0.000508982035928144,FALSE,"ELEVATED",1,274,0.750171115674196,9
3,"4-47-7-3-104",104,0.000526315789473684,TRUE,"ELEVATED",1,436,1.1937029431896,NA
3.1,"4-47-7-3.1-10",10,0.000508982035928144,FALSE,"ELEVATED",1,267,0.731006160164271,10
4,"4-47-7-4-104",104,0.000447368421052632,TRUE,"ELEVATED",1,436,1.1937029431896,NA
4.1,"4-47-7-4.1-17",17,0.000329341317365269,FALSE,"ELEVATED",1,187,0.511978097193703,17
5.1,"4-47-7-5.1-17",17,0.000329341317365269,FALSE,"ELEVATED",1,24,0.0657084188911704,17
1,"4-47-8-1-101",101,0.000289473684210526,FALSE,"ELEVATED",1,889,2.43394934976044,101
2,"4-47-8-2-104",104,0.000763157894736842,TRUE,"ELEVATED",1,436,1.1937029431896,NA
1,"4-47-9-1-104",104,0.000315789473684211,TRUE,"ELEVATED",1,1154,3.15947980835044,NA
1.1,"4-47-9-1.1-10",10,0.000419161676646707,FALSE,"ELEVATED",1,308,0.843258042436687,10
2,"4-47-9-2-104",104,0.000263157894736842,TRUE,"ELEVATED",1,462,1.26488706365503,NA
2.1,"4-47-9-2.1-12",12,0.000508982035928144,FALSE,"ELEVATED",1,367,1.00479123887748,12
3,"4-47-9-3-104",104,0.000552631578947368,TRUE,"ELEVATED",1,144,0.394250513347023,NA
3.1,"4-47-9-3.1-5",5,0.000329341317365269,FALSE,"ELEVATED",1,145,0.396988364134155,5
4,"4-47-9-4-104",104,0.000236842105263158,TRUE,"ELEVATED",1,59,0.161533196440794,NA
4.1,"4-47-9-4.1-8",8,0.000568862275449102,FALSE,"ELEVATED",1,161,0.440793976728268,8
5,"4-47-9-5-104",104,0.000263157894736842,TRUE,"ELEVATED",1,59,0.161533196440794,NA
5.1,"4-47-9-5.1-44",44,0.000389221556886228,FALSE,"ELEVATED",1,478,1.30869267624914,44
6,"4-47-9-6-104",104,0.000315789473684211,TRUE,"ELEVATED",1,29,0.0793976728268309,NA
1,"4-47-10-1-104",104,0.000263157894736842,TRUE,"ELEVATED",1,59,0.161533196440794,NA
1,"4-47-11-1-104",104,0.000289473684210526,TRUE,"ELEVATED",1,1377,3.7700205338809,NA
1.1,"4-47-11-1.1-8",8,0.000508982035928144,FALSE,"ELEVATED",1,238,0.65160848733744,8
2,"4-47-11-2-104",104,0.000289473684210526,TRUE,"ELEVATED",1,518,1.41820670773443,NA
2.1,"4-47-11-2.1-9",9,0.000958083832335329,FALSE,"ELEVATED",1,197,0.539356605065024,9
3.1,"4-47-11-3.1-8",8,0.00062874251497006,FALSE,"ELEVATED",1,120,0.328542094455852,8
4.1,"4-47-11-4.1-21",21,0.000329341317365269,FALSE,"ELEVATED",1,381,1.04312114989733,21
5.1,"4-47-11-5.1-21",21,0.000449101796407186,FALSE,"ELEVATED",1,381,1.04312114989733,21
6.1,"4-47-11-6.1-21",21,0.000538922155688623,FALSE,"ELEVATED",1,381,1.04312114989733,21
7.1,"4-47-11-7.1-21",21,0.000359281437125748,FALSE,"ELEVATED",1,381,1.04312114989733,21
8.1,"4-47-11-8.1-21",21,0.000508982035928144,FALSE,"ELEVATED",1,248,0.678986995208761,21
9.1,"4-47-11-9.1-21",21,0.000479041916167665,FALSE,"ELEVATED",1,35,0.0958247775496235,21
1,"4-47-12-1-104",104,0.000315789473684211,TRUE,"ELEVATED",1,608,1.66461327857632,NA
1,"4-47-13-1-84",84,0.000315789473684211,FALSE,"ELEVATED",1,449,1.22929500342231,84
1.1,"4-47-13-1.1-8",8,0.00107784431137725,FALSE,"ELEVATED",1,161,0.440793976728268,8
2.1,"4-47-13-2.1-10",10,0.000508982035928144,FALSE,"ELEVATED",1,70,0.191649555099247,10
1,"4-47-15-1-104",104,0.000263157894736842,TRUE,"ELEVATED",1,1300,3.55920602327173,NA
1.1,"4-47-15-1.1-61",61,0.000329341317365269,TRUE,"ELEVATED",1,372,1.01848049281314,NA
2.1,"4-47-15-2.1-56",56,0.00029940119760479,FALSE,"ELEVATED",1,174,0.476386036960986,56
1,"4-47-16-1-104",104,0.000342105263157895,TRUE,"ELEVATED",1,1327,3.6331279945243,NA
1,"4-47-17-1-87",87,0.000289473684210526,FALSE,"ELEVATED",1,809,2.21492128678987,87
1.1,"4-47-17-1.1-13",13,0.000329341317365269,FALSE,"ELEVATED",1,40,0.109514031485284,13
1,"4-47-27-1-88",88,0.000552631578947368,FALSE,"ELEVATED",1,54,0.147843942505133,88
1.1,"4-48-1-1.1-3",3,0.000778443113772455,FALSE,"ELEVATED",1,77,0.210814510609172,3
2.1,"4-48-1-2.1-6",6,0.000239520958083832,FALSE,"ELEVATED",1,176,0.48186173853525,6
3.1,"4-48-1-3.1-3",3,0.00029940119760479,FALSE,"ELEVATED",1,77,0.210814510609172,3
4.1,"4-48-1-4.1-6",6,0.000269461077844311,FALSE,"ELEVATED",1,135,0.369609856262834,6
5.1,"4-48-1-5.1-6",6,0.000269461077844311,FALSE,"ELEVATED",1,135,0.369609856262834,6
6.1,"4-48-1-6.1-6",6,0.000269461077844311,FALSE,"ELEVATED",1,58,0.158795345653662,6
7.1,"4-48-1-7.1-13",13,0.000269461077844311,FALSE,"ELEVATED",1,68,0.186173853524983,13
8.1,"4-48-1-8.1-30",30,0.00029940119760479,FALSE,"ELEVATED",1,238,0.65160848733744,30
1,"4-48-3-1-104",104,0.000289473684210526,TRUE,"ELEVATED",1,59,0.161533196440794,NA
1.1,"4-48-3-1.1-13",13,0.000269461077844311,FALSE,"ELEVATED",1,203,0.555783709787817,13
2.1,"4-48-3-2.1-26",26,0.000239520958083832,FALSE,"ELEVATED",1,429,1.17453798767967,26
1,"4-48-5-1-104",104,0.000263157894736842,TRUE,"ELEVATED",1,144,0.394250513347023,NA
1.1,"4-48-5-1.1-23",23,0.000449101796407186,FALSE,"ELEVATED",1,745,2.03969883641342,23
1,"4-48-6-1-104",104,0.000315789473684211,TRUE,"ELEVATED",1,59,0.161533196440794,NA
2,"4-48-6-2-104",104,0.000421052631578947,TRUE,"ELEVATED",1,59,0.161533196440794,NA
3,"4-48-6-3-104",104,0.000394736842105263,TRUE,"ELEVATED",1,59,0.161533196440794,NA
1.1,"4-48-7-1.1-24",24,0.00029940119760479,FALSE,"ELEVATED",1,332,0.908966461327858,24
1,"4-48-8-1-104",104,0.000421052631578947,TRUE,"ELEVATED",1,394,1.07871321013005,NA
1,"4-48-9-1-71",71,0.000210526315789474,FALSE,"ELEVATED",1,330,0.903490759753593,71
1.1,"4-48-9-1.1-6",6,0.00029940119760479,FALSE,"ELEVATED",1,176,0.48186173853525,6
2,"4-48-9-2-69",69,0.000236842105263158,FALSE,"ELEVATED",1,270,0.739219712525667,69
2.1,"4-48-9-2.1-34",34,0.00104790419161677,FALSE,"ELEVATED",1,1102,3.01711156741958,34
3,"4-48-9-3-104",104,0.000447368421052632,TRUE,"ELEVATED",1,166,0.454483230663929,NA
4,"4-48-9-4-104",104,0.000368421052631579,TRUE,"ELEVATED",1,29,0.0793976728268309,NA
1,"4-48-10-1-73",73,0.000263157894736842,FALSE,"ELEVATED",1,387,1.05954825462012,73
1.1,"4-48-11-1.1-31",31,0.000329341317365269,FALSE,"ELEVATED",1,196,0.536618754277892,31
2.1,"4-48-11-2.1-37",37,0.000449101796407186,FALSE,"ELEVATED",1,160,0.438056125941136,37
3.1,"4-48-11-3.1-48",48,0.000359281437125748,FALSE,"ELEVATED",1,579,1.58521560574949,48
4.1,"4-48-11-4.1-45",45,0.00029940119760479,FALSE,"ELEVATED",1,482,1.31964407939767,45
2,"4-48-12-2-101",101,0.000289473684210526,FALSE,"ELEVATED",1,1247,3.41409993155373,101
3,"4-48-12-3-104",104,0.000289473684210526,TRUE,"ELEVATED",1,1327,3.6331279945243,NA
1.1,"4-48-13-1.1-9",9,0.000449101796407186,FALSE,"ELEVATED",1,274,0.750171115674196,9
2.1,"4-48-13-2.1-44",44,0.000688622754491018,FALSE,"ELEVATED",1,394,1.07871321013005,44
3.1,"4-48-13-3.1-47",47,0.000389221556886228,FALSE,"ELEVATED",1,484,1.32511978097194,47
4.1,"4-48-13-4.1-61",61,0.000329341317365269,TRUE,"ELEVATED",1,198,0.542094455852156,NA
1,"4-48-15-1-86",86,0.000289473684210526,FALSE,"ELEVATED",1,753,2.06160164271047,86
1.1,"4-48-15-1.1-7",7,0.000359281437125748,FALSE,"ELEVATED",1,204,0.558521560574949,7
2.1,"4-48-15-2.1-30",30,0.00029940119760479,FALSE,"ELEVATED",1,267,0.731006160164271,30
1.1,"4-48-21-1.1-9",9,0.000359281437125748,FALSE,"ELEVATED",1,98,0.268309377138946,9
2.1,"4-48-21-2.1-14",14,0.000239520958083832,FALSE,"ELEVATED",1,34,0.0930869267624914,14
3.1,"4-48-21-3.1-58",58,0.00029940119760479,FALSE,"ELEVATED",1,57,0.15605749486653,58
1,"4-48-29-1-89",89,0.000289473684210526,FALSE,"ELEVATED",1,120,0.328542094455852,89
1.1,"5-49-1-1.1-9",9,0.00191616766467066,FALSE,"AMBIENT",1,274,0.750171115674196,9
1.1,"5-49-3-1.1-9",9,0.000329341317365269,FALSE,"AMBIENT",1,274,0.750171115674196,9
2.1,"5-49-3-2.1-19",19,0.000523952095808383,FALSE,"AMBIENT",1,627,1.71663244353183,19
3.1,"5-49-3-3.1-61",61,0.00107784431137725,TRUE,"AMBIENT",1,1169,3.20054757015743,NA
4.1,"5-49-3-4.1-61",61,0.000269461077844311,TRUE,"AMBIENT",1,113,0.309377138945927,NA
1,"5-49-4-1-72",72,0.000236842105263158,FALSE,"AMBIENT",1,358,0.980150581793292,72
2,"5-49-4-2-91",91,0.000184210526315789,TRUE,"AMBIENT",1,153,0.418891170431211,NA
1.1,"5-49-5-1.1-11",11,0.000329341317365269,FALSE,"AMBIENT",1,339,0.928131416837782,11
2.1,"5-49-5-2.1-9",9,0.000359281437125748,FALSE,"AMBIENT",1,274,0.750171115674196,9
3.1,"5-49-5-3.1-10",10,0.000868263473053892,FALSE,"AMBIENT",1,308,0.843258042436687,10
4.1,"5-49-5-4.1-22",22,0.00125748502994012,FALSE,"AMBIENT",1,480,1.31416837782341,22
1,"5-49-6-1-69",69,0.000315789473684211,FALSE,"AMBIENT",1,270,0.739219712525667,69
1.1,"5-49-7-1.1-7",7,0.000449101796407186,FALSE,"AMBIENT",1,204,0.558521560574949,7
1,"5-49-8-1-91",91,0.000289473684210526,TRUE,"AMBIENT",1,933,2.55441478439425,NA
2,"5-49-8-2-80",80,0.000263157894736842,FALSE,"AMBIENT",1,349,0.955509924709103,80
3,"5-49-8-3-81",81,0.000236842105263158,FALSE,"AMBIENT",1,371,1.01574264202601,81
1,"5-49-9-1-84",84,0.000210526315789474,FALSE,"AMBIENT",1,719,1.96851471594798,84
1.1,"5-49-9-1.1-10",10,0.000449101796407186,FALSE,"AMBIENT",1,308,0.843258042436687,10
2.1,"5-49-9-2.1-10",10,0.00062874251497006,FALSE,"AMBIENT",1,308,0.843258042436687,10
3.1,"5-49-9-3.1-55",55,0.000389221556886228,FALSE,"AMBIENT",1,465,1.27310061601643,55
4.1,"5-49-9-4.1-45",45,0.000419161676646707,FALSE,"AMBIENT",1,118,0.323066392881588,45
5.1,"5-49-9-5.1-61",61,0.00029940119760479,TRUE,"AMBIENT",1,141,0.386036960985626,NA
1,"5-49-10-1-85",85,0.000263157894736842,FALSE,"AMBIENT",1,745,2.03969883641342,85
2,"5-49-10-2-80",80,0.000236842105263158,FALSE,"AMBIENT",1,576,1.57700205338809,80
3,"5-49-10-3-85",85,0.000210526315789474,FALSE,"AMBIENT",1,745,2.03969883641342,85
4,"5-49-10-4-73",73,0.000210526315789474,FALSE,"AMBIENT",1,387,1.05954825462012,73
5,"5-49-10-5-80",80,0.000184210526315789,FALSE,"AMBIENT",1,576,1.57700205338809,80
6,"5-49-10-6-91",91,0.000289473684210526,TRUE,"AMBIENT",1,188,0.514715947980835,NA
1.1,"5-49-13-1.1-20",20,0.000449101796407186,FALSE,"AMBIENT",1,100,0.27378507871321,20
2.1,"5-49-13-2.1-61",61,0.000269461077844311,TRUE,"AMBIENT",1,463,1.26762491444216,NA
3.1,"5-49-13-3.1-61",61,0.000239520958083832,TRUE,"AMBIENT",1,113,0.309377138945927,NA
4.1,"5-49-13-4.1-61",61,0.000209580838323353,TRUE,"AMBIENT",1,113,0.309377138945927,NA
1,"5-50-1-1-101",101,0.000210526315789474,FALSE,"AMBIENT",1,314,0.85968514715948,101
1.1,"5-50-1-1.1-53",53,0.000239520958083832,FALSE,"AMBIENT",1,505,1.38261464750171,53
1,"5-50-2-1-104",104,0.000526315789473684,TRUE,"AMBIENT",1,80,0.219028062970568,NA
2,"5-50-2-2-104",104,5e-04,TRUE,"AMBIENT",1,29,0.0793976728268309,NA
1,"5-50-3-1-67",67,0.000342105263157895,FALSE,"AMBIENT",1,223,0.610540725530459,67
1.1,"5-50-3-1.1-12",12,0.00029940119760479,FALSE,"AMBIENT",1,326,0.892539356605065,12
2,"5-50-3-2-71",71,0.000263157894736842,FALSE,"AMBIENT",1,157,0.42984257357974,71
2.1,"5-50-3-2.1-19",19,0.000419161676646707,FALSE,"AMBIENT",1,423,1.15811088295688,19
3,"5-50-3-3-96",96,0.000394736842105263,FALSE,"AMBIENT",1,519,1.42094455852156,96
3.1,"5-50-3-3.1-19",19,0.000149700598802395,FALSE,"AMBIENT",1,423,1.15811088295688,19
4.1,"5-50-3-4.1-19",19,0.000359281437125748,FALSE,"AMBIENT",1,288,0.788501026694045,19
5.1,"5-50-3-5.1-19",19,0.000329341317365269,FALSE,"AMBIENT",1,220,0.602327173169062,19
6.1,"5-50-3-6.1-19",19,0.000269461077844311,FALSE,"AMBIENT",1,47,0.128678986995209,19
7.1,"5-50-3-7.1-41",41,0.00029940119760479,FALSE,"AMBIENT",1,44,0.120465434633812,41
8.1,"5-50-3-8.1-61",61,0.000389221556886228,TRUE,"AMBIENT",1,526,1.44010951403149,NA
9.1,"5-50-3-9.1-61",61,0.000329341317365269,TRUE,"AMBIENT",1,485,1.32785763175907,NA
1,"5-50-4-1-70",70,0.000236842105263158,FALSE,"AMBIENT",1,302,0.826830937713895,70
2,"5-50-4-2-70",70,0.000236842105263158,FALSE,"AMBIENT",1,302,0.826830937713895,70
3,"5-50-4-3-70",70,0.000236842105263158,FALSE,"AMBIENT",1,129,0.353182751540041,70
4,"5-50-4-4-104",104,0.000526315789473684,TRUE,"AMBIENT",1,394,1.07871321013005,NA
1,"5-50-5-1-104",104,0.000789473684210526,TRUE,"AMBIENT",1,1100,3.01163586584531,NA
1.1,"5-50-5-1.1-12",12,0.000419161676646707,FALSE,"AMBIENT",1,367,1.00479123887748,12
2,"5-50-5-2-104",104,0.000552631578947368,TRUE,"AMBIENT",1,779,2.13278576317591,NA
2.1,"5-50-5-2.1-12",12,0.000419161676646707,FALSE,"AMBIENT",1,163,0.446269678302533,12
3.1,"5-50-5-3.1-61",61,0.00107784431137725,TRUE,"AMBIENT",1,1428,3.90965092402464,NA
4.1,"5-50-5-4.1-35",35,0.000239520958083832,FALSE,"AMBIENT",1,206,0.563997262149213,35
1,"5-50-6-1-104",104,0.000526315789473684,TRUE,"AMBIENT",1,779,2.13278576317591,NA
2,"5-50-6-2-104",104,0.000394736842105263,TRUE,"AMBIENT",1,493,1.34976043805613,NA
3,"5-50-6-3-104",104,0.000342105263157895,TRUE,"AMBIENT",1,29,0.0793976728268309,NA
1,"5-50-7-1-104",104,0.00139473684210526,TRUE,"AMBIENT",1,2546,6.97056810403833,NA
1.1,"5-50-7-1.1-33",33,0.00062874251497006,FALSE,"AMBIENT",1,1031,2.8227241615332,33
2.1,"5-50-7-2.1-24",24,0.000419161676646707,FALSE,"AMBIENT",1,434,1.18822724161533,24
3.1,"5-50-7-3.1-61",61,0.00110778443113772,TRUE,"AMBIENT",1,1169,3.20054757015743,NA
4.1,"5-50-7-4.1-55",55,0.000269461077844311,FALSE,"AMBIENT",1,159,0.435318275154004,55
5.1,"5-50-7-5.1-61",61,0.000329341317365269,TRUE,"AMBIENT",1,76,0.20807665982204,NA
1,"5-50-8-1-104",104,0.00126315789473684,TRUE,"AMBIENT",1,1327,3.6331279945243,NA
2,"5-50-8-2-101",101,0.000289473684210526,FALSE,"AMBIENT",1,1247,3.41409993155373,101
1,"5-50-9-1-104",104,0.000973684210526316,TRUE,"AMBIENT",1,1453,3.97809719370294,NA
1.1,"5-50-9-1.1-19",19,0.000419161676646707,FALSE,"AMBIENT",1,550,1.50581793292266,19
2,"5-50-9-2-96",96,0.000394736842105263,FALSE,"AMBIENT",1,1221,3.3429158110883,96
2.1,"5-50-9-2.1-61",61,0.000508982035928144,TRUE,"AMBIENT",1,1997,5.46748802190281,NA
3,"5-50-9-3-85",85,0.000263157894736842,FALSE,"AMBIENT",1,871,2.38466803559206,85
3.1,"5-50-9-3.1-43",43,0.000329341317365269,FALSE,"AMBIENT",1,1166,3.19233401779603,43
4,"5-50-9-4-78",78,0.000342105263157895,FALSE,"AMBIENT",1,641,1.75496235455168,78
4.1,"5-50-9-4.1-61",61,0.000269461077844311,TRUE,"AMBIENT",1,1935,5.29774127310062,NA
5.1,"5-50-9-5.1-46",46,0.000329341317365269,FALSE,"AMBIENT",1,1312,3.59206023271732,46
6.1,"5-50-9-6.1-61",61,0.00062874251497006,TRUE,"AMBIENT",1,1217,3.33196440793977,NA
7.1,"5-50-9-7.1-61",61,0.000898203592814371,TRUE,"AMBIENT",1,76,0.20807665982204,NA
8.1,"5-50-9-8.1-61",61,0.000359281437125748,TRUE,"AMBIENT",1,76,0.20807665982204,NA
9.1,"5-50-9-9.1-61",61,0.000389221556886228,TRUE,"AMBIENT",1,76,0.20807665982204,NA
10.1,"5-50-9-10.1-61",61,0.000269461077844311,TRUE,"AMBIENT",1,76,0.20807665982204,NA
1,"5-50-10-1-70",70,0.000263157894736842,FALSE,"AMBIENT",1,302,0.826830937713895,70
2,"5-50-10-2-67",67,0.000289473684210526,FALSE,"AMBIENT",1,173,0.473648186173854,67
3,"5-50-10-3-104",104,0.000315789473684211,TRUE,"AMBIENT",1,906,2.48049281314168,NA
4,"5-50-10-4-104",104,0.000342105263157895,TRUE,"AMBIENT",1,436,1.1937029431896,NA
5,"5-50-10-5-104",104,0.000421052631578947,TRUE,"AMBIENT",1,29,0.0793976728268309,NA
1,"5-50-11-1-75",75,0.000289473684210526,FALSE,"AMBIENT",1,576,1.57700205338809,75
1.1,"5-50-11-1.1-10",10,0.00143712574850299,FALSE,"AMBIENT",1,308,0.843258042436687,10
2,"5-50-11-2-68",68,0.000263157894736842,FALSE,"AMBIENT",1,353,0.966461327857632,68
2.1,"5-50-11-2.1-45",45,0.000658682634730539,FALSE,"AMBIENT",1,1522,4.16700889801506,45
3,"5-50-11-3-104",104,0.000315789473684211,TRUE,"AMBIENT",1,1057,2.89390828199863,NA
3.1,"5-50-11-3.1-61",61,0.00062874251497006,TRUE,"AMBIENT",1,2173,5.94934976043806,NA
4,"5-50-11-4-102",102,0.000342105263157895,FALSE,"AMBIENT",1,692,1.89459274469541,102
4.1,"5-50-11-4.1-24",24,0.000568862275449102,FALSE,"AMBIENT",1,773,2.11635865845311,24
5,"5-50-11-5-104",104,0.000315789473684211,TRUE,"AMBIENT",1,751,2.05612594113621,NA
5.1,"5-50-11-5.1-29",29,0.000329341317365269,FALSE,"AMBIENT",1,689,1.88637919233402,29
6,"5-50-11-6-103",103,0.000263157894736842,FALSE,"AMBIENT",1,407,1.11430527036277,103
6.1,"5-50-11-6.1-26",26,0.00029940119760479,FALSE,"AMBIENT",1,209,0.572210814510609,26
7.1,"5-50-11-7.1-61",61,0.000359281437125748,TRUE,"AMBIENT",1,76,0.20807665982204,NA
8.1,"5-50-11-8.1-61",61,0.000359281437125748,TRUE,"AMBIENT",1,76,0.20807665982204,NA
9.1,"5-50-11-9.1-61",61,0.000329341317365269,TRUE,"AMBIENT",1,76,0.20807665982204,NA
1,"5-50-12-1-104",104,0.000552631578947368,TRUE,"AMBIENT",1,1327,3.6331279945243,NA
2,"5-50-12-2-104",104,0.000289473684210526,TRUE,"AMBIENT",1,1327,3.6331279945243,NA
3,"5-50-12-3-70",70,0.000447368421052632,FALSE,"AMBIENT",1,302,0.826830937713895,70
1.1,"5-50-13-1.1-52",52,0.00029940119760479,FALSE,"AMBIENT",1,776,2.12457221081451,52
2.1,"5-50-13-2.1-61",61,0.000329341317365269,TRUE,"AMBIENT",1,393,1.07597535934292,NA
3.1,"5-50-13-3.1-61",61,0.000329341317365269,TRUE,"AMBIENT",1,76,0.20807665982204,NA
1,"5-50-14-1-86",86,0.000631578947368421,FALSE,"AMBIENT",1,104,0.284736481861739,86
1.1,"5-50-15-1.1-12",12,0.000598802395209581,FALSE,"AMBIENT",1,129,0.353182751540041,12
2.1,"5-50-15-2.1-12",12,0.000508982035928144,FALSE,"AMBIENT",1,129,0.353182751540041,12
3.1,"5-50-15-3.1-61",61,0.000598802395209581,TRUE,"AMBIENT",1,168,0.459958932238193,NA
1,"5-50-16-1-76",76,0.000289473684210526,FALSE,"AMBIENT",1,481,1.31690622861054,76
2,"5-50-16-2-78",78,0.000368421052631579,FALSE,"AMBIENT",1,515,1.40999315537303,78
3,"5-50-16-3-80",80,0.000342105263157895,FALSE,"AMBIENT",1,189,0.517453798767967,80
1.1,"5-50-17-1.1-9",9,0.000479041916167665,FALSE,"AMBIENT",1,156,0.427104722792608,9
1,"5-50-18-1-71",71,0.000447368421052632,FALSE,"AMBIENT",1,103,0.281998631074606,71
1,"5-50-19-1-104",104,0.000894736842105263,TRUE,"AMBIENT",1,1453,3.97809719370294,NA
1.1,"5-50-19-1.1-4",4,0.000479041916167665,FALSE,"AMBIENT",1,118,0.323066392881588,4
2,"5-50-19-2-86",86,0.000342105263157895,FALSE,"AMBIENT",1,906,2.48049281314168,86
1,"5-50-20-1-80",80,0.000315789473684211,FALSE,"AMBIENT",1,576,1.57700205338809,80
2,"5-50-20-2-104",104,0.000684210526315789,TRUE,"AMBIENT",1,1327,3.6331279945243,NA
1.1,"5-50-21-1.1-60",60,0.00092814371257485,TRUE,"AMBIENT",1,37,0.101300479123888,NA
1,"5-50-22-1-87",87,0.00171052631578947,FALSE,"AMBIENT",1,809,2.21492128678987,87
1.1,"5-50-23-1.1-12",12,0.000329341317365269,FALSE,"AMBIENT",1,59,0.161533196440794,12
2.1,"5-50-23-2.1-12",12,0.000389221556886228,FALSE,"AMBIENT",1,28,0.0766598220396988,12
1,"5-50-24-1-104",104,0.000447368421052632,TRUE,"AMBIENT",1,1327,3.6331279945243,NA
2,"5-50-24-2-71",71,0.000289473684210526,FALSE,"AMBIENT",1,330,0.903490759753593,71
3,"5-50-24-3-71",71,0.000263157894736842,FALSE,"AMBIENT",1,330,0.903490759753593,71
4,"5-50-24-4-74",74,0.000236842105263158,FALSE,"AMBIENT",1,421,1.15263518138261,74
1,"5-50-25-1-104",104,0.000394736842105263,TRUE,"AMBIENT",1,1453,3.97809719370294,NA
1.1,"5-50-25-1.1-61",61,0.000329341317365269,TRUE,"AMBIENT",1,1865,5.10609171800137,NA
2.1,"5-50-25-2.1-61",61,0.00029940119760479,TRUE,"AMBIENT",1,1546,4.23271731690623,NA
3.1,"5-50-25-3.1-61",61,0.00029940119760479,TRUE,"AMBIENT",1,1546,4.23271731690623,NA
4.1,"5-50-25-4.1-61",61,0.000359281437125748,TRUE,"AMBIENT",1,76,0.20807665982204,NA
1,"5-50-27-1-104",104,0.000342105263157895,TRUE,"AMBIENT",1,1377,3.7700205338809,NA
1,"5-50-28-1-97",97,0.000605263157894737,FALSE,"AMBIENT",1,252,0.68993839835729,97
1.1,"5-50-29-1.1-18",18,0.000329341317365269,FALSE,"AMBIENT",1,213,0.583162217659138,18
1,"5-50-30-1-74",74,0.000342105263157895,FALSE,"AMBIENT",1,421,1.15263518138261,74
2,"5-50-30-2-87",87,0.000368421052631579,FALSE,"AMBIENT",1,809,2.21492128678987,87
1,"5-50-31-1-89",89,0.000578947368421053,FALSE,"AMBIENT",1,915,2.50513347022587,89
1.1,"5-50-33-1.1-11",11,0.000568862275449102,FALSE,"AMBIENT",1,339,0.928131416837782,11
1.1,"5-51-1-1.1-3",3,0.000958083832335329,FALSE,"AMBIENT",1,77,0.210814510609172,3
2.1,"5-51-1-2.1-25",25,0.00029940119760479,FALSE,"AMBIENT",1,35,0.0958247775496235,25
1,"5-51-2-1-104",104,0.000289473684210526,TRUE,"AMBIENT",1,355,0.971937029431896,NA
1.1,"5-51-3-1.1-10",10,0.000359281437125748,FALSE,"AMBIENT",1,70,0.191649555099247,10
2.1,"5-51-3-2.1-31",31,0.00029940119760479,FALSE,"AMBIENT",1,48,0.131416837782341,31
3.1,"5-51-3-3.1-51",51,0.00029940119760479,FALSE,"AMBIENT",1,63,0.172484599589322,51
4.1,"5-51-3-4.1-52",52,0.00029940119760479,FALSE,"AMBIENT",1,133,0.364134154688569,52
5.1,"5-51-3-5.1-53",53,0.000449101796407186,FALSE,"AMBIENT",1,91,0.249144421629021,53
1,"5-51-4-1-104",104,0.000157894736842105,TRUE,"AMBIENT",1,80,0.219028062970568,NA
2,"5-51-4-2-104",104,0.000210526315789474,TRUE,"AMBIENT",1,59,0.161533196440794,NA
1.1,"5-51-5-1.1-11",11,0.000389221556886228,FALSE,"AMBIENT",1,339,0.928131416837782,11
2.1,"5-51-5-2.1-11",11,0.000419161676646707,FALSE,"AMBIENT",1,339,0.928131416837782,11
3.1,"5-51-5-3.1-20",20,0.000389221556886228,FALSE,"AMBIENT",1,315,0.862422997946612,20
1,"5-51-6-1-68",68,0.000210526315789474,FALSE,"AMBIENT",1,227,0.621492128678987,68
1,"5-51-7-1-71",71,0.000342105263157895,FALSE,"AMBIENT",1,157,0.42984257357974,71
1.1,"5-51-7-1.1-11",11,0.000419161676646707,FALSE,"AMBIENT",1,194,0.531143052703628,11
2.1,"5-51-7-2.1-47",47,0.000359281437125748,FALSE,"AMBIENT",1,959,2.62559890485969,47
3.1,"5-51-7-3.1-52",52,0.000359281437125748,FALSE,"AMBIENT",1,133,0.364134154688569,52
4.1,"5-51-7-4.1-61",61,0.000329341317365269,TRUE,"AMBIENT",1,76,0.20807665982204,NA
1,"5-51-8-1-68",68,0.000289473684210526,FALSE,"AMBIENT",1,227,0.621492128678987,68
2,"5-51-8-2-68",68,0.000289473684210526,FALSE,"AMBIENT",1,227,0.621492128678987,68
3,"5-51-8-3-68",68,0.000315789473684211,FALSE,"AMBIENT",1,227,0.621492128678987,68
4,"5-51-8-4-68",68,0.000315789473684211,FALSE,"AMBIENT",1,227,0.621492128678987,68
5,"5-51-8-5-68",68,0.000289473684210526,FALSE,"AMBIENT",1,227,0.621492128678987,68
6,"5-51-8-6-101",101,0.000289473684210526,FALSE,"AMBIENT",1,502,1.37440109514031,101
1,"5-51-9-1-71",71,0.000289473684210526,FALSE,"AMBIENT",1,380,1.0403832991102,71
2,"5-51-9-2-71",71,0.000184210526315789,FALSE,"AMBIENT",1,380,1.0403832991102,71
3,"5-51-9-3-92",92,0.000263157894736842,FALSE,"AMBIENT",1,227,0.621492128678987,92
4,"5-51-9-4-104",104,5e-04,TRUE,"AMBIENT",1,355,0.971937029431896,NA
5,"5-51-9-5-104",104,0.000447368421052632,TRUE,"AMBIENT",1,355,0.971937029431896,NA
1,"5-51-10-1-79",79,0.000263157894736842,FALSE,"AMBIENT",1,98,0.268309377138946,79
2,"5-51-10-2-104",104,0.000447368421052632,TRUE,"AMBIENT",1,355,0.971937029431896,NA
3,"5-51-10-3-104",104,0.000421052631578947,TRUE,"AMBIENT",1,355,0.971937029431896,NA
1,"5-51-11-1-68",68,0.000315789473684211,FALSE,"AMBIENT",1,200,0.54757015742642,68
1.1,"5-51-11-1.1-19",19,0.000479041916167665,FALSE,"AMBIENT",1,627,1.71663244353183,19
2,"5-51-11-2-104",104,0.000315789473684211,TRUE,"AMBIENT",1,355,0.971937029431896,NA
2.1,"5-51-11-2.1-19",19,0.000389221556886228,FALSE,"AMBIENT",1,627,1.71663244353183,19
3.1,"5-51-11-3.1-37",37,0.000389221556886228,FALSE,"AMBIENT",1,128,0.350444900752909,37
4.1,"5-51-11-4.1-43",43,0.000718562874251497,FALSE,"AMBIENT",1,148,0.405201916495551,43
1,"5-51-12-1-67",67,0.000315789473684211,FALSE,"AMBIENT",1,48,0.131416837782341,67
2,"5-51-12-2-97",97,0.000368421052631579,FALSE,"AMBIENT",1,398,1.08966461327858,97
1,"5-51-13-1-69",69,0.000263157894736842,FALSE,"AMBIENT",1,270,0.739219712525667,69
2,"5-51-13-2-104",104,5e-04,TRUE,"AMBIENT",1,436,1.1937029431896,NA
1,"5-51-14-1-67",67,0.000263157894736842,FALSE,"AMBIENT",1,173,0.473648186173854,67
1,"5-51-16-1-92",92,0.000263157894736842,FALSE,"AMBIENT",1,670,1.83436002737851,92
1,"5-51-17-1-104",104,0.000289473684210526,TRUE,"AMBIENT",1,997,2.7296372347707,NA
2,"5-51-17-2-104",104,0.000552631578947368,FALSE,"AMBIENT",1,436,1.1937029431896,104
1,"5-51-18-1-104",104,0.000315789473684211,TRUE,"AMBIENT",1,779,2.13278576317591,NA
1,"5-51-19-1-104",104,0.000710526315789474,TRUE,"AMBIENT",1,436,1.1937029431896,NA
1.1,"5-51-19-1.1-61",61,0.000568862275449102,TRUE,"AMBIENT",1,393,1.07597535934292,NA
1,"5-51-20-1-69",69,0.000315789473684211,FALSE,"AMBIENT",1,270,0.739219712525667,69
2,"5-51-20-2-104",104,0.000421052631578947,TRUE,"AMBIENT",1,59,0.161533196440794,NA
1,"5-51-21-1-104",104,0.000526315789473684,TRUE,"AMBIENT",1,394,1.07871321013005,NA
1.1,"5-51-23-1.1-46",46,0.000329341317365269,FALSE,"AMBIENT",1,1020,2.79260780287474,46
2.1,"5-51-23-2.1-46",46,0.00029940119760479,FALSE,"AMBIENT",1,970,2.65571526351814,46
3.1,"5-51-23-3.1-34",34,0.00029940119760479,FALSE,"AMBIENT",1,475,1.30047912388775,34
1,"5-51-27-1-104",104,0.000368421052631579,TRUE,"AMBIENT",1,1100,3.01163586584531,NA
1.1,"5-51-27-1.1-12",12,0.000389221556886228,FALSE,"AMBIENT",1,367,1.00479123887748,12
2,"5-51-27-2-104",104,0.000315789473684211,TRUE,"AMBIENT",1,1100,3.01163586584531,NA
3,"5-51-27-3-104",104,0.000289473684210526,TRUE,"AMBIENT",1,812,2.22313483915127,NA
1,"5-51-28-1-104",104,0.000289473684210526,TRUE,"AMBIENT",1,1327,3.6331279945243,NA
2,"5-51-28-2-104",104,0.000473684210526316,TRUE,"AMBIENT",1,779,2.13278576317591,NA
3,"5-51-28-3-104",104,0.000447368421052632,TRUE,"AMBIENT",1,751,2.05612594113621,NA
4,"5-51-28-4-104",104,0.000368421052631579,TRUE,"AMBIENT",1,729,1.9958932238193,NA
5,"5-51-28-5-104",104,0.000289473684210526,TRUE,"AMBIENT",1,729,1.9958932238193,NA
1,"5-51-29-1-104",104,0.000236842105263158,TRUE,"AMBIENT",1,1490,4.07939767282683,NA
1.1,"5-51-29-1.1-10",10,0.000359281437125748,FALSE,"AMBIENT",1,132,0.361396303901437,10
2,"5-51-29-2-70",70,0.000236842105263158,FALSE,"AMBIENT",1,465,1.27310061601643,70
3,"5-51-29-3-104",104,0.000236842105263158,TRUE,"AMBIENT",1,1490,4.07939767282683,NA
4,"5-51-29-4-70",70,0.000236842105263158,FALSE,"AMBIENT",1,465,1.27310061601643,70
5,"5-51-29-5-104",104,0.000342105263157895,TRUE,"AMBIENT",1,1057,2.89390828199863,NA
1,"5-51-30-1-102",102,0.000289473684210526,FALSE,"AMBIENT",1,1268,3.4715947980835,102
2,"5-51-30-2-102",102,0.000236842105263158,FALSE,"AMBIENT",1,1268,3.4715947980835,102
1,"5-51-35-1-104",104,0.000315789473684211,TRUE,"AMBIENT",1,1327,3.6331279945243,NA
1,"5-51-36-1-76",76,0.000289473684210526,FALSE,"AMBIENT",1,481,1.31690622861054,76
2,"5-51-36-2-76",76,0.000289473684210526,FALSE,"AMBIENT",1,481,1.31690622861054,76
1.1,"5-52-1-1.1-9",9,0.000583832335329341,FALSE,"AMBIENT",1,274,0.750171115674196,9
2.1,"5-52-1-2.1-25",25,0.000329341317365269,TRUE,"AMBIENT",1,534,1.46201232032854,NA
3.1,"5-52-1-3.1-25",25,0.000359281437125748,FALSE,"AMBIENT",1,469,1.28405201916496,25
4.1,"5-52-1-4.1-25",25,0.000329341317365269,FALSE,"AMBIENT",1,367,1.00479123887748,25
1.1,"5-52-3-1.1-19",19,0.00062874251497006,FALSE,"AMBIENT",1,627,1.71663244353183,19
2.1,"5-52-3-2.1-19",19,0.000553892215568862,FALSE,"AMBIENT",1,451,1.23477070499658,19
1.1,"5-52-5-1.1-13",13,0.000479041916167665,FALSE,"AMBIENT",1,407,1.11430527036277,13
2.1,"5-52-5-2.1-9",9,0.000479041916167665,FALSE,"AMBIENT",1,274,0.750171115674196,9
3.1,"5-52-5-3.1-25",25,0.000359281437125748,TRUE,"AMBIENT",1,808,2.21218343600274,NA
4.1,"5-52-5-4.1-9",9,0.000419161676646707,FALSE,"AMBIENT",1,98,0.268309377138946,9
1.1,"5-52-7-1.1-22",22,0.000688622754491018,FALSE,"AMBIENT",1,718,1.96577686516085,22
2.1,"5-52-7-2.1-22",22,0.00167664670658683,FALSE,"AMBIENT",1,718,1.96577686516085,22
3.1,"5-52-7-3.1-25",25,0.000508982035928144,TRUE,"AMBIENT",1,90,0.246406570841889,NA
1.1,"5-52-13-1.1-21",21,0.000449101796407186,FALSE,"AMBIENT",1,689,1.88637919233402,21
1.1,"5-52-29-1.1-18",18,0.000239520958083832,TRUE,"AMBIENT",1,580,1.58795345653662,NA
2.1,"5-52-29-2.1-18",18,0.000329341317365269,TRUE,"AMBIENT",1,306,0.837782340862423,NA
1.1,"5-52-31-1.1-18",18,0.000359281437125748,TRUE,"AMBIENT",1,306,0.837782340862423,NA
2.1,"5-52-31-2.1-18",18,0.000329341317365269,TRUE,"AMBIENT",1,306,0.837782340862423,NA
3.1,"5-52-31-3.1-18",18,0.000239520958083832,TRUE,"AMBIENT",1,306,0.837782340862423,NA
4.1,"5-52-31-4.1-18",18,0.000329341317365269,TRUE,"AMBIENT",1,77,0.210814510609172,NA
5.1,"5-52-31-5.1-18",18,0.00029940119760479,TRUE,"AMBIENT",1,77,0.210814510609172,NA
1.1,"5-52-33-1.1-18",18,0.00110778443113772,TRUE,"AMBIENT",1,580,1.58795345653662,NA
2.1,"5-52-33-2.1-18",18,0.000389221556886228,TRUE,"AMBIENT",1,306,0.837782340862423,NA
3.1,"5-52-33-3.1-18",18,0.000494011976047904,TRUE,"AMBIENT",1,241,0.659822039698836,NA
1,"5-53-1-1-70",70,0.000210526315789474,FALSE,"AMBIENT",1,156,0.427104722792608,70
1.1,"5-53-1-1.1-6",6,0.000359281437125748,FALSE,"AMBIENT",1,176,0.48186173853525,6
2.1,"5-53-1-2.1-25",25,0.000688622754491018,FALSE,"AMBIENT",1,119,0.32580424366872,25
3.1,"5-53-1-3.1-60",60,0.000748502994011976,FALSE,"AMBIENT",1,409,1.11978097193703,60
4.1,"5-53-1-4.1-61",61,0.000359281437125748,TRUE,"AMBIENT",1,113,0.309377138945927,NA
1,"5-53-2-1-104",104,0.000789473684210526,TRUE,"AMBIENT",1,59,0.161533196440794,NA
2,"5-53-2-2-104",104,0.000315789473684211,TRUE,"AMBIENT",1,29,0.0793976728268309,NA
1,"5-53-3-1-81",81,0.000289473684210526,FALSE,"AMBIENT",1,724,1.98220396988364,81
1.1,"5-53-3-1.1-61",61,0.00029940119760479,TRUE,"AMBIENT",1,76,0.20807665982204,NA
2,"5-53-3-2-104",104,0.000842105263157895,TRUE,"AMBIENT",1,29,0.0793976728268309,NA
2.1,"5-53-3-2.1-61",61,0.000329341317365269,TRUE,"AMBIENT",1,76,0.20807665982204,NA
3,"5-53-3-3-104",104,0.000342105263157895,TRUE,"AMBIENT",1,29,0.0793976728268309,NA
4,"5-53-3-4-104",104,0.000315789473684211,TRUE,"AMBIENT",1,29,0.0793976728268309,NA
1,"5-53-4-1-80",80,0.000236842105263158,FALSE,"AMBIENT",1,576,1.57700205338809,80
2,"5-53-4-2-80",80,0.000236842105263158,FALSE,"AMBIENT",1,576,1.57700205338809,80
3,"5-53-4-3-98",98,0.00102631578947368,FALSE,"AMBIENT",1,1161,3.17864476386037,98
4,"5-53-4-4-104",104,0.000289473684210526,TRUE,"AMBIENT",1,355,0.971937029431896,NA
1.1,"5-53-5-1.1-12",12,0.000389221556886228,FALSE,"AMBIENT",1,367,1.00479123887748,12
2.1,"5-53-5-2.1-61",61,0.000329341317365269,TRUE,"AMBIENT",1,168,0.459958932238193,NA
1,"5-53-6-1-80",80,0.000289473684210526,FALSE,"AMBIENT",1,576,1.57700205338809,80
1.1,"5-53-7-1.1-13",13,0.000359281437125748,FALSE,"AMBIENT",1,231,0.632443531827515,13
2.1,"5-53-7-2.1-17",17,0.00104790419161677,FALSE,"AMBIENT",1,316,0.865160848733744,17
3.1,"5-53-7-3.1-22",22,0.000389221556886228,FALSE,"AMBIENT",1,444,1.21560574948665,22
4.1,"5-53-7-4.1-22",22,0.000329341317365269,FALSE,"AMBIENT",1,444,1.21560574948665,22
5.1,"5-53-7-5.1-23",23,0.00029940119760479,FALSE,"AMBIENT",1,437,1.19644079397673,23
6.1,"5-53-7-6.1-39",39,0.000419161676646707,FALSE,"AMBIENT",1,538,1.47296372347707,39
7.1,"5-53-7-7.1-43",43,0.00029940119760479,FALSE,"AMBIENT",1,537,1.47022587268994,43
8.1,"5-53-7-8.1-45",45,0.000329341317365269,FALSE,"AMBIENT",1,655,1.79329226557153,45
9.1,"5-53-7-9.1-44",44,0.00029940119760479,FALSE,"AMBIENT",1,567,1.5523613963039,44
10.1,"5-53-7-10.1-39",39,0.000359281437125748,FALSE,"AMBIENT",1,389,1.06502395619439,39
11.1,"5-53-7-11.1-55",55,0.000359281437125748,FALSE,"AMBIENT",1,181,0.49555099247091,55
12.1,"5-53-7-12.1-55",55,0.000389221556886228,FALSE,"AMBIENT",1,181,0.49555099247091,55
1,"5-53-8-1-71",71,0.000315789473684211,FALSE,"AMBIENT",1,330,0.903490759753593,71
2,"5-53-8-2-75",75,0.000289473684210526,FALSE,"AMBIENT",1,450,1.23203285420945,75
3,"5-53-8-3-104",104,0.000263157894736842,TRUE,"AMBIENT",1,355,0.971937029431896,NA
4,"5-53-8-4-104",104,0.000236842105263158,TRUE,"AMBIENT",1,29,0.0793976728268309,NA
1,"5-53-9-1-78",78,0.000263157894736842,FALSE,"AMBIENT",1,565,1.54688569472964,78
1.1,"5-53-9-1.1-10",10,0.000778443113772455,FALSE,"AMBIENT",1,163,0.446269678302533,10
2,"5-53-9-2-104",104,0.000394736842105263,TRUE,"AMBIENT",1,355,0.971937029431896,NA
2.1,"5-53-9-2.1-22",22,0.000359281437125748,FALSE,"AMBIENT",1,351,0.960985626283368,22
3,"5-53-9-3-104",104,0.000394736842105263,TRUE,"AMBIENT",1,355,0.971937029431896,NA
4,"5-53-9-4-104",104,0.000289473684210526,TRUE,"AMBIENT",1,29,0.0793976728268309,NA
5,"5-53-9-5-104",104,0.000315789473684211,TRUE,"AMBIENT",1,29,0.0793976728268309,NA
1,"5-53-10-1-87",87,0.000236842105263158,FALSE,"AMBIENT",1,233,0.63791923340178,87
2,"5-53-10-2-104",104,0.000236842105263158,FALSE,"AMBIENT",1,751,2.05612594113621,104
1,"5-53-11-1-78",78,0.000315789473684211,FALSE,"AMBIENT",1,565,1.54688569472964,78
1.1,"5-53-11-1.1-15",15,0.000359281437125748,FALSE,"AMBIENT",1,164,0.449007529089665,15
2,"5-53-11-2-85",85,0.000236842105263158,FALSE,"AMBIENT",1,169,0.462696783025325,85
2.1,"5-53-11-2.1-29",29,0.000329341317365269,FALSE,"AMBIENT",1,588,1.60985626283368,29
3.1,"5-53-11-3.1-42",42,0.00029940119760479,FALSE,"AMBIENT",1,954,2.61190965092402,42
4.1,"5-53-11-4.1-21",21,0.000389221556886228,FALSE,"AMBIENT",1,282,0.772073921971253,21
5.1,"5-53-11-5.1-50",50,0.000329341317365269,FALSE,"AMBIENT",1,1134,3.1047227926078,50
1,"5-53-12-1-104",104,0.000184210526315789,TRUE,"AMBIENT",1,1327,3.6331279945243,NA
2,"5-53-12-2-104",104,0.000289473684210526,TRUE,"AMBIENT",1,1327,3.6331279945243,NA
1,"5-53-13-1-104",104,0.000263157894736842,TRUE,"AMBIENT",1,1327,3.6331279945243,NA
1.1,"5-53-13-1.1-12",12,0.000209580838323353,FALSE,"AMBIENT",1,367,1.00479123887748,12
1,"5-53-14-1-70",70,0.000157894736842105,FALSE,"AMBIENT",1,275,0.752908966461328,70
1,"5-53-15-1-104",104,0.000184210526315789,TRUE,"AMBIENT",1,2028,5.5523613963039,NA
1.1,"5-53-15-1.1-61",61,0.00029940119760479,TRUE,"AMBIENT",1,651,1.782340862423,NA
1,"5-53-16-1-104",104,0.000184210526315789,TRUE,"AMBIENT",1,1327,3.6331279945243,NA
2,"5-53-16-2-104",104,0.000184210526315789,TRUE,"AMBIENT",1,1327,3.6331279945243,NA
3,"5-53-16-3-74",74,0.000526315789473684,FALSE,"AMBIENT",1,194,0.531143052703628,74
4,"5-53-16-4-79",79,0.000263157894736842,FALSE,"AMBIENT",1,278,0.761122518822724,79
1,"5-53-17-1-80",80,0.000210526315789474,FALSE,"AMBIENT",1,998,2.73237508555784,80
1.1,"5-53-17-1.1-50",50,0.000359281437125748,FALSE,"AMBIENT",1,684,1.87268993839836,50
2,"5-53-17-2-80",80,0.000315789473684211,FALSE,"AMBIENT",1,702,1.92197125256674,80
2.1,"5-53-17-2.1-61",61,0.000239520958083832,TRUE,"AMBIENT",1,372,1.01848049281314,NA
3,"5-53-17-3-104",104,0.000394736842105263,TRUE,"AMBIENT",1,1057,2.89390828199863,NA
3.1,"5-53-17-3.1-61",61,0.000419161676646707,TRUE,"AMBIENT",1,76,0.20807665982204,NA
1,"5-53-18-1-104",104,0.000447368421052632,TRUE,"AMBIENT",1,1327,3.6331279945243,NA
2,"5-53-18-2-80",80,0.000342105263157895,FALSE,"AMBIENT",1,349,0.955509924709103,80
1,"5-53-19-1-80",80,0.000421052631578947,FALSE,"AMBIENT",1,349,0.955509924709103,80
1.1,"5-53-19-1.1-53",53,0.000359281437125748,FALSE,"AMBIENT",1,1112,3.0444900752909,53
2,"5-53-19-2-104",104,0.000289473684210526,TRUE,"AMBIENT",1,1057,2.89390828199863,NA
1,"5-53-20-1-95",95,0.000289473684210526,FALSE,"AMBIENT",1,1063,2.91033538672142,95
2,"5-53-20-2-72",72,0.000289473684210526,FALSE,"AMBIENT",1,358,0.980150581793292,72
3,"5-53-20-3-95",95,0.000289473684210526,FALSE,"AMBIENT",1,761,2.08350444900753,95
1,"5-53-22-1-73",73,0.000131578947368421,FALSE,"AMBIENT",1,387,1.05954825462012,73
1,"5-53-23-1-104",104,0.000236842105263158,TRUE,"AMBIENT",1,2805,7.67967145790554,NA
1.1,"5-53-23-1.1-55",55,0.000479041916167665,FALSE,"AMBIENT",1,1124,3.07734428473648,55
1.1,"5-53-23-1.1-61",61,0.000479041916167665,TRUE,"AMBIENT",1,1428,3.90965092402464,NA
2.1,"5-53-23-2.1-51",51,0.000239520958083832,FALSE,"AMBIENT",1,349,0.955509924709103,51
3.1,"5-53-23-3.1-61",61,0.000389221556886228,TRUE,"AMBIENT",1,76,0.20807665982204,NA
1,"5-53-25-1-104",104,0.000526315789473684,TRUE,"AMBIENT",1,693,1.89733059548255,NA
1.1,"5-53-25-1.1-52",52,0.000269461077844311,FALSE,"AMBIENT",1,419,1.14715947980835,52
1.1,"5-53-25-1.1-61",61,0.000269461077844311,TRUE,"AMBIENT",1,812,2.22313483915127,NA
2.1,"5-53-25-2.1-52",52,0.00029940119760479,FALSE,"AMBIENT",1,419,1.14715947980835,52
1,"5-53-29-1-104",104,0.000236842105263158,TRUE,"AMBIENT",1,1300,3.55920602327173,NA
1.1,"5-53-29-1.1-31",31,0.000389221556886228,FALSE,"AMBIENT",1,48,0.131416837782341,31
2,"5-53-29-2-95",95,0.000236842105263158,FALSE,"AMBIENT",1,487,1.33333333333333,95
2.1,"5-53-29-2.1-55",55,0.000449101796407186,FALSE,"AMBIENT",1,865,2.36824093086927,55
2.1,"5-53-29-2.1-61",61,0.000449101796407186,TRUE,"AMBIENT",1,1169,3.20054757015743,NA
3.1,"5-53-29-3.1-61",61,0.00029940119760479,TRUE,"AMBIENT",1,168,0.459958932238193,NA
4.1,"5-53-29-4.1-61",61,0.00029940119760479,TRUE,"AMBIENT",1,168,0.459958932238193,NA
1,"5-53-30-1-104",104,0.000236842105263158,TRUE,"AMBIENT",1,1327,3.6331279945243,NA
1.1,"5-53-31-1.1-61",61,0.000419161676646707,TRUE,"AMBIENT",1,1169,3.20054757015743,NA
1.1,"5-54-1-1.1-12",12,0.000449101796407186,FALSE,"AMBIENT",1,93,0.254620123203285,12
2.1,"5-54-1-2.1-39",39,0.000329341317365269,FALSE,"AMBIENT",1,702,1.92197125256674,39
1.1,"5-54-3-1.1-22",22,0.000389221556886228,FALSE,"AMBIENT",1,718,1.96577686516085,22
2.1,"5-54-3-2.1-20",20,0.000269461077844311,FALSE,"AMBIENT",1,478,1.30869267624914,20
3.1,"5-54-3-3.1-61",61,0.000419161676646707,TRUE,"AMBIENT",1,141,0.386036960985626,NA
1,"5-54-4-1-91",91,0.000342105263157895,FALSE,"AMBIENT",1,299,0.818617385352498,91
1,"5-54-5-1-104",104,0.000473684210526316,TRUE,"AMBIENT",1,693,1.89733059548255,NA
1.1,"5-54-5-1.1-22",22,0.000359281437125748,FALSE,"AMBIENT",1,480,1.31416837782341,22
2,"5-54-5-2-101",101,0.000315789473684211,FALSE,"AMBIENT",1,613,1.67830253251198,101
2.1,"5-54-5-2.1-48",48,0.000419161676646707,FALSE,"AMBIENT",1,930,2.54620123203285,48
1,"5-54-6-1-79",79,0.000289473684210526,FALSE,"AMBIENT",1,321,0.878850102669405,79
2,"5-54-6-2-104",104,0.000789473684210526,TRUE,"AMBIENT",1,779,2.13278576317591,NA
3,"5-54-6-3-104",104,0.000578947368421053,TRUE,"AMBIENT",1,355,0.971937029431896,NA
1,"5-54-7-1-74",74,0.000315789473684211,FALSE,"AMBIENT",1,194,0.531143052703628,74
1.1,"5-54-11-1.1-3",3,0.000269461077844311,FALSE,"AMBIENT",1,77,0.210814510609172,3
2.1,"5-54-11-2.1-45",45,0.000329341317365269,FALSE,"AMBIENT",1,1214,3.32375085557837,45
3.1,"5-54-11-3.1-45",45,0.000269461077844311,FALSE,"AMBIENT",1,1214,3.32375085557837,45
4.1,"5-54-11-4.1-45",45,0.000269461077844311,FALSE,"AMBIENT",1,1214,3.32375085557837,45
5.1,"5-54-11-5.1-52",52,0.00029940119760479,FALSE,"AMBIENT",1,92,0.251882272416153,52
1,"5-54-12-1-104",104,0.000473684210526316,TRUE,"AMBIENT",1,462,1.26488706365503,NA
1.1,"5-54-13-1.1-53",53,0.000359281437125748,FALSE,"AMBIENT",1,1527,4.18069815195072,53
2.1,"5-54-13-2.1-57",57,0.000269461077844311,FALSE,"AMBIENT",1,1697,4.64613278576318,57
3.1,"5-54-13-3.1-60",60,0.000508982035928144,FALSE,"AMBIENT",1,1025,2.8062970568104,60
4.1,"5-54-13-4.1-57",57,0.000269461077844311,FALSE,"AMBIENT",1,419,1.14715947980835,57
5.1,"5-54-13-5.1-61",61,0.000269461077844311,TRUE,"AMBIENT",1,526,1.44010951403149,NA
6.1,"5-54-13-6.1-61",61,0.000568862275449102,TRUE,"AMBIENT",1,168,0.459958932238193,NA
1,"5-54-14-1-75",75,0.000236842105263158,FALSE,"AMBIENT",1,277,0.758384668035592,75
2,"5-54-14-2-75",75,0.000236842105263158,FALSE,"AMBIENT",1,277,0.758384668035592,75
1,"5-54-15-1-104",104,0.000236842105263158,TRUE,"AMBIENT",1,3143,8.60506502395619,NA
1.1,"5-54-15-1.1-29",29,0.000508982035928144,FALSE,"AMBIENT",1,653,1.78781656399726,29
2.1,"5-54-15-2.1-61",61,0.00029940119760479,TRUE,"AMBIENT",1,1766,4.83504449007529,NA
3.1,"5-54-15-3.1-57",57,0.000389221556886228,FALSE,"AMBIENT",1,1316,3.60301163586585,57
4.1,"5-54-15-4.1-59",59,0.000479041916167665,FALSE,"AMBIENT",1,538,1.47296372347707,59
5.1,"5-54-15-5.1-59",59,0.000209580838323353,FALSE,"AMBIENT",1,474,1.29774127310062,59
1.1,"5-54-17-1.1-57",57,0.00149700598802395,FALSE,"AMBIENT",1,1928,5.27857631759069,57
2.1,"5-54-17-2.1-20",20,0.000329341317365269,FALSE,"AMBIENT",1,478,1.30869267624914,20
3.1,"5-54-17-3.1-21",21,0.000329341317365269,FALSE,"AMBIENT",1,513,1.40451745379877,21
1,"5-54-23-1-92",92,0.000289473684210526,FALSE,"AMBIENT",1,396,1.08418891170431,92
1,"5-54-24-1-92",92,0.000368421052631579,FALSE,"AMBIENT",1,396,1.08418891170431,92
2,"5-54-24-2-92",92,0.000289473684210526,FALSE,"AMBIENT",1,253,0.692676249144422,92
1.1,"5-54-25-1.1-4",4,0.000419161676646707,FALSE,"AMBIENT",1,118,0.323066392881588,4
1,"5-55-1-1-73",73,0.000578947368421053,FALSE,"AMBIENT",0,387,1.05954825462012,73
1.1,"5-55-1-1.1-10",10,0.000508982035928144,FALSE,"AMBIENT",0,308,0.843258042436687,10
2,"5-55-1-2-73",73,0.000263157894736842,FALSE,"AMBIENT",0,387,1.05954825462012,73
2.1,"5-55-1-2.1-10",10,0.00029940119760479,FALSE,"AMBIENT",0,308,0.843258042436687,10
3.1,"5-55-1-3.1-10",10,0.000239520958083832,FALSE,"AMBIENT",0,308,0.843258042436687,10
4.1,"5-55-1-4.1-10",10,0.000269461077844311,FALSE,"AMBIENT",0,308,0.843258042436687,10
5.1,"5-55-1-5.1-19",19,0.000449101796407186,FALSE,"AMBIENT",0,319,0.87337440109514,19
6.1,"5-55-1-6.1-19",19,0.00029940119760479,FALSE,"AMBIENT",0,288,0.788501026694045,19
7.1,"5-55-1-7.1-18",18,0.00029940119760479,FALSE,"AMBIENT",0,213,0.583162217659138,18
8.1,"5-55-1-8.1-17",17,0.00029940119760479,FALSE,"AMBIENT",0,187,0.511978097193703,17
9.1,"5-55-1-9.1-17",17,0.000269461077844311,FALSE,"AMBIENT",0,187,0.511978097193703,17
10.1,"5-55-1-10.1-20",20,0.000269461077844311,FALSE,"AMBIENT",0,287,0.785763175906913,20
11.1,"5-55-1-11.1-22",22,0.000239520958083832,FALSE,"AMBIENT",0,351,0.960985626283368,22
12.1,"5-55-1-12.1-22",22,0.000209580838323353,FALSE,"AMBIENT",0,351,0.960985626283368,22
13.1,"5-55-1-13.1-18",18,0.000269461077844311,FALSE,"AMBIENT",0,213,0.583162217659138,18
14.1,"5-55-1-14.1-18",18,0.000239520958083832,FALSE,"AMBIENT",0,213,0.583162217659138,18
15.1,"5-55-1-15.1-21",21,0.000209580838323353,FALSE,"AMBIENT",0,282,0.772073921971253,21
16.1,"5-55-1-16.1-32",32,0.000329341317365269,FALSE,"AMBIENT",0,232,0.635181382614648,32
17.1,"5-55-1-17.1-40",40,0.000329341317365269,FALSE,"AMBIENT",0,256,0.700889801505818,40
18.1,"5-55-1-18.1-61",61,0.000239520958083832,TRUE,"AMBIENT",0,463,1.26762491444216,NA
1.1,"5-55-3-1.1-7",7,0.000329341317365269,FALSE,"AMBIENT",0,163,0.446269678302533,7
2.1,"5-55-3-2.1-32",32,0.000329341317365269,FALSE,"AMBIENT",0,599,1.63997262149213,32
3.1,"5-55-3-3.1-25",25,0.000329341317365269,FALSE,"AMBIENT",0,367,1.00479123887748,25
4.1,"5-55-3-4.1-57",57,0.000239520958083832,FALSE,"AMBIENT",0,295,0.80766598220397,57
5.1,"5-55-3-5.1-57",57,0.000269461077844311,FALSE,"AMBIENT",0,295,0.80766598220397,57
6.1,"5-55-3-6.1-56",56,0.000239520958083832,FALSE,"AMBIENT",0,195,0.53388090349076,56
1,"5-55-4-1-80",80,0.000236842105263158,FALSE,"AMBIENT",0,549,1.50308008213552,80
1.1,"5-55-5-1.1-11",11,0.000269461077844311,FALSE,"AMBIENT",0,339,0.928131416837782,11
2.1,"5-55-5-2.1-20",20,0.000269461077844311,FALSE,"AMBIENT",0,124,0.339493497604381,20
3.1,"5-55-5-3.1-21",21,0.000209580838323353,FALSE,"AMBIENT",0,109,0.298425735797399,21
2,"5-55-6-2-88",88,0.000315789473684211,FALSE,"AMBIENT",0,200,0.54757015742642,88
3,"5-55-6-3-101",101,0.000394736842105263,FALSE,"AMBIENT",0,613,1.67830253251198,101
1.1,"5-55-7-1.1-24",24,0.000329341317365269,FALSE,"AMBIENT",0,270,0.739219712525667,24
2.1,"5-55-7-2.1-24",24,0.000209580838323353,FALSE,"AMBIENT",0,119,0.32580424366872,24
3.1,"5-55-7-3.1-24",24,0.000209580838323353,FALSE,"AMBIENT",0,119,0.32580424366872,24
1,"5-55-9-1-81",81,0.000315789473684211,FALSE,"AMBIENT",0,761,2.08350444900753,81
1.1,"5-55-9-1.1-45",45,0.000269461077844311,FALSE,"AMBIENT",0,833,2.28062970568104,45
2.1,"5-55-9-2.1-59",59,0.000359281437125748,FALSE,"AMBIENT",0,1056,2.8911704312115,59
3.1,"5-55-9-3.1-61",61,0.000359281437125748,TRUE,"AMBIENT",0,113,0.309377138945927,NA
1.1,"5-55-11-1.1-17",17,0.000269461077844311,FALSE,"AMBIENT",0,187,0.511978097193703,17
2.1,"5-55-11-2.1-29",29,0.000269461077844311,FALSE,"AMBIENT",0,300,0.82135523613963,29
3.1,"5-55-11-3.1-31",31,0.000239520958083832,FALSE,"AMBIENT",0,259,0.709103353867214,31
4.1,"5-55-11-4.1-61",61,0.000389221556886228,TRUE,"AMBIENT",0,113,0.309377138945927,NA
5.1,"5-55-11-5.1-61",61,0.000269461077844311,TRUE,"AMBIENT",0,113,0.309377138945927,NA
6.1,"5-55-11-6.1-61",61,0.000269461077844311,TRUE,"AMBIENT",0,113,0.309377138945927,NA
7.1,"5-55-11-7.1-61",61,0.000269461077844311,TRUE,"AMBIENT",0,113,0.309377138945927,NA
1,"5-55-13-1-104",104,0.00081578947368421,TRUE,"AMBIENT",0,264,0.722792607802875,NA
1.1,"5-55-13-1.1-36",36,0.000269461077844311,FALSE,"AMBIENT",0,812,2.22313483915127,36
2.1,"5-55-13-2.1-48",48,0.000508982035928144,FALSE,"AMBIENT",0,215,0.588637919233402,48
3.1,"5-55-13-3.1-45",45,0.000359281437125748,FALSE,"AMBIENT",0,118,0.323066392881588,45
1,"5-55-14-1-104",104,0.00115789473684211,TRUE,"AMBIENT",0,264,0.722792607802875,NA
1,"5-55-15-1-104",104,0.000973684210526316,TRUE,"AMBIENT",0,264,0.722792607802875,NA
1.1,"5-55-15-1.1-36",36,0.000329341317365269,FALSE,"AMBIENT",0,772,2.11362080766598,36
2.1,"5-55-15-2.1-36",36,0.000329341317365269,FALSE,"AMBIENT",0,649,1.77686516084873,36
3.1,"5-55-15-3.1-29",29,0.000329341317365269,FALSE,"AMBIENT",0,273,0.747433264887064,29
4.1,"5-55-15-4.1-36",36,0.00029940119760479,FALSE,"AMBIENT",0,490,1.34154688569473,36
5.1,"5-55-15-5.1-36",36,0.000269461077844311,FALSE,"AMBIENT",0,371,1.01574264202601,36
6.1,"5-55-15-6.1-45",45,0.000479041916167665,FALSE,"AMBIENT",0,118,0.323066392881588,45
1,"5-55-17-1-104",104,0.000842105263157895,TRUE,"AMBIENT",0,264,0.722792607802875,NA
1.1,"5-55-17-1.1-19",19,0.000329341317365269,FALSE,"AMBIENT",0,186,0.509240246406571,19
2.1,"5-55-17-2.1-22",22,0.00029940119760479,FALSE,"AMBIENT",0,29,0.0793976728268309,22
3.1,"5-55-17-3.1-23",23,0.000239520958083832,FALSE,"AMBIENT",0,56,0.153319644079398,23
4.1,"5-55-17-4.1-22",22,0.000239520958083832,FALSE,"AMBIENT",0,29,0.0793976728268309,22
5.1,"5-55-17-5.1-45",45,0.00029940119760479,FALSE,"AMBIENT",0,595,1.6290212183436,45
6.1,"5-55-17-6.1-45",45,0.000419161676646707,FALSE,"AMBIENT",0,118,0.323066392881588,45
1,"5-55-19-1-85",85,0.000210526315789474,FALSE,"AMBIENT",0,147,0.402464065708419,85
1.1,"5-55-19-1.1-41",41,0.000239520958083832,FALSE,"AMBIENT",0,161,0.440793976728268,41
2.1,"5-55-19-2.1-41",41,0.000209580838323353,FALSE,"AMBIENT",0,161,0.440793976728268,41
3.1,"5-55-19-3.1-53",53,0.00029940119760479,FALSE,"AMBIENT",0,113,0.309377138945927,53
4.1,"5-55-19-4.1-61",61,0.000269461077844311,TRUE,"AMBIENT",0,76,0.20807665982204,NA
1.1,"5-55-21-1.1-61",61,0.000538922155688623,TRUE,"AMBIENT",0,2132,5.83709787816564,NA
2.1,"5-55-21-2.1-29",29,0.000389221556886228,FALSE,"AMBIENT",0,373,1.02121834360027,29
3.1,"5-55-21-3.1-26",26,0.000329341317365269,FALSE,"AMBIENT",0,209,0.572210814510609,26
4.1,"5-55-21-4.1-22",22,0.000329341317365269,FALSE,"AMBIENT",0,91,0.249144421629021,22
5.1,"5-55-21-5.1-20",20,0.000269461077844311,FALSE,"AMBIENT",0,27,0.0739219712525667,20
6.1,"5-55-21-6.1-50",50,0.000389221556886228,FALSE,"AMBIENT",0,943,2.58179329226557,50
7.1,"5-55-21-7.1-57",57,0.000329341317365269,FALSE,"AMBIENT",0,1260,3.44969199178645,57
8.1,"5-55-21-8.1-57",57,0.000269461077844311,FALSE,"AMBIENT",0,965,2.64202600958248,57
9.1,"5-55-21-9.1-50",50,0.000269461077844311,FALSE,"AMBIENT",0,648,1.7741273100616,50
10.1,"5-55-21-10.1-49",49,0.00029940119760479,FALSE,"AMBIENT",0,607,1.66187542778919,49
11.1,"5-55-21-11.1-49",49,0.000329341317365269,FALSE,"AMBIENT",0,607,1.66187542778919,49
12.1,"5-55-21-12.1-61",61,0.00029940119760479,TRUE,"AMBIENT",0,1133,3.10198494182067,NA
13.1,"5-55-21-13.1-60",60,0.000209580838323353,FALSE,"AMBIENT",0,317,0.867898699520876,60
14.1,"5-55-21-14.1-61",61,0.000239520958083832,TRUE,"AMBIENT",0,168,0.459958932238193,NA
1,"5-55-22-1-75",75,0.000552631578947368,FALSE,"AMBIENT",0,450,1.23203285420945,75
1,"5-55-23-1-75",75,0.000236842105263158,FALSE,"AMBIENT",0,325,0.889801505817933,75
1.1,"5-55-23-1.1-61",61,0.000389221556886228,TRUE,"AMBIENT",0,2132,5.83709787816564,NA
2,"5-55-23-2-86",86,0.000447368421052632,FALSE,"AMBIENT",0,104,0.284736481861739,86
2.1,"5-55-23-2.1-60",60,0.000538922155688623,FALSE,"AMBIENT",0,2056,5.6290212183436,60
3,"5-55-23-3-86",86,0.000289473684210526,FALSE,"AMBIENT",0,104,0.284736481861739,86
3.1,"5-55-23-3.1-24",24,0.00029940119760479,FALSE,"AMBIENT",0,696,1.90554414784394,24
4.1,"5-55-23-4.1-29",29,0.00029940119760479,FALSE,"AMBIENT",0,850,2.32717316906229,29
5.1,"5-55-23-5.1-41",41,0.000269461077844311,FALSE,"AMBIENT",0,1136,3.11019849418207,41
6.1,"5-55-23-6.1-29",29,0.00029940119760479,FALSE,"AMBIENT",0,373,1.02121834360027,29
7.1,"5-55-23-7.1-29",29,0.000239520958083832,FALSE,"AMBIENT",0,373,1.02121834360027,29
1,"5-55-24-1-99",99,0.000263157894736842,FALSE,"AMBIENT",0,507,1.38809034907598,99
2,"5-55-24-2-89",89,0.000236842105263158,FALSE,"AMBIENT",0,146,0.399726214921287,89
1,"5-55-25-1-78",78,0.000236842105263158,FALSE,"AMBIENT",0,2500,6.84462696783025,78
1.1,"5-55-25-1.1-14",14,0.000329341317365269,FALSE,"AMBIENT",0,203,0.555783709787817,14
2,"5-55-25-2-97",97,0.000473684210526316,FALSE,"AMBIENT",0,398,1.08966461327858,97
2.1,"5-55-25-2.1-61",61,0.000359281437125748,TRUE,"AMBIENT",0,1899,5.19917864476386,NA
3.1,"5-55-25-3.1-32",32,0.00029940119760479,FALSE,"AMBIENT",0,766,2.09719370294319,32
4.1,"5-55-25-4.1-32",32,0.000239520958083832,FALSE,"AMBIENT",0,701,1.9192334017796,32
5.1,"5-55-25-5.1-21",21,0.000239520958083832,FALSE,"AMBIENT",0,282,0.772073921971253,21
6.1,"5-55-25-6.1-38",38,0.000329341317365269,FALSE,"AMBIENT",0,301,0.824093086926763,38
7.1,"5-55-25-7.1-61",61,0.000419161676646707,TRUE,"AMBIENT",0,1246,3.4113620807666,NA
1,"5-55-26-1-76",76,0.000289473684210526,FALSE,"AMBIENT",0,481,1.31690622861054,76
1.1,"5-55-27-1.1-29",29,0.000329341317365269,FALSE,"AMBIENT",0,653,1.78781656399726,29
2.1,"5-55-27-2.1-29",29,0.000209580838323353,FALSE,"AMBIENT",0,653,1.78781656399726,29
3.1,"5-55-27-3.1-24",24,0.000269461077844311,FALSE,"AMBIENT",0,499,1.36618754277892,24
4.1,"5-55-27-4.1-26",26,0.000239520958083832,FALSE,"AMBIENT",0,562,1.53867214236824,26
5.1,"5-55-27-5.1-29",29,0.00029940119760479,FALSE,"AMBIENT",0,91,0.249144421629021,29
6.1,"5-55-27-6.1-60",60,0.000479041916167665,FALSE,"AMBIENT",0,317,0.867898699520876,60
1,"5-55-28-1-79",79,0.000236842105263158,FALSE,"AMBIENT",0,548,1.50034223134839,79
1.1,"5-55-29-1.1-32",32,0.000329341317365269,FALSE,"AMBIENT",0,732,2.0041067761807,32
2.1,"5-55-29-2.1-32",32,0.000209580838323353,FALSE,"AMBIENT",0,732,2.0041067761807,32
3.1,"5-55-29-3.1-32",32,0.000209580838323353,FALSE,"AMBIENT",0,732,2.0041067761807,32
4.1,"5-55-29-4.1-32",32,0.000209580838323353,FALSE,"AMBIENT",0,701,1.9192334017796,32
5.1,"5-55-29-5.1-32",32,0.000209580838323353,FALSE,"AMBIENT",0,701,1.9192334017796,32
6.1,"5-55-29-6.1-32",32,0.000239520958083832,FALSE,"AMBIENT",0,413,1.13073237508556,32
7.1,"5-55-29-7.1-36",36,0.000329341317365269,FALSE,"AMBIENT",0,139,0.380561259411362,36
8.1,"5-55-29-8.1-36",36,0.000239520958083832,FALSE,"AMBIENT",0,139,0.380561259411362,36
9.1,"5-55-29-9.1-36",36,0.00029940119760479,FALSE,"AMBIENT",0,139,0.380561259411362,36
10.1,"5-55-29-10.1-36",36,0.000359281437125748,FALSE,"AMBIENT",0,139,0.380561259411362,36
11.1,"5-55-29-11.1-36",36,0.000329341317365269,FALSE,"AMBIENT",0,139,0.380561259411362,36
1,"5-55-31-1-76",76,0.000315789473684211,FALSE,"AMBIENT",0,924,2.52977412731006,76
1.1,"5-55-31-1.1-49",49,0.00029940119760479,FALSE,"AMBIENT",0,874,2.39288158795346,49
2,"5-55-31-2-76",76,0.000315789473684211,FALSE,"AMBIENT",0,94,0.257357973990418,76
2.1,"5-55-31-2.1-49",49,0.000269461077844311,FALSE,"AMBIENT",0,839,2.29705681040383,49
3.1,"5-55-31-3.1-49",49,0.00029940119760479,FALSE,"AMBIENT",0,607,1.66187542778919,49
4.1,"5-55-31-4.1-36",36,0.000269461077844311,FALSE,"AMBIENT",0,139,0.380561259411362,36
5.1,"5-55-31-5.1-61",61,0.000419161676646707,TRUE,"AMBIENT",0,526,1.44010951403149,NA
6.1,"5-55-31-6.1-61",61,0.000359281437125748,TRUE,"AMBIENT",0,393,1.07597535934292,NA
7.1,"5-55-31-7.1-61",61,0.000269461077844311,TRUE,"AMBIENT",0,168,0.459958932238193,NA
8.1,"5-55-31-8.1-61",61,0.000329341317365269,TRUE,"AMBIENT",0,168,0.459958932238193,NA
9.1,"5-55-31-9.1-61",61,0.000269461077844311,TRUE,"AMBIENT",0,168,0.459958932238193,NA
10.1,"5-55-31-10.1-61",61,0.00029940119760479,TRUE,"AMBIENT",0,141,0.386036960985626,NA
1,"5-55-32-1-76",76,0.000368421052631579,FALSE,"AMBIENT",0,254,0.695414099931554,76
1.1,"5-55-33-1.1-21",21,0.00029940119760479,FALSE,"AMBIENT",0,350,0.958247775496235,21
1,"5-55-35-1-104",104,0.000342105263157895,TRUE,"AMBIENT",0,1327,3.6331279945243,NA
2,"5-55-35-2-98",98,0.000315789473684211,FALSE,"AMBIENT",0,1161,3.17864476386037,98
1,"5-56-1-1-75",75,0.000263157894736842,FALSE,"AMBIENT",0,500,1.36892539356605,75
1,"5-56-2-1-70",70,0.000236842105263158,FALSE,"AMBIENT",0,302,0.826830937713895,70
2,"5-56-2-2-86",86,0.000289473684210526,FALSE,"AMBIENT",0,182,0.498288843258042,86
1,"5-56-3-1-70",70,0.000236842105263158,FALSE,"AMBIENT",0,352,0.9637234770705,70
1.1,"5-56-3-1.1-9",9,0.000329341317365269,FALSE,"AMBIENT",0,274,0.750171115674196,9
2.1,"5-56-3-2.1-12",12,0.000329341317365269,FALSE,"AMBIENT",0,290,0.793976728268309,12
3.1,"5-56-3-3.1-57",57,0.000598802395209581,FALSE,"AMBIENT",0,483,1.3223819301848,57
1,"5-56-5-1-70",70,0.000236842105263158,FALSE,"AMBIENT",0,352,0.9637234770705,70
1.1,"5-56-5-1.1-8",8,0.00029940119760479,FALSE,"AMBIENT",0,238,0.65160848733744,8
2.1,"5-56-5-2.1-24",24,0.00029940119760479,FALSE,"AMBIENT",0,569,1.55783709787817,24
1,"5-56-6-1-69",69,0.000315789473684211,FALSE,"AMBIENT",0,270,0.739219712525667,69
2,"5-56-6-2-76",76,0.000315789473684211,FALSE,"AMBIENT",0,211,0.577686516084873,76
3,"5-56-6-3-76",76,0.000236842105263158,FALSE,"AMBIENT",0,211,0.577686516084873,76
1,"5-56-7-1-104",104,0.000263157894736842,TRUE,"AMBIENT",0,693,1.89733059548255,NA
1.1,"5-56-7-1.1-18",18,0.000239520958083832,FALSE,"AMBIENT",0,376,1.02943189596167,18
1,"5-56-9-1-68",68,0.000263157894736842,FALSE,"AMBIENT",0,227,0.621492128678987,68
1.1,"5-56-9-1.1-20",20,0.00029940119760479,FALSE,"AMBIENT",0,100,0.27378507871321,20
1,"5-56-10-1-74",74,0.000342105263157895,FALSE,"AMBIENT",0,421,1.15263518138261,74
1,"5-56-11-1-98",98,0.000236842105263158,FALSE,"AMBIENT",0,527,1.44284736481862,98
1,"5-56-12-1-104",104,0.000368421052631579,TRUE,"AMBIENT",0,693,1.89733059548255,NA
2,"5-56-12-2-104",104,0.000473684210526316,TRUE,"AMBIENT",0,693,1.89733059548255,NA
3,"5-56-12-3-104",104,0.000263157894736842,TRUE,"AMBIENT",0,693,1.89733059548255,NA
1,"5-56-13-1-72",72,0.000236842105263158,FALSE,"AMBIENT",0,358,0.980150581793292,72
1.1,"5-56-13-1.1-61",61,0.00029940119760479,TRUE,"AMBIENT",0,393,1.07597535934292,NA
2,"5-56-13-2-74",74,0.000184210526315789,FALSE,"AMBIENT",0,547,1.49760438056126,74
1,"5-56-15-1-70",70,0.000342105263157895,FALSE,"AMBIENT",0,465,1.27310061601643,70
1.1,"5-56-15-1.1-61",61,0.000329341317365269,TRUE,"AMBIENT",0,76,0.20807665982204,NA
1,"5-56-17-1-104",104,0.000289473684210526,FALSE,"AMBIENT",0,906,2.48049281314168,104
2,"5-56-17-2-104",104,0.000315789473684211,FALSE,"AMBIENT",0,582,1.59342915811088,104
1,"5-56-19-1-98",98,0.000210526315789474,FALSE,"AMBIENT",0,1287,3.52361396303901,98
1.1,"5-56-19-1.1-61",61,0.000239520958083832,TRUE,"AMBIENT",0,76,0.20807665982204,NA
2,"5-56-19-2-81",81,0.000157894736842105,FALSE,"AMBIENT",0,648,1.7741273100616,81
3,"5-56-19-3-98",98,0.000157894736842105,FALSE,"AMBIENT",0,1211,3.31553730321697,98
4,"5-56-19-4-74",74,0.000184210526315789,FALSE,"AMBIENT",0,194,0.531143052703628,74
5,"5-56-19-5-90",90,0.000526315789473684,FALSE,"AMBIENT",0,146,0.399726214921287,90
1,"5-56-20-1-104",104,0.000263157894736842,TRUE,"AMBIENT",0,1100,3.01163586584531,NA
2,"5-56-20-2-81",81,0.000105263157894737,FALSE,"AMBIENT",0,371,1.01574264202601,81
3,"5-56-20-3-82",82,0.000131578947368421,FALSE,"AMBIENT",0,407,1.11430527036277,82
4,"5-56-20-4-81",81,0.000131578947368421,FALSE,"AMBIENT",0,371,1.01574264202601,81
1,"5-56-21-1-82",82,0.000315789473684211,FALSE,"AMBIENT",0,407,1.11430527036277,82
2,"5-56-21-2-82",82,0.000236842105263158,FALSE,"AMBIENT",0,407,1.11430527036277,82
3,"5-56-21-3-82",82,0.000157894736842105,FALSE,"AMBIENT",0,36,0.0985626283367557,82
1,"5-56-22-1-89",89,0.000184210526315789,FALSE,"AMBIENT",0,595,1.6290212183436,89
1,"5-56-25-1-104",104,0.000526315789473684,TRUE,"AMBIENT",0,1681,4.60232717316906,NA
1,"5-56-27-1-76",76,0.000315789473684211,FALSE,"AMBIENT",0,308,0.843258042436687,76
2,"5-56-27-2-79",79,0.000315789473684211,FALSE,"AMBIENT",0,375,1.02669404517454,79
3,"5-56-27-3-79",79,0.000131578947368421,FALSE,"AMBIENT",0,321,0.878850102669405,79
4,"5-56-27-4-79",79,0.000157894736842105,FALSE,"AMBIENT",0,321,0.878850102669405,79
5,"5-56-27-5-76",76,0.000184210526315789,FALSE,"AMBIENT",0,254,0.695414099931554,76
6,"5-56-27-6-74",74,0.000184210526315789,FALSE,"AMBIENT",0,194,0.531143052703628,74
7,"5-56-27-7-79",79,0.000210526315789474,FALSE,"AMBIENT",0,161,0.440793976728268,79
1,"5-56-28-1-73",73,0.000342105263157895,FALSE,"AMBIENT",0,214,0.58590006844627,73
2,"5-56-28-2-73",73,0.000342105263157895,FALSE,"AMBIENT",0,214,0.58590006844627,73
1,"5-56-29-1-77",77,0.000342105263157895,FALSE,"AMBIENT",0,266,0.728268309377139,77
2,"5-56-29-2-104",104,0.000263157894736842,TRUE,"AMBIENT",0,729,1.9958932238193,NA
1,"5-56-32-1-104",104,0.000447368421052632,TRUE,"AMBIENT",0,1327,3.6331279945243,NA
2,"5-56-32-2-68",68,0.000368421052631579,FALSE,"AMBIENT",0,227,0.621492128678987,68
1,"5-56-33-1-68",68,0.000289473684210526,FALSE,"AMBIENT",0,445,1.21834360027379,68
1.1,"5-56-33-1.1-61",61,0.000359281437125748,TRUE,"AMBIENT",0,168,0.459958932238193,NA
1,"5-56-36-1-104",104,0.000289473684210526,TRUE,"AMBIENT",0,751,2.05612594113621,NA
2,"5-56-36-2-94",94,0.000263157894736842,FALSE,"AMBIENT",0,432,1.18275154004107,94
3,"5-56-36-3-104",104,0.000289473684210526,TRUE,"AMBIENT",0,729,1.9958932238193,NA
4,"5-56-36-4-104",104,0.000263157894736842,TRUE,"AMBIENT",0,729,1.9958932238193,NA
5,"5-56-36-5-104",104,0.000289473684210526,TRUE,"AMBIENT",0,608,1.66461327857632,NA
1,"5-57-1-1-83",83,0.000368421052631579,FALSE,"AMBIENT",0,226,0.618754277891855,83
1.1,"5-57-1-1.1-25",25,0.000808383233532934,FALSE,"AMBIENT",0,808,2.21218343600274,25
2.1,"5-57-1-2.1-60",60,0.000658682634730539,FALSE,"AMBIENT",0,296,0.810403832991102,60
3.1,"5-57-1-3.1-61",61,0.000329341317365269,TRUE,"AMBIENT",0,76,0.20807665982204,NA
4.1,"5-57-1-4.1-61",61,0.000329341317365269,TRUE,"AMBIENT",0,76,0.20807665982204,NA
1,"5-57-2-1-86",86,0.000210526315789474,FALSE,"AMBIENT",0,204,0.558521560574949,86
2,"5-57-2-2-103",103,0.000605263157894737,FALSE,"AMBIENT",0,407,1.11430527036277,103
1.1,"5-57-3-1.1-13",13,0.000538922155688623,FALSE,"AMBIENT",0,407,1.11430527036277,13
2.1,"5-57-3-2.1-33",33,0.000449101796407186,FALSE,"AMBIENT",0,1072,2.93497604380561,33
3.1,"5-57-3-3.1-33",33,0.000389221556886228,FALSE,"AMBIENT",0,1072,2.93497604380561,33
4.1,"5-57-3-4.1-14",14,0.000269461077844311,FALSE,"AMBIENT",0,167,0.457221081451061,14
1,"5-57-5-1-82",82,0.000368421052631579,FALSE,"AMBIENT",0,153,0.418891170431211,82
1.1,"5-57-5-1.1-14",14,0.000598802395209581,FALSE,"AMBIENT",0,441,1.20739219712526,14
2,"5-57-5-2-98",98,0.000342105263157895,FALSE,"AMBIENT",0,680,1.86173853524983,98
2.1,"5-57-5-2.1-12",12,0.000329341317365269,FALSE,"AMBIENT",0,367,1.00479123887748,12
3,"5-57-5-3-82",82,0.000263157894736842,FALSE,"AMBIENT",0,86,0.235455167693361,82
3.1,"5-57-5-3.1-12",12,0.000359281437125748,FALSE,"AMBIENT",0,367,1.00479123887748,12
4,"5-57-5-4-98",98,0.000342105263157895,FALSE,"AMBIENT",0,381,1.04312114989733,98
4.1,"5-57-5-4.1-14",14,0.000329341317365269,FALSE,"AMBIENT",0,441,1.20739219712526,14
5.1,"5-57-5-5.1-12",12,0.00116766467065868,FALSE,"AMBIENT",0,191,0.522929500342231,12
6.1,"5-57-5-6.1-12",12,0.000269461077844311,FALSE,"AMBIENT",0,93,0.254620123203285,12
7.1,"5-57-5-7.1-61",61,0.00029940119760479,TRUE,"AMBIENT",0,76,0.20807665982204,NA
8.1,"5-57-5-8.1-61",61,0.000329341317365269,TRUE,"AMBIENT",0,76,0.20807665982204,NA
1,"5-57-6-1-104",104,0.000394736842105263,TRUE,"AMBIENT",0,210,0.574948665297741,NA
1.1,"5-57-7-1.1-28",28,0.000209580838323353,FALSE,"AMBIENT",0,899,2.46132785763176,28
2.1,"5-57-7-2.1-61",61,0.00029940119760479,TRUE,"AMBIENT",0,372,1.01848049281314,NA
3.1,"5-57-7-3.1-61",61,0.000239520958083832,TRUE,"AMBIENT",0,76,0.20807665982204,NA
4.1,"5-57-7-4.1-61",61,0.000269461077844311,TRUE,"AMBIENT",0,76,0.20807665982204,NA
5.1,"5-57-7-5.1-61",61,0.00029940119760479,TRUE,"AMBIENT",0,76,0.20807665982204,NA
1.1,"5-57-9-1.1-61",61,0.00029940119760479,TRUE,"AMBIENT",0,168,0.459958932238193,NA
2.1,"5-57-9-2.1-61",61,0.000269461077844311,TRUE,"AMBIENT",0,76,0.20807665982204,NA
1,"5-57-11-1-79",79,0.000263157894736842,FALSE,"AMBIENT",0,98,0.268309377138946,79
1.1,"5-57-11-1.1-13",13,0.000449101796407186,FALSE,"AMBIENT",0,407,1.11430527036277,13
2.1,"5-57-11-2.1-19",19,0.000329341317365269,FALSE,"AMBIENT",0,627,1.71663244353183,19
3.1,"5-57-11-3.1-61",61,0.00029940119760479,TRUE,"AMBIENT",0,168,0.459958932238193,NA
1.1,"5-57-13-1.1-33",33,0.000389221556886228,FALSE,"AMBIENT",0,896,2.45311430527036,33
2.1,"5-57-13-2.1-19",19,0.000269461077844311,FALSE,"AMBIENT",0,423,1.15811088295688,19
1,"5-57-14-1-69",69,0.000289473684210526,FALSE,"AMBIENT",0,270,0.739219712525667,69
1,"5-57-17-1-104",104,0.000394736842105263,TRUE,"AMBIENT",0,1057,2.89390828199863,NA
1.1,"5-57-17-1.1-19",19,0.000464071856287425,FALSE,"AMBIENT",0,627,1.71663244353183,19
2,"5-57-17-2-85",85,0.000236842105263158,FALSE,"AMBIENT",0,475,1.30047912388775,85
2.1,"5-57-17-2.1-47",47,0.000269461077844311,FALSE,"AMBIENT",0,1586,4.34223134839151,47
3.1,"5-57-17-3.1-47",47,0.000209580838323353,FALSE,"AMBIENT",0,1348,3.69062286105407,47
1,"5-57-19-1-67",67,0.000289473684210526,FALSE,"AMBIENT",0,2396,6.55989048596851,67
1.1,"5-57-19-1.1-61",61,0.000389221556886228,TRUE,"AMBIENT",0,2173,5.94934976043806,NA
2,"5-57-19-2-86",86,5e-04,FALSE,"AMBIENT",0,510,1.39630390143737,86
2.1,"5-57-19-2.1-21",21,0.000389221556886228,FALSE,"AMBIENT",0,689,1.88637919233402,21
2.1,"5-57-19-2.1-61",61,0.000389221556886228,TRUE,"AMBIENT",0,2173,5.94934976043806,NA
3,"5-57-19-3-104",104,0.000157894736842105,TRUE,"AMBIENT",0,29,0.0793976728268309,NA
1,"5-57-22-1-104",104,0.000236842105263158,TRUE,"AMBIENT",0,997,2.7296372347707,NA
1,"5-57-23-1-83",83,0.000315789473684211,FALSE,"AMBIENT",0,406,1.11156741957563,83
1,"5-57-24-1-104",104,0.000289473684210526,TRUE,"AMBIENT",0,1057,2.89390828199863,NA
2,"5-57-24-2-104",104,0.000289473684210526,TRUE,"AMBIENT",0,1057,2.89390828199863,NA
1,"5-57-25-1-104",104,0.000710526315789474,TRUE,"AMBIENT",0,1100,3.01163586584531,NA
1.1,"5-57-25-1.1-53",53,0.000598802395209581,FALSE,"AMBIENT",0,1724,4.72005475701574,53
1.1,"5-57-25-1.1-61",61,0.000598802395209581,TRUE,"AMBIENT",0,2096,5.73853524982888,NA
2,"5-57-25-2-104",104,0.000315789473684211,TRUE,"AMBIENT",0,1057,2.89390828199863,NA
2.1,"5-57-25-2.1-61",61,0.000329341317365269,TRUE,"AMBIENT",0,651,1.782340862423,NA
3,"5-57-25-3-104",104,0.000263157894736842,TRUE,"AMBIENT",0,1057,2.89390828199863,NA
1,"5-57-26-1-69",69,0.000236842105263158,FALSE,"AMBIENT",0,270,0.739219712525667,69
2,"5-57-26-2-104",104,0.000763157894736842,TRUE,"AMBIENT",0,1057,2.89390828199863,NA
3,"5-57-26-3-104",104,0.000289473684210526,TRUE,"AMBIENT",0,940,2.57357973990418,NA
4,"5-57-26-4-104",104,0.000342105263157895,TRUE,"AMBIENT",0,80,0.219028062970568,NA
1,"5-57-27-1-104",104,0.000973684210526316,TRUE,"AMBIENT",0,1057,2.89390828199863,NA
1.1,"5-57-27-1.1-52",52,0.000508982035928144,FALSE,"AMBIENT",0,1703,4.66255989048597,52
1.1,"5-57-27-1.1-61",61,0.000508982035928144,TRUE,"AMBIENT",0,2096,5.73853524982888,NA
2,"5-57-27-2-104",104,0.000263157894736842,TRUE,"AMBIENT",0,1057,2.89390828199863,NA
3,"5-57-27-3-104",104,0.000263157894736842,TRUE,"AMBIENT",0,1057,2.89390828199863,NA
4,"5-57-27-4-104",104,0.000236842105263158,TRUE,"AMBIENT",0,1057,2.89390828199863,NA
5,"5-57-27-5-104",104,0.000263157894736842,TRUE,"AMBIENT",0,1057,2.89390828199863,NA
1,"5-57-28-1-101",101,0.000289473684210526,FALSE,"AMBIENT",0,1247,3.41409993155373,101
2,"5-57-28-2-104",104,0.000368421052631579,TRUE,"AMBIENT",0,1327,3.6331279945243,NA
3,"5-57-28-3-104",104,0.00110526315789474,TRUE,"AMBIENT",0,1057,2.89390828199863,NA
4,"5-57-28-4-104",104,0.000447368421052632,TRUE,"AMBIENT",0,1057,2.89390828199863,NA
5,"5-57-28-5-104",104,0.000289473684210526,TRUE,"AMBIENT",0,1057,2.89390828199863,NA
6,"5-57-28-6-104",104,0.000289473684210526,TRUE,"AMBIENT",0,1057,2.89390828199863,NA
7,"5-57-28-7-104",104,0.000289473684210526,TRUE,"AMBIENT",0,1057,2.89390828199863,NA
8,"5-57-28-8-104",104,0.00105263157894737,TRUE,"AMBIENT",0,116,0.317590691307324,NA
1,"5-57-29-1-104",104,0.000368421052631579,TRUE,"AMBIENT",0,1100,3.01163586584531,NA
2,"5-57-29-2-104",104,0.00107894736842105,TRUE,"AMBIENT",0,1057,2.89390828199863,NA
3,"5-57-29-3-104",104,0.000289473684210526,TRUE,"AMBIENT",0,1057,2.89390828199863,NA
4,"5-57-29-4-104",104,0.000289473684210526,TRUE,"AMBIENT",0,1057,2.89390828199863,NA
5,"5-57-29-5-104",104,0.000210526315789474,TRUE,"AMBIENT",0,729,1.9958932238193,NA
1,"5-57-30-1-104",104,0.000263157894736842,TRUE,"AMBIENT",0,1100,3.01163586584531,NA
2,"5-57-30-2-104",104,0.00134210526315789,TRUE,"AMBIENT",0,1057,2.89390828199863,NA
3,"5-57-30-3-104",104,0.000289473684210526,TRUE,"AMBIENT",0,1057,2.89390828199863,NA
4,"5-57-30-4-104",104,0.000289473684210526,TRUE,"AMBIENT",0,1057,2.89390828199863,NA
1,"5-57-31-1-104",104,0.000315789473684211,TRUE,"AMBIENT",0,1100,3.01163586584531,NA
2,"5-57-31-2-104",104,0.000289473684210526,TRUE,"AMBIENT",0,1025,2.8062970568104,NA
1,"5-57-32-1-104",104,0.000289473684210526,TRUE,"AMBIENT",0,1057,2.89390828199863,NA
2,"5-57-32-2-104",104,0.000315789473684211,TRUE,"AMBIENT",0,1057,2.89390828199863,NA
3,"5-57-32-3-104",104,0.000342105263157895,TRUE,"AMBIENT",0,1057,2.89390828199863,NA
4,"5-57-32-4-104",104,5e-04,TRUE,"AMBIENT",0,29,0.0793976728268309,NA
1,"5-57-33-1-104",104,0.000236842105263158,TRUE,"AMBIENT",0,3276,8.96919917864476,NA
1.1,"5-57-33-1.1-61",61,0.000389221556886228,TRUE,"AMBIENT",0,1899,5.19917864476386,NA
2,"5-57-33-2-82",82,0.000210526315789474,FALSE,"AMBIENT",0,2490,6.81724845995893,82
2.1,"5-57-33-2.1-61",61,0.000209580838323353,TRUE,"AMBIENT",0,1806,4.94455852156057,NA
3,"5-57-33-3-82",82,0.000184210526315789,FALSE,"AMBIENT",0,2490,6.81724845995893,82
3.1,"5-57-33-3.1-61",61,0.000239520958083832,TRUE,"AMBIENT",0,1806,4.94455852156057,NA
1,"5-57-34-1-104",104,0.000289473684210526,TRUE,"AMBIENT",0,1327,3.6331279945243,NA
2,"5-57-34-2-74",74,0.000263157894736842,FALSE,"AMBIENT",0,421,1.15263518138261,74
3,"5-57-34-3-104",104,0.000210526315789474,TRUE,"AMBIENT",0,1327,3.6331279945243,NA
4,"5-57-34-4-104",104,0.00121052631578947,TRUE,"AMBIENT",0,394,1.07871321013005,NA
1,"5-57-35-1-82",82,0.000552631578947368,FALSE,"AMBIENT",0,509,1.39356605065024,82
2,"5-57-35-2-104",104,0.000736842105263158,TRUE,"AMBIENT",0,1057,2.89390828199863,NA
3,"5-57-35-3-104",104,0.00134210526315789,TRUE,"AMBIENT",0,394,1.07871321013005,NA
4,"5-57-35-4-104",104,0.000526315789473684,TRUE,"AMBIENT",0,355,0.971937029431896,NA
1,"5-57-36-1-82",82,0.000289473684210526,FALSE,"AMBIENT",0,634,1.73579739904175,82
2,"5-57-36-2-104",104,0.000263157894736842,TRUE,"AMBIENT",0,1100,3.01163586584531,NA
3,"5-57-36-3-104",104,0.00121052631578947,TRUE,"AMBIENT",0,355,0.971937029431896,NA
1,"5-57-38-1-104",104,0.000605263157894737,TRUE,"AMBIENT",0,355,0.971937029431896,NA
1,"5-58-1-1-84",84,0.000236842105263158,FALSE,"AMBIENT",0,85,0.232717316906229,84
1.1,"5-58-1-1.1-11",11,0.000359281437125748,FALSE,"AMBIENT",0,339,0.928131416837782,11
2.1,"5-58-1-2.1-11",11,0.000389221556886228,FALSE,"AMBIENT",0,135,0.369609856262834,11
3.1,"5-58-1-3.1-11",11,0.000658682634730539,FALSE,"AMBIENT",0,101,0.276522929500342,11
4.1,"5-58-1-4.1-59",59,0.000329341317365269,FALSE,"AMBIENT",0,55,0.150581793292266,59
1.1,"5-58-3-1.1-55",55,0.000329341317365269,FALSE,"AMBIENT",0,181,0.49555099247091,55
2.1,"5-58-3-2.1-61",61,0.00029940119760479,TRUE,"AMBIENT",0,168,0.459958932238193,NA
1,"5-58-7-1-73",73,0.000210526315789474,FALSE,"AMBIENT",0,117,0.320328542094456,73
1.1,"5-58-9-1.1-61",61,0.000329341317365269,TRUE,"AMBIENT",0,168,0.459958932238193,NA
1.1,"5-58-11-1.1-58",58,0.000329341317365269,FALSE,"AMBIENT",0,27,0.0739219712525667,58
1.1,"5-58-13-1.1-25",25,0.000568862275449102,FALSE,"AMBIENT",0,632,1.73032169746749,25
1,"5-58-16-1-73",73,0.000263157894736842,FALSE,"AMBIENT",0,214,0.58590006844627,73
1.1,"5-58-17-1.1-16",16,0.000389221556886228,FALSE,"AMBIENT",0,292,0.799452429842574,16
1.1,"5-58-19-1.1-41",41,0.000688622754491018,FALSE,"AMBIENT",0,1136,3.11019849418207,41
1,"5-59-1-1-100",100,0.000315789473684211,FALSE,"AMBIENT",0,941,2.57631759069131,100
1.1,"5-59-1-1.1-9",9,0.000359281437125748,FALSE,"AMBIENT",0,233,0.63791923340178,9
2,"5-59-1-2-80",80,0.000342105263157895,FALSE,"AMBIENT",0,218,0.596851471594798,80
1.1,"5-59-3-1.1-11",11,0.000389221556886228,FALSE,"AMBIENT",0,339,0.928131416837782,11
1,"5-59-6-1-82",82,0.000368421052631579,FALSE,"AMBIENT",0,247,0.676249144421629,82
2,"5-59-6-2-81",81,0.000342105263157895,FALSE,"AMBIENT",0,211,0.577686516084873,81
1.1,"5-59-7-1.1-10",10,0.000389221556886228,FALSE,"AMBIENT",0,70,0.191649555099247,10
1,"5-59-8-1-73",73,0.000289473684210526,FALSE,"AMBIENT",0,387,1.05954825462012,73
2,"5-59-8-2-73",73,0.000315789473684211,FALSE,"AMBIENT",0,387,1.05954825462012,73
1,"5-59-9-1-74",74,0.000184210526315789,FALSE,"AMBIENT",0,2017,5.52224503764545,74
1.1,"5-59-9-1.1-21",21,0.000329341317365269,FALSE,"AMBIENT",0,544,1.48939082819986,21
1.1,"5-59-11-1.1-43",43,0.000359281437125748,FALSE,"AMBIENT",0,364,0.996577686516085,43
1.1,"5-59-13-1.1-43",43,0.00029940119760479,FALSE,"AMBIENT",0,400,1.09514031485284,43
2.1,"5-59-13-2.1-43",43,0.000239520958083832,FALSE,"AMBIENT",0,400,1.09514031485284,43
1,"5-59-15-1-104",104,0.000526315789473684,TRUE,"AMBIENT",0,940,2.57357973990418,NA
1.1,"5-59-15-1.1-16",16,0.00107784431137725,FALSE,"AMBIENT",0,412,1.12799452429843,16
1,"5-59-16-1-73",73,0.000763157894736842,FALSE,"AMBIENT",0,214,0.58590006844627,73
2,"5-59-16-2-104",104,0.000684210526315789,TRUE,"AMBIENT",0,940,2.57357973990418,NA
3,"5-59-16-3-104",104,0.000289473684210526,TRUE,"AMBIENT",0,729,1.9958932238193,NA
1,"5-59-18-1-104",104,0.000263157894736842,TRUE,"AMBIENT",0,394,1.07871321013005,NA
1,"5-59-21-1-70",70,0.000421052631578947,FALSE,"AMBIENT",0,352,0.9637234770705,70
2,"5-59-21-2-70",70,0.000368421052631579,FALSE,"AMBIENT",0,352,0.9637234770705,70
3,"5-59-21-3-70",70,0.000368421052631579,FALSE,"AMBIENT",0,352,0.9637234770705,70
1,"5-59-24-1-104",104,0.000368421052631579,TRUE,"AMBIENT",0,29,0.0793976728268309,NA
1,"5-59-26-1-104",104,0.000763157894736842,TRUE,"AMBIENT",0,1181,3.23340177960301,NA
2,"5-59-26-2-98",98,0.000394736842105263,FALSE,"AMBIENT",0,711,1.94661190965092,98
1,"5-59-27-1-104",104,0.000368421052631579,TRUE,"AMBIENT",0,80,0.219028062970568,NA
1.1,"5-59-27-1.1-61",61,0.000359281437125748,TRUE,"AMBIENT",0,393,1.07597535934292,NA
1,"5-59-29-1-81",81,0.000315789473684211,FALSE,"AMBIENT",0,328,0.898015058179329,81
1.1,"5-59-29-1.1-60",60,0.000329341317365269,FALSE,"AMBIENT",0,757,2.072553045859,60
2.1,"5-59-29-2.1-55",55,0.000359281437125748,FALSE,"AMBIENT",0,181,0.49555099247091,55
1,"5-59-31-1-81",81,0.000552631578947368,FALSE,"AMBIENT",0,240,0.657084188911704,81
1.1,"5-59-31-1.1-36",36,0.000329341317365269,FALSE,"AMBIENT",0,175,0.479123887748118,36
1,"5-59-32-1-84",84,5e-04,FALSE,"AMBIENT",0,361,0.988364134154689,84
1.1,"5-59-33-1.1-12",12,0.000449101796407186,FALSE,"AMBIENT",0,163,0.446269678302533,12
2.1,"5-59-33-2.1-11",11,0.00029940119760479,FALSE,"AMBIENT",0,65,0.177960301163587,11
1,"5-59-34-1-104",104,0.000368421052631579,TRUE,"AMBIENT",0,1327,3.6331279945243,NA
2,"5-59-34-2-84",84,0.000289473684210526,FALSE,"AMBIENT",0,143,0.39151266255989,84
1,"5-59-35-1-104",104,0.000368421052631579,TRUE,"AMBIENT",0,1327,3.6331279945243,NA
1,"5-59-37-1-104",104,0.000289473684210526,TRUE,"AMBIENT",0,1327,3.6331279945243,NA
1,"5-60-1-1-104",104,0.000342105263157895,TRUE,"AMBIENT",0,59,0.161533196440794,NA
1.1,"5-60-1-1.1-21",21,0.000179640718562874,FALSE,"AMBIENT",0,381,1.04312114989733,21
1.1,"5-60-3-1.1-26",26,0.000359281437125748,FALSE,"AMBIENT",0,836,2.28884325804244,26
2.1,"5-60-3-2.1-13",13,0.000389221556886228,FALSE,"AMBIENT",0,231,0.632443531827515,13
1,"5-60-5-1-84",84,0.000236842105263158,FALSE,"AMBIENT",0,85,0.232717316906229,84
1.1,"5-60-5-1.1-19",19,0.000209580838323353,FALSE,"AMBIENT",0,451,1.23477070499658,19
2,"5-60-5-2-84",84,0.000263157894736842,FALSE,"AMBIENT",0,85,0.232717316906229,84
1,"5-60-6-1-67",67,0.000263157894736842,FALSE,"AMBIENT",0,89,0.243668720054757,67
2,"5-60-6-2-83",83,0.000236842105263158,FALSE,"AMBIENT",0,100,0.27378507871321,83
1.1,"5-60-7-1.1-24",24,0.000598802395209581,FALSE,"AMBIENT",0,773,2.11635865845311,24
2.1,"5-60-7-2.1-21",21,0.000568862275449102,FALSE,"AMBIENT",0,689,1.88637919233402,21
3.1,"5-60-7-3.1-12",12,0.000419161676646707,FALSE,"AMBIENT",0,367,1.00479123887748,12
4.1,"5-60-7-4.1-61",61,0.00116766467065868,TRUE,"AMBIENT",0,393,1.07597535934292,NA
1,"5-60-11-1-80",80,0.000210526315789474,FALSE,"AMBIENT",0,1843,5.04585900068446,80
1.1,"5-60-11-1.1-11",11,0.000568862275449102,FALSE,"AMBIENT",0,339,0.928131416837782,11
2.1,"5-60-11-2.1-61",61,0.000329341317365269,TRUE,"AMBIENT",0,1217,3.33196440793977,NA
1,"5-60-13-1-92",92,5e-04,FALSE,"AMBIENT",0,296,0.810403832991102,92
1.1,"5-60-13-1.1-22",22,0.00122754491017964,FALSE,"AMBIENT",0,64,0.175222450376454,22
2,"5-60-13-2-104",104,0.000315789473684211,TRUE,"AMBIENT",0,80,0.219028062970568,NA
1,"5-60-14-1-101",101,0.000263157894736842,FALSE,"AMBIENT",0,1247,3.41409993155373,101
2,"5-60-14-2-104",104,0.000236842105263158,TRUE,"AMBIENT",0,1327,3.6331279945243,NA
3,"5-60-14-3-80",80,0.000184210526315789,FALSE,"AMBIENT",0,576,1.57700205338809,80
4,"5-60-14-4-104",104,0.000210526315789474,TRUE,"AMBIENT",0,693,1.89733059548255,NA
5,"5-60-14-5-104",104,0.000657894736842105,TRUE,"AMBIENT",0,651,1.782340862423,NA
6,"5-60-14-6-104",104,0.000289473684210526,TRUE,"AMBIENT",0,80,0.219028062970568,NA
7,"5-60-14-7-104",104,0.000210526315789474,TRUE,"AMBIENT",0,29,0.0793976728268309,NA
1,"5-60-15-1-104",104,0.000236842105263158,TRUE,"AMBIENT",0,1770,4.84599589322382,NA
1.1,"5-60-15-1.1-61",61,0.00029940119760479,TRUE,"AMBIENT",0,769,2.10540725530459,NA
2,"5-60-15-2-104",104,0.000157894736842105,TRUE,"AMBIENT",0,651,1.782340862423,NA
2.1,"5-60-15-2.1-61",61,0.000269461077844311,TRUE,"AMBIENT",0,485,1.32785763175907,NA
1,"5-60-16-1-104",104,0.000210526315789474,TRUE,"AMBIENT",0,1327,3.6331279945243,NA
2,"5-60-16-2-104",104,0.000210526315789474,TRUE,"AMBIENT",0,1327,3.6331279945243,NA
1.1,"5-60-17-1.1-61",61,0.00029940119760479,TRUE,"AMBIENT",0,393,1.07597535934292,NA
1,"5-60-18-1-104",104,0.000263157894736842,TRUE,"AMBIENT",0,1327,3.6331279945243,NA
1,"5-60-27-1-104",104,0.000289473684210526,TRUE,"AMBIENT",0,1327,3.6331279945243,NA
1,"5-60-30-1-104",104,0.000210526315789474,TRUE,"AMBIENT",0,729,1.9958932238193,NA
1,"5-60-34-1-86",86,0.000210526315789474,FALSE,"AMBIENT",0,780,2.13552361396304,86
1,"6-61-1-1-64",64,0.000342105263157895,FALSE,"AMBIENT",1,84,0.229979466119097,64
1.1,"6-61-1-1.1-5",5,0.000359281437125748,FALSE,"AMBIENT",1,145,0.396988364134155,5
1,"6-61-2-1-86",86,0.000184210526315789,FALSE,"AMBIENT",1,780,2.13552361396304,86
1,"6-61-3-1-82",82,0.000289473684210526,FALSE,"AMBIENT",1,86,0.235455167693361,82
1.1,"6-61-3-1.1-25",25,0.000688622754491018,FALSE,"AMBIENT",1,808,2.21218343600274,25
2,"6-61-3-2-103",103,0.000184210526315789,FALSE,"AMBIENT",1,518,1.41820670773443,103
2.1,"6-61-3-2.1-6",6,0.000329341317365269,FALSE,"AMBIENT",1,176,0.48186173853525,6
3.1,"6-61-3-3.1-6",6,0.000419161676646707,FALSE,"AMBIENT",1,176,0.48186173853525,6
4.1,"6-61-3-4.1-5",5,0.000449101796407186,FALSE,"AMBIENT",1,145,0.396988364134155,5
5.1,"6-61-3-5.1-5",5,0.000419161676646707,FALSE,"AMBIENT",1,145,0.396988364134155,5
6.1,"6-61-3-6.1-5",5,0.000419161676646707,FALSE,"AMBIENT",1,145,0.396988364134155,5
7.1,"6-61-3-7.1-5",5,0.000419161676646707,FALSE,"AMBIENT",1,145,0.396988364134155,5
8.1,"6-61-3-8.1-5",5,0.000389221556886228,FALSE,"AMBIENT",1,145,0.396988364134155,5
1,"6-61-4-1-69",69,0.000342105263157895,FALSE,"AMBIENT",1,270,0.739219712525667,69
2,"6-61-4-2-69",69,0.000157894736842105,FALSE,"AMBIENT",1,270,0.739219712525667,69
3,"6-61-4-3-69",69,0.000157894736842105,FALSE,"AMBIENT",1,270,0.739219712525667,69
4,"6-61-4-4-69",69,0.000210526315789474,FALSE,"AMBIENT",1,270,0.739219712525667,69
1,"6-61-5-1-102",102,0.000263157894736842,FALSE,"AMBIENT",1,1431,3.91786447638604,102
1.1,"6-61-5-1.1-24",24,0.000329341317365269,FALSE,"AMBIENT",1,406,1.11156741957563,24
2,"6-61-5-2-74",74,0.000263157894736842,FALSE,"AMBIENT",1,547,1.49760438056126,74
2.1,"6-61-5-2.1-28",28,0.000209580838323353,FALSE,"AMBIENT",1,492,1.34702258726899,28
3.1,"6-61-5-3.1-24",24,0.000179640718562874,FALSE,"AMBIENT",1,366,1.00205338809035,24
4.1,"6-61-5-4.1-32",32,0.000209580838323353,FALSE,"AMBIENT",1,633,1.73305954825462,32
5.1,"6-61-5-5.1-61",61,0.000269461077844311,TRUE,"AMBIENT",1,1619,4.43258042436687,NA
6.1,"6-61-5-6.1-60",60,0.00062874251497006,FALSE,"AMBIENT",1,122,0.334017796030116,60
7.1,"6-61-5-7.1-61",61,0.000209580838323353,TRUE,"AMBIENT",1,113,0.309377138945927,NA
8.1,"6-61-5-8.1-61",61,0.000239520958083832,TRUE,"AMBIENT",1,76,0.20807665982204,NA
1,"6-61-7-1-104",104,0.000289473684210526,TRUE,"AMBIENT",1,1453,3.97809719370294,NA
1.1,"6-61-7-1.1-52",52,0.000329341317365269,FALSE,"AMBIENT",1,258,0.706365503080082,52
2,"6-61-7-2-104",104,0.000236842105263158,TRUE,"AMBIENT",1,1453,3.97809719370294,NA
2.1,"6-61-7-2.1-61",61,0.000269461077844311,TRUE,"AMBIENT",1,76,0.20807665982204,NA
3,"6-61-7-3-104",104,0.000263157894736842,TRUE,"AMBIENT",1,1453,3.97809719370294,NA
3.1,"6-61-7-3.1-61",61,0.000269461077844311,TRUE,"AMBIENT",1,76,0.20807665982204,NA
4,"6-61-7-4-104",104,0.000236842105263158,TRUE,"AMBIENT",1,394,1.07871321013005,NA
4.1,"6-61-7-4.1-61",61,0.000239520958083832,TRUE,"AMBIENT",1,76,0.20807665982204,NA
5,"6-61-7-5-104",104,0.000315789473684211,TRUE,"AMBIENT",1,394,1.07871321013005,NA
6,"6-61-7-6-104",104,0.000236842105263158,TRUE,"AMBIENT",1,394,1.07871321013005,NA
7,"6-61-7-7-104",104,0.000263157894736842,TRUE,"AMBIENT",1,394,1.07871321013005,NA
8,"6-61-7-8-104",104,0.000210526315789474,TRUE,"AMBIENT",1,394,1.07871321013005,NA
1,"6-61-8-1-104",104,0.000631578947368421,TRUE,"AMBIENT",1,436,1.1937029431896,NA
2,"6-61-8-2-104",104,0.001,TRUE,"AMBIENT",1,436,1.1937029431896,NA
3,"6-61-8-3-104",104,0.000289473684210526,FALSE,"AMBIENT",1,394,1.07871321013005,104
4,"6-61-8-4-104",104,0.000131578947368421,TRUE,"AMBIENT",1,394,1.07871321013005,NA
1,"6-61-9-1-104",104,0.000736842105263158,TRUE,"AMBIENT",1,436,1.1937029431896,NA
2,"6-61-9-2-104",104,0.000236842105263158,TRUE,"AMBIENT",1,394,1.07871321013005,NA
3,"6-61-9-3-104",104,0.000157894736842105,TRUE,"AMBIENT",1,394,1.07871321013005,NA
1,"6-61-11-1-101",101,0.000263157894736842,FALSE,"AMBIENT",1,314,0.85968514715948,101
2,"6-61-11-2-104",104,0.000184210526315789,TRUE,"AMBIENT",1,394,1.07871321013005,NA
1.1,"6-61-15-1.1-13",13,0.000329341317365269,FALSE,"AMBIENT",1,231,0.632443531827515,13
2.1,"6-61-15-2.1-51",51,0.000329341317365269,FALSE,"AMBIENT",1,124,0.339493497604381,51
1,"6-61-19-1-84",84,0.000289473684210526,FALSE,"AMBIENT",1,204,0.558521560574949,84
1,"6-61-23-1-99",99,0.000368421052631579,FALSE,"AMBIENT",1,438,1.19917864476386,99
1.1,"6-61-23-1.1-12",12,0.00029940119760479,FALSE,"AMBIENT",1,191,0.522929500342231,12
2.1,"6-61-23-2.1-12",12,0.000419161676646707,FALSE,"AMBIENT",1,163,0.446269678302533,12
1.1,"6-61-27-1.1-27",27,0.000329341317365269,FALSE,"AMBIENT",1,593,1.62354551676934,27
1.1,"6-61-29-1.1-25",25,0.000209580838323353,FALSE,"AMBIENT",1,441,1.20739219712526,25
1,"6-61-30-1-101",101,0.000210526315789474,FALSE,"AMBIENT",1,1247,3.41409993155373,101
2,"6-61-30-2-104",104,0.000184210526315789,TRUE,"AMBIENT",1,1327,3.6331279945243,NA
3,"6-61-30-3-104",104,0.000236842105263158,TRUE,"AMBIENT",1,779,2.13278576317591,NA
1,"6-61-35-1-101",101,0.000263157894736842,FALSE,"AMBIENT",1,1247,3.41409993155373,101
1.1,"6-62-1-1.1-4",4,0.000329341317365269,FALSE,"AMBIENT",1,118,0.323066392881588,4
2.1,"6-62-1-2.1-26",26,0.000329341317365269,FALSE,"AMBIENT",1,282,0.772073921971253,26
3.1,"6-62-1-3.1-51",51,0.000359281437125748,FALSE,"AMBIENT",1,577,1.57973990417522,51
4.1,"6-62-1-4.1-48",48,0.00029940119760479,FALSE,"AMBIENT",1,323,0.884325804243669,48
5.1,"6-62-1-5.1-61",61,0.000419161676646707,TRUE,"AMBIENT",1,463,1.26762491444216,NA
1,"6-62-2-1-87",87,0.000315789473684211,FALSE,"AMBIENT",1,539,1.4757015742642,87
1.1,"6-62-3-1.1-9",9,0.000389221556886228,FALSE,"AMBIENT",1,274,0.750171115674196,9
2.1,"6-62-3-2.1-9",9,0.000359281437125748,FALSE,"AMBIENT",1,274,0.750171115674196,9
3.1,"6-62-3-3.1-9",9,0.000329341317365269,FALSE,"AMBIENT",1,274,0.750171115674196,9
4.1,"6-62-3-4.1-9",9,0.000329341317365269,FALSE,"AMBIENT",1,274,0.750171115674196,9
5.1,"6-62-3-5.1-19",19,0.000419161676646707,FALSE,"AMBIENT",1,550,1.50581793292266,19
6.1,"6-62-3-6.1-11",11,0.000449101796407186,FALSE,"AMBIENT",1,262,0.717316906228611,11
7.1,"6-62-3-7.1-53",53,0.00029940119760479,FALSE,"AMBIENT",1,91,0.249144421629021,53
1.1,"6-62-5-1.1-9",9,0.000778443113772455,FALSE,"AMBIENT",1,274,0.750171115674196,9
2.1,"6-62-5-2.1-21",21,0.000359281437125748,FALSE,"AMBIENT",1,62,0.16974674880219,21
1,"6-62-6-1-77",77,0.000289473684210526,FALSE,"AMBIENT",1,493,1.34976043805613,77
2,"6-62-6-2-81",81,0.000289473684210526,FALSE,"AMBIENT",1,117,0.320328542094456,81
1,"6-62-7-1-104",104,0.000289473684210526,TRUE,"AMBIENT",1,547,1.49760438056126,NA
1.1,"6-62-7-1.1-56",56,0.000359281437125748,FALSE,"AMBIENT",1,679,1.8590006844627,56
1.1,"6-62-9-1.1-29",29,0.000389221556886228,FALSE,"AMBIENT",1,927,2.53798767967146,29
2.1,"6-62-9-2.1-7",7,0.00029940119760479,FALSE,"AMBIENT",1,163,0.446269678302533,7
3.1,"6-62-9-3.1-37",37,0.000359281437125748,FALSE,"AMBIENT",1,244,0.668035592060233,37
1,"6-62-10-1-104",104,0.000236842105263158,TRUE,"AMBIENT",1,812,2.22313483915127,NA
2,"6-62-10-2-104",104,5e-04,TRUE,"AMBIENT",1,144,0.394250513347023,NA
1.1,"6-62-11-1.1-28",28,0.000329341317365269,FALSE,"AMBIENT",1,560,1.53319644079398,28
1.1,"6-62-13-1.1-36",36,0.000389221556886228,FALSE,"AMBIENT",1,552,1.51129363449692,36
2.1,"6-62-13-2.1-37",37,0.000269461077844311,FALSE,"AMBIENT",1,244,0.668035592060233,37
3.1,"6-62-13-3.1-41",41,0.000359281437125748,FALSE,"AMBIENT",1,300,0.82135523613963,41
1,"6-62-15-1-104",104,0.000210526315789474,TRUE,"AMBIENT",1,751,2.05612594113621,NA
1.1,"6-62-15-1.1-21",21,0.000359281437125748,FALSE,"AMBIENT",1,35,0.0958247775496235,21
2.1,"6-62-15-2.1-45",45,0.000508982035928144,FALSE,"AMBIENT",1,322,0.881587953456537,45
1,"6-62-16-1-104",104,0.000289473684210526,TRUE,"AMBIENT",1,1327,3.6331279945243,NA
2,"6-62-16-2-104",104,0.000421052631578947,TRUE,"AMBIENT",1,1327,3.6331279945243,NA
1,"6-62-17-1-81",81,0.000289473684210526,FALSE,"AMBIENT",1,648,1.7741273100616,81
1.1,"6-62-17-1.1-37",37,0.00029940119760479,FALSE,"AMBIENT",1,128,0.350444900752909,37
1,"6-62-19-1-79",79,0.000315789473684211,FALSE,"AMBIENT",1,98,0.268309377138946,79
1.1,"6-62-19-1.1-28",28,0.000718562874251497,FALSE,"AMBIENT",1,899,2.46132785763176,28
2.1,"6-62-19-2.1-12",12,0.000329341317365269,FALSE,"AMBIENT",1,367,1.00479123887748,12
3.1,"6-62-19-3.1-17",17,0.000568862275449102,FALSE,"AMBIENT",1,280,0.766598220396988,17
4.1,"6-62-19-4.1-59",59,0.000329341317365269,FALSE,"AMBIENT",1,1104,3.02258726899384,59
1.1,"6-62-21-1.1-61",61,0.000359281437125748,TRUE,"AMBIENT",1,2173,5.94934976043806,NA
2.1,"6-62-21-2.1-61",61,0.000508982035928144,TRUE,"AMBIENT",1,2173,5.94934976043806,NA
1.1,"6-62-27-1.1-49",49,0.000269461077844311,FALSE,"AMBIENT",1,97,0.265571526351814,49
1,"6-62-32-1-93",93,0.000342105263157895,FALSE,"AMBIENT",1,611,1.67282683093771,93
1.1,"6-62-33-1.1-54",54,0.000269461077844311,FALSE,"AMBIENT",1,1837,5.02943189596167,54
2.1,"6-62-33-2.1-52",52,0.000359281437125748,FALSE,"AMBIENT",1,133,0.364134154688569,52
1,"6-62-34-1-89",89,0.000263157894736842,FALSE,"AMBIENT",1,317,0.867898699520876,89
1,"6-63-1-1-80",80,0.000184210526315789,FALSE,"AMBIENT",1,1089,2.98151950718686,80
1.1,"6-63-1-1.1-6",6,0.000538922155688623,FALSE,"AMBIENT",1,176,0.48186173853525,6
2,"6-63-1-2-104",104,0.000236842105263158,TRUE,"AMBIENT",1,751,2.05612594113621,NA
2.1,"6-63-1-2.1-19",19,0.000329341317365269,FALSE,"AMBIENT",1,220,0.602327173169062,19
1,"6-63-3-1-78",78,0.000184210526315789,FALSE,"AMBIENT",1,1028,2.8145106091718,78
1.1,"6-63-3-1.1-6",6,0.000269461077844311,FALSE,"AMBIENT",1,176,0.48186173853525,6
2,"6-63-3-2-104",104,0.000394736842105263,TRUE,"AMBIENT",1,355,0.971937029431896,NA
2.1,"6-63-3-2.1-18",18,0.000209580838323353,FALSE,"AMBIENT",1,306,0.837782340862423,18
3,"6-63-3-3-104",104,0.000210526315789474,TRUE,"AMBIENT",1,355,0.971937029431896,NA
3.1,"6-63-3-3.1-61",61,0.000269461077844311,TRUE,"AMBIENT",1,1766,4.83504449007529,NA
4,"6-63-3-4-104",104,0.000184210526315789,TRUE,"AMBIENT",1,355,0.971937029431896,NA
4.1,"6-63-3-4.1-61",61,0.000239520958083832,TRUE,"AMBIENT",1,463,1.26762491444216,NA
5,"6-63-3-5-104",104,0.000184210526315789,TRUE,"AMBIENT",1,355,0.971937029431896,NA
5.1,"6-63-3-5.1-61",61,0.000239520958083832,TRUE,"AMBIENT",1,463,1.26762491444216,NA
6.1,"6-63-3-6.1-61",61,0.00029940119760479,TRUE,"AMBIENT",1,113,0.309377138945927,NA
1,"6-63-4-1-69",69,0.000236842105263158,FALSE,"AMBIENT",1,270,0.739219712525667,69
2,"6-63-4-2-101",101,0.000210526315789474,FALSE,"AMBIENT",1,671,1.83709787816564,101
3,"6-63-4-3-104",104,0.000552631578947368,TRUE,"AMBIENT",1,355,0.971937029431896,NA
1,"6-63-5-1-101",101,0.000210526315789474,FALSE,"AMBIENT",1,732,2.0041067761807,101
1.1,"6-63-5-1.1-48",48,0.000389221556886228,FALSE,"AMBIENT",1,419,1.14715947980835,48
2,"6-63-5-2-102",102,0.000210526315789474,FALSE,"AMBIENT",1,720,1.97125256673511,102
2.1,"6-63-5-2.1-47",47,0.000359281437125748,FALSE,"AMBIENT",1,358,0.980150581793292,47
3,"6-63-5-3-104",104,0.000657894736842105,TRUE,"AMBIENT",1,355,0.971937029431896,NA
4,"6-63-5-4-104",104,0.000263157894736842,TRUE,"AMBIENT",1,355,0.971937029431896,NA
1,"6-63-6-1-104",104,0.000894736842105263,TRUE,"AMBIENT",1,355,0.971937029431896,NA
2,"6-63-6-2-104",104,0.000236842105263158,TRUE,"AMBIENT",1,355,0.971937029431896,NA
1.1,"6-63-7-1.1-6",6,0.000359281437125748,FALSE,"AMBIENT",1,176,0.48186173853525,6
1,"6-63-8-1-104",104,0.000157894736842105,TRUE,"AMBIENT",1,729,1.9958932238193,NA
1.1,"6-63-9-1.1-5",5,0.0011377245508982,FALSE,"AMBIENT",1,145,0.396988364134155,5
2.1,"6-63-9-2.1-3",3,0.000419161676646707,FALSE,"AMBIENT",1,77,0.210814510609172,3
3.1,"6-63-9-3.1-13",13,0.00152694610778443,FALSE,"AMBIENT",1,407,1.11430527036277,13
1.1,"6-63-11-1.1-5",5,0.00029940119760479,FALSE,"AMBIENT",1,145,0.396988364134155,5
1,"6-63-18-1-68",68,0.000236842105263158,FALSE,"AMBIENT",1,227,0.621492128678987,68
1,"6-63-23-1-69",69,0.000315789473684211,FALSE,"AMBIENT",1,270,0.739219712525667,69
2,"6-63-23-2-69",69,0.000210526315789474,FALSE,"AMBIENT",1,270,0.739219712525667,69
3,"6-63-23-3-69",69,0.000210526315789474,FALSE,"AMBIENT",1,270,0.739219712525667,69
4,"6-63-23-4-69",69,0.000210526315789474,FALSE,"AMBIENT",1,270,0.739219712525667,69
1,"6-63-24-1-68",68,0.000236842105263158,FALSE,"AMBIENT",1,227,0.621492128678987,68
1,"6-63-30-1-74",74,0.000236842105263158,FALSE,"AMBIENT",1,421,1.15263518138261,74
2,"6-63-30-2-73",73,0.000263157894736842,FALSE,"AMBIENT",1,387,1.05954825462012,73
1,"6-63-32-1-73",73,0.000210526315789474,FALSE,"AMBIENT",1,387,1.05954825462012,73
2,"6-63-32-2-73",73,0.000289473684210526,FALSE,"AMBIENT",1,387,1.05954825462012,73
1,"6-63-35-1-101",101,0.000263157894736842,FALSE,"AMBIENT",1,1247,3.41409993155373,101
2,"6-63-35-2-104",104,0.000210526315789474,TRUE,"AMBIENT",1,1327,3.6331279945243,NA
3,"6-63-35-3-75",75,0.000289473684210526,FALSE,"AMBIENT",1,450,1.23203285420945,75
1,"6-64-2-1-84",84,0.000157894736842105,FALSE,"AMBIENT",1,719,1.96851471594798,84
1,"6-64-3-1-104",104,0.000263157894736842,TRUE,"AMBIENT",1,1862,5.09787816563997,NA
1.1,"6-64-3-1.1-11",11,0.000359281437125748,FALSE,"AMBIENT",1,339,0.928131416837782,11
2,"6-64-3-2-95",95,0.000315789473684211,FALSE,"AMBIENT",1,515,1.40999315537303,95
2.1,"6-64-3-2.1-49",49,0.000329341317365269,FALSE,"AMBIENT",1,307,0.840520191649555,49
2.1,"6-64-3-2.1-61",61,0.000329341317365269,TRUE,"AMBIENT",1,833,2.28062970568104,NA
3.1,"6-64-3-3.1-61",61,0.000269461077844311,TRUE,"AMBIENT",1,485,1.32785763175907,NA
1,"6-64-4-1-77",77,0.000210526315789474,FALSE,"AMBIENT",1,493,1.34976043805613,77
2,"6-64-4-2-83",83,0.000157894736842105,FALSE,"AMBIENT",1,676,1.8507871321013,83
1,"6-64-5-1-85",85,0.000263157894736842,FALSE,"AMBIENT",1,795,2.17659137577002,85
1.1,"6-64-5-1.1-25",25,0.00092814371257485,FALSE,"AMBIENT",1,767,2.09993155373032,25
2.1,"6-64-5-2.1-19",19,0.000329341317365269,FALSE,"AMBIENT",1,319,0.87337440109514,19
3.1,"6-64-5-3.1-61",61,0.000329341317365269,TRUE,"AMBIENT",1,1899,5.19917864476386,NA
4.1,"6-64-5-4.1-61",61,0.00029940119760479,TRUE,"AMBIENT",1,198,0.542094455852156,NA
1.1,"6-64-7-1.1-4",4,0.000449101796407186,FALSE,"AMBIENT",1,118,0.323066392881588,4
1,"6-64-8-1-104",104,0.000236842105263158,TRUE,"AMBIENT",1,394,1.07871321013005,NA
2,"6-64-8-2-104",104,0.000236842105263158,TRUE,"AMBIENT",1,394,1.07871321013005,NA
3,"6-64-8-3-104",104,0.000210526315789474,TRUE,"AMBIENT",1,394,1.07871321013005,NA
1,"6-64-9-1-104",104,0.000210526315789474,TRUE,"AMBIENT",1,1490,4.07939767282683,NA
1.1,"6-64-9-1.1-51",51,0.00029940119760479,FALSE,"AMBIENT",1,1402,3.83846680355921,51
2,"6-64-9-2-87",87,0.000263157894736842,FALSE,"AMBIENT",1,133,0.364134154688569,87
2.1,"6-64-9-2.1-19",19,0.000239520958083832,FALSE,"AMBIENT",1,260,0.711841204654346,19
3,"6-64-9-3-104",104,0.000236842105263158,TRUE,"AMBIENT",1,394,1.07871321013005,NA
3.1,"6-64-9-3.1-19",19,0.00029940119760479,FALSE,"AMBIENT",1,260,0.711841204654346,19
4.1,"6-64-9-4.1-32",32,0.000239520958083832,FALSE,"AMBIENT",1,386,1.05681040383299,32
5.1,"6-64-9-5.1-40",40,0.000209580838323353,FALSE,"AMBIENT",1,642,1.75770020533881,40
1,"6-64-10-1-83",83,0.000210526315789474,FALSE,"AMBIENT",1,676,1.8507871321013,83
1,"6-64-11-1-67",67,0.000210526315789474,FALSE,"AMBIENT",1,527,1.44284736481862,67
1.1,"6-64-13-1.1-19",19,0.000329341317365269,FALSE,"AMBIENT",1,73,0.199863107460643,19
1,"6-64-15-1-74",74,0.000184210526315789,FALSE,"AMBIENT",1,421,1.15263518138261,74
1.1,"6-64-15-1.1-19",19,0.000389221556886228,FALSE,"AMBIENT",1,627,1.71663244353183,19
1,"6-64-16-1-104",104,5e-04,TRUE,"AMBIENT",1,1327,3.6331279945243,NA
1,"6-64-17-1-67",67,0.000421052631578947,FALSE,"AMBIENT",1,2122,5.80971937029432,67
1.1,"6-64-17-1.1-24",24,0.000449101796407186,FALSE,"AMBIENT",1,499,1.36618754277892,24
2,"6-64-17-2-66",66,0.000368421052631579,FALSE,"AMBIENT",1,146,0.399726214921287,66
1,"6-64-22-1-104",104,0.000368421052631579,TRUE,"AMBIENT",1,1327,3.6331279945243,NA
1,"6-65-1-1-70",70,0.000263157894736842,FALSE,"AMBIENT",1,493,1.34976043805613,70
1.1,"6-65-1-1.1-7",7,0.000359281437125748,FALSE,"AMBIENT",1,204,0.558521560574949,7
2.1,"6-65-1-2.1-25",25,0.000329341317365269,FALSE,"AMBIENT",1,570,1.5605749486653,25
3.1,"6-65-1-3.1-36",36,0.000389221556886228,FALSE,"AMBIENT",1,406,1.11156741957563,36
4.1,"6-65-1-4.1-40",40,0.000359281437125748,FALSE,"AMBIENT",1,340,0.930869267624914,40
5.1,"6-65-1-5.1-61",61,0.000359281437125748,TRUE,"AMBIENT",1,651,1.782340862423,NA
1,"6-65-3-1-104",104,0.000342105263157895,TRUE,"AMBIENT",1,608,1.66461327857632,NA
1.1,"6-65-3-1.1-3",3,0.000209580838323353,FALSE,"AMBIENT",1,77,0.210814510609172,3
1,"6-65-4-1-78",78,0.000289473684210526,FALSE,"AMBIENT",1,515,1.40999315537303,78
2,"6-65-4-2-103",103,0.000473684210526316,FALSE,"AMBIENT",1,622,1.70294318959617,103
1,"6-65-6-1-69",69,0.000315789473684211,FALSE,"AMBIENT",1,270,0.739219712525667,69
2,"6-65-6-2-104",104,0.000447368421052632,TRUE,"AMBIENT",1,232,0.635181382614648,NA
1.1,"6-65-9-1.1-33",33,0.000239520958083832,FALSE,"AMBIENT",1,445,1.21834360027379,33
1,"6-65-12-1-77",77,0.000236842105263158,FALSE,"AMBIENT",1,466,1.27583846680356,77
2,"6-65-12-2-77",77,0.000184210526315789,FALSE,"AMBIENT",1,466,1.27583846680356,77
3,"6-65-12-3-104",104,0.000236842105263158,TRUE,"AMBIENT",1,729,1.9958932238193,NA
1,"6-65-13-1-104",104,0.000289473684210526,TRUE,"AMBIENT",1,729,1.9958932238193,NA
1.1,"6-65-13-1.1-61",61,0.00029940119760479,TRUE,"AMBIENT",1,76,0.20807665982204,NA
2,"6-65-13-2-104",104,0.000289473684210526,TRUE,"AMBIENT",1,651,1.782340862423,NA
3,"6-65-13-3-104",104,0.000289473684210526,FALSE,"AMBIENT",1,608,1.66461327857632,104
1,"6-65-14-1-104",104,5e-04,TRUE,"AMBIENT",1,729,1.9958932238193,NA
2,"6-65-14-2-104",104,0.000289473684210526,TRUE,"AMBIENT",1,729,1.9958932238193,NA
3,"6-65-14-3-104",104,0.000289473684210526,TRUE,"AMBIENT",1,693,1.89733059548255,NA
4,"6-65-14-4-104",104,0.000263157894736842,TRUE,"AMBIENT",1,693,1.89733059548255,NA
5,"6-65-14-5-104",104,0.000289473684210526,TRUE,"AMBIENT",1,693,1.89733059548255,NA
6,"6-65-14-6-104",104,0.000263157894736842,TRUE,"AMBIENT",1,582,1.59342915811088,NA
7,"6-65-14-7-104",104,0.000289473684210526,TRUE,"AMBIENT",1,582,1.59342915811088,NA
1,"6-65-18-1-104",104,0.000289473684210526,FALSE,"AMBIENT",1,877,2.40109514031485,104
1,"6-65-22-1-104",104,0.000289473684210526,TRUE,"AMBIENT",1,812,2.22313483915127,NA
2,"6-65-22-2-104",104,0.000263157894736842,TRUE,"AMBIENT",1,779,2.13278576317591,NA
3,"6-65-22-3-104",104,0.000263157894736842,TRUE,"AMBIENT",1,547,1.49760438056126,NA
1,"6-65-23-1-104",104,0.000289473684210526,TRUE,"AMBIENT",1,751,2.05612594113621,NA
1,"6-65-24-1-104",104,0.000342105263157895,TRUE,"AMBIENT",1,1327,3.6331279945243,NA
1,"6-65-25-1-68",68,0.000236842105263158,FALSE,"AMBIENT",1,81,0.2217659137577,68
2,"6-65-25-2-103",103,0.000236842105263158,FALSE,"AMBIENT",1,1071,2.93223819301848,103
3,"6-65-25-3-88",88,0.000394736842105263,FALSE,"AMBIENT",1,384,1.05133470225873,88
1,"6-65-26-1-104",104,0.000157894736842105,TRUE,"AMBIENT",1,1327,3.6331279945243,NA
1,"6-65-30-1-102",102,0.000263157894736842,FALSE,"AMBIENT",1,1268,3.4715947980835,102
1,"6-66-1-1-100",100,0.000368421052631579,FALSE,"AMBIENT",1,1459,3.99452429842574,100
1.1,"6-66-1-1.1-24",24,0.000449101796407186,FALSE,"AMBIENT",1,146,0.399726214921287,24
2,"6-66-1-2-104",104,0.000236842105263158,TRUE,"AMBIENT",1,1154,3.15947980835044,NA
3,"6-66-1-3-84",84,0.000394736842105263,FALSE,"AMBIENT",1,492,1.34702258726899,84
4,"6-66-1-4-104",104,0.000210526315789474,TRUE,"AMBIENT",1,1057,2.89390828199863,NA
1,"6-66-2-1-83",83,0.000315789473684211,FALSE,"AMBIENT",1,161,0.440793976728268,83
1,"6-66-3-1-94",94,0.000421052631578947,FALSE,"AMBIENT",1,165,0.451745379876797,94
2,"6-66-3-2-104",104,5e-04,TRUE,"AMBIENT",1,210,0.574948665297741,NA
3,"6-66-3-3-104",104,0.000236842105263158,TRUE,"AMBIENT",1,59,0.161533196440794,NA
1,"6-66-5-1-84",84,0.000210526315789474,FALSE,"AMBIENT",1,2668,7.30458590006845,84
1.1,"6-66-5-1.1-61",61,0.000329341317365269,TRUE,"AMBIENT",1,1899,5.19917864476386,NA
2,"6-66-5-2-104",104,0.000210526315789474,TRUE,"AMBIENT",1,59,0.161533196440794,NA
2.1,"6-66-5-2.1-61",61,0.000239520958083832,TRUE,"AMBIENT",1,1546,4.23271731690623,NA
3.1,"6-66-5-3.1-57",57,0.000239520958083832,FALSE,"AMBIENT",1,1378,3.77275838466804,57
1,"6-66-7-1-84",84,0.000289473684210526,FALSE,"AMBIENT",1,298,0.815879534565366,84
1.1,"6-66-7-1.1-4",4,0.000389221556886228,FALSE,"AMBIENT",1,118,0.323066392881588,4
1,"6-66-8-1-74",74,0.000368421052631579,FALSE,"AMBIENT",1,421,1.15263518138261,74
1.1,"6-66-9-1.1-19",19,0.000508982035928144,FALSE,"AMBIENT",1,124,0.339493497604381,19
1.1,"6-66-11-1.1-61",61,0.000389221556886228,TRUE,"AMBIENT",1,651,1.782340862423,NA
2.1,"6-66-11-2.1-55",55,0.000329341317365269,FALSE,"AMBIENT",1,347,0.950034223134839,55
1,"6-66-12-1-70",70,0.000315789473684211,FALSE,"AMBIENT",1,302,0.826830937713895,70
2,"6-66-12-2-104",104,0.000421052631578947,TRUE,"AMBIENT",1,651,1.782340862423,NA
1,"6-66-13-1-104",104,5e-04,FALSE,"AMBIENT",1,651,1.782340862423,104
1,"6-66-17-1-74",74,0.000263157894736842,FALSE,"AMBIENT",1,119,0.32580424366872,74
1.1,"6-66-17-1.1-21",21,0.000329341317365269,FALSE,"AMBIENT",1,485,1.32785763175907,21
2.1,"6-66-17-2.1-13",13,0.000269461077844311,FALSE,"AMBIENT",1,203,0.555783709787817,13
3.1,"6-66-17-3.1-14",14,0.00029940119760479,FALSE,"AMBIENT",1,237,0.648870636550308,14
4.1,"6-66-17-4.1-15",15,0.000269461077844311,FALSE,"AMBIENT",1,299,0.818617385352498,15
5.1,"6-66-17-5.1-19",19,0.00029940119760479,FALSE,"AMBIENT",1,220,0.602327173169062,19
5.1,"6-66-17-5.1-61",61,0.00029940119760479,TRUE,"AMBIENT",1,1766,4.83504449007529,NA
6.1,"6-66-17-6.1-38",38,0.00029940119760479,FALSE,"AMBIENT",1,674,1.84531143052704,38
7.1,"6-66-17-7.1-61",61,0.000329341317365269,TRUE,"AMBIENT",1,198,0.542094455852156,NA
8.1,"6-66-17-8.1-61",61,0.000269461077844311,TRUE,"AMBIENT",1,198,0.542094455852156,NA
1,"6-66-18-1-104",104,0.000736842105263158,TRUE,"AMBIENT",1,518,1.41820670773443,NA
2,"6-66-18-2-104",104,0.00081578947368421,TRUE,"AMBIENT",1,518,1.41820670773443,NA
1,"6-66-19-1-104",104,0.00081578947368421,TRUE,"AMBIENT",1,1057,2.89390828199863,NA
2,"6-66-19-2-104",104,0.000657894736842105,TRUE,"AMBIENT",1,1057,2.89390828199863,NA
3,"6-66-19-3-78",78,0.000342105263157895,FALSE,"AMBIENT",1,185,0.506502395619439,78
1,"6-66-20-1-104",104,0.000368421052631579,TRUE,"AMBIENT",1,1057,2.89390828199863,NA
1.1,"6-66-21-1.1-3",3,0.000359281437125748,FALSE,"AMBIENT",1,77,0.210814510609172,3
2.1,"6-66-21-2.1-47",47,0.000479041916167665,FALSE,"AMBIENT",1,225,0.616016427104723,47
1,"6-66-22-1-86",86,0.000289473684210526,FALSE,"AMBIENT",1,182,0.498288843258042,86
2,"6-66-22-2-86",86,0.000289473684210526,FALSE,"AMBIENT",1,182,0.498288843258042,86
3,"6-66-22-3-100",100,0.000342105263157895,FALSE,"AMBIENT",1,613,1.67830253251198,100
4,"6-66-22-4-100",100,0.000184210526315789,FALSE,"AMBIENT",1,613,1.67830253251198,100
1,"6-66-23-1-85",85,5e-04,FALSE,"AMBIENT",1,147,0.402464065708419,85
1.1,"6-66-23-1.1-31",31,0.000419161676646707,FALSE,"AMBIENT",1,450,1.23203285420945,31
1.1,"6-66-25-1.1-57",57,0.000269461077844311,FALSE,"AMBIENT",1,30,0.082135523613963,57
1.1,"6-66-27-1.1-21",21,0.000329341317365269,FALSE,"AMBIENT",1,35,0.0958247775496235,21
1,"6-66-35-1-104",104,0.000315789473684211,TRUE,"AMBIENT",1,651,1.782340862423,NA
2,"6-66-35-2-104",104,0.000263157894736842,TRUE,"AMBIENT",1,651,1.782340862423,NA
3,"6-66-35-3-104",104,0.000236842105263158,TRUE,"AMBIENT",1,651,1.782340862423,NA
4,"6-66-35-4-104",104,0.000263157894736842,TRUE,"AMBIENT",1,651,1.782340862423,NA
1,"6-66-36-1-104",104,0.000263157894736842,TRUE,"AMBIENT",1,651,1.782340862423,NA
1,"6-67-1-1-101",101,0.000315789473684211,FALSE,"AMBIENT",0,945,2.58726899383984,101
1.1,"6-67-1-1.1-12",12,0.000239520958083832,FALSE,"AMBIENT",0,129,0.353182751540041,12
2,"6-67-1-2-101",101,0.000289473684210526,FALSE,"AMBIENT",0,699,1.91375770020534,101
2.1,"6-67-1-2.1-13",13,0.000239520958083832,FALSE,"AMBIENT",0,133,0.364134154688569,13
3.1,"6-67-1-3.1-29",29,0.000269461077844311,FALSE,"AMBIENT",0,653,1.78781656399726,29
4.1,"6-67-1-4.1-23",23,0.000329341317365269,FALSE,"AMBIENT",0,165,0.451745379876797,23
4.1,"6-67-1-4.1-61",61,0.000329341317365269,TRUE,"AMBIENT",0,1593,4.36139630390144,NA
5.1,"6-67-1-5.1-61",61,0.000329341317365269,TRUE,"AMBIENT",0,198,0.542094455852156,NA
1.1,"6-67-3-1.1-31",31,0.000508982035928144,FALSE,"AMBIENT",0,196,0.536618754277892,31
1,"6-67-10-1-104",104,0.000421052631578947,TRUE,"AMBIENT",0,394,1.07871321013005,NA
1,"6-67-11-1-69",69,0.000552631578947368,FALSE,"AMBIENT",0,270,0.739219712525667,69
1,"6-67-12-1-69",69,5e-04,FALSE,"AMBIENT",0,270,0.739219712525667,69
1,"6-67-13-1-68",68,0.000210526315789474,FALSE,"AMBIENT",0,353,0.966461327857632,68
1.1,"6-67-13-1.1-6",6,0.000179640718562874,FALSE,"AMBIENT",0,176,0.48186173853525,6
2.1,"6-67-13-2.1-45",45,0.000209580838323353,FALSE,"AMBIENT",0,518,1.41820670773443,45
3.1,"6-67-13-3.1-45",45,0.00029940119760479,FALSE,"AMBIENT",0,518,1.41820670773443,45
4.1,"6-67-13-4.1-61",61,0.000269461077844311,TRUE,"AMBIENT",0,76,0.20807665982204,NA
1,"6-67-16-1-83",83,0.000263157894736842,FALSE,"AMBIENT",0,676,1.8507871321013,83
1,"6-67-17-1-104",104,0.000289473684210526,TRUE,"AMBIENT",0,1327,3.6331279945243,NA
2,"6-67-17-2-79",79,0.000421052631578947,FALSE,"AMBIENT",0,548,1.50034223134839,79
3,"6-67-17-3-79",79,0.000236842105263158,FALSE,"AMBIENT",0,278,0.761122518822724,79
4,"6-67-17-4-79",79,0.000447368421052632,FALSE,"AMBIENT",0,278,0.761122518822724,79
5,"6-67-17-5-104",104,0.000289473684210526,TRUE,"AMBIENT",0,729,1.9958932238193,NA
1,"6-67-18-1-82",82,0.000578947368421053,FALSE,"AMBIENT",0,36,0.0985626283367557,82
2,"6-67-18-2-104",104,0.000447368421052632,TRUE,"AMBIENT",0,547,1.49760438056126,NA
1.1,"6-67-21-1.1-61",61,0.00029940119760479,TRUE,"AMBIENT",0,141,0.386036960985626,NA
1.1,"6-67-25-1.1-61",61,0.000449101796407186,TRUE,"AMBIENT",0,336,0.919917864476386,NA
1,"6-67-32-1-104",104,0.000315789473684211,TRUE,"AMBIENT",0,1300,3.55920602327173,NA
1.1,"6-68-1-1.1-52",52,0.000329341317365269,FALSE,"AMBIENT",0,1780,4.87337440109514,52
2.1,"6-68-1-2.1-9",9,0.000449101796407186,FALSE,"AMBIENT",0,197,0.539356605065024,9
1,"6-68-3-1-70",70,0.000289473684210526,FALSE,"AMBIENT",0,352,0.9637234770705,70
1.1,"6-68-3-1.1-12",12,0.000419161676646707,FALSE,"AMBIENT",0,367,1.00479123887748,12
2,"6-68-3-2-98",98,0.000289473684210526,FALSE,"AMBIENT",0,442,1.21013004791239,98
3,"6-68-3-3-104",104,0.000473684210526316,TRUE,"AMBIENT",0,355,0.971937029431896,NA
1,"6-68-4-1-70",70,0.000236842105263158,FALSE,"AMBIENT",0,302,0.826830937713895,70
1,"6-68-5-1-71",71,0.000263157894736842,FALSE,"AMBIENT",0,521,1.42642026009582,71
1.1,"6-68-5-1.1-6",6,0.000329341317365269,FALSE,"AMBIENT",0,176,0.48186173853525,6
2.1,"6-68-5-2.1-11",11,0.000389221556886228,FALSE,"AMBIENT",0,135,0.369609856262834,11
3.1,"6-68-5-3.1-54",54,0.000239520958083832,FALSE,"AMBIENT",0,57,0.15605749486653,54
1,"6-68-7-1-104",104,0.000368421052631579,TRUE,"AMBIENT",0,329,0.900752908966461,NA
1.1,"6-68-7-1.1-13",13,0.000329341317365269,FALSE,"AMBIENT",0,407,1.11430527036277,13
2,"6-68-7-2-104",104,0.000289473684210526,TRUE,"AMBIENT",0,264,0.722792607802875,NA
1,"6-68-8-1-104",104,0.000315789473684211,TRUE,"AMBIENT",0,210,0.574948665297741,NA
1.1,"6-68-9-1.1-36",36,0.000239520958083832,FALSE,"AMBIENT",0,552,1.51129363449692,36
2.1,"6-68-9-2.1-36",36,0.00029940119760479,FALSE,"AMBIENT",0,552,1.51129363449692,36
3.1,"6-68-9-3.1-36",36,0.000239520958083832,FALSE,"AMBIENT",0,490,1.34154688569473,36
4.1,"6-68-9-4.1-37",37,0.000269461077844311,FALSE,"AMBIENT",0,511,1.3990417522245,37
5.1,"6-68-9-5.1-36",36,0.000269461077844311,FALSE,"AMBIENT",0,223,0.610540725530459,36
6.1,"6-68-9-6.1-31",31,0.00029940119760479,FALSE,"AMBIENT",0,48,0.131416837782341,31
1,"6-68-10-1-104",104,0.000236842105263158,TRUE,"AMBIENT",0,693,1.89733059548255,NA
1.1,"6-68-11-1.1-45",45,0.00029940119760479,FALSE,"AMBIENT",0,895,2.45037645448323,45
2.1,"6-68-11-2.1-33",33,0.00029940119760479,FALSE,"AMBIENT",0,383,1.04859685147159,33
3.1,"6-68-11-3.1-52",52,0.00029940119760479,FALSE,"AMBIENT",0,824,2.25598904859685,52
4.1,"6-68-11-4.1-61",61,0.00029940119760479,TRUE,"AMBIENT",0,1217,3.33196440793977,NA
5.1,"6-68-11-5.1-61",61,0.00029940119760479,TRUE,"AMBIENT",0,1169,3.20054757015743,NA
1,"6-68-13-1-75",75,0.000236842105263158,FALSE,"AMBIENT",0,423,1.15811088295688,75
1.1,"6-68-13-1.1-45",45,0.000329341317365269,FALSE,"AMBIENT",0,482,1.31964407939767,45
2.1,"6-68-13-2.1-45",45,0.000359281437125748,FALSE,"AMBIENT",0,482,1.31964407939767,45
1.1,"6-68-15-1.1-55",55,0.000329341317365269,FALSE,"AMBIENT",0,181,0.49555099247091,55
1,"6-68-16-1-76",76,0.000289473684210526,FALSE,"AMBIENT",0,335,0.917180013689254,76
1.1,"6-68-23-1.1-61",61,0.000209580838323353,TRUE,"AMBIENT",0,113,0.309377138945927,NA
1,"6-69-1-1-104",104,0.000157894736842105,TRUE,"AMBIENT",0,29,0.0793976728268309,NA
1.1,"6-69-1-1.1-29",29,0.000389221556886228,FALSE,"AMBIENT",0,520,1.42368240930869,29
2.1,"6-69-1-2.1-29",29,0.000239520958083832,FALSE,"AMBIENT",0,238,0.65160848733744,29
3.1,"6-69-1-3.1-40",40,0.000329341317365269,FALSE,"AMBIENT",0,340,0.930869267624914,40
4.1,"6-69-1-4.1-40",40,0.00029940119760479,FALSE,"AMBIENT",0,292,0.799452429842574,40
5.1,"6-69-1-5.1-61",61,0.000359281437125748,TRUE,"AMBIENT",0,198,0.542094455852156,NA
1.1,"6-69-3-1.1-5",5,0.000329341317365269,FALSE,"AMBIENT",0,145,0.396988364134155,5
1.1,"6-69-5-1.1-11",11,0.000449101796407186,FALSE,"AMBIENT",0,31,0.0848733744010951,11
2.1,"6-69-5-2.1-11",11,0.000329341317365269,FALSE,"AMBIENT",0,31,0.0848733744010951,11
3.1,"6-69-5-3.1-42",42,0.000209580838323353,FALSE,"AMBIENT",0,672,1.83983572895277,42
1.1,"6-69-7-1.1-19",19,0.000359281437125748,FALSE,"AMBIENT",0,389,1.06502395619439,19
1,"6-69-8-1-69",69,0.000236842105263158,FALSE,"AMBIENT",0,270,0.739219712525667,69
1,"6-69-9-1-104",104,0.000315789473684211,TRUE,"AMBIENT",0,834,2.28336755646817,NA
1.1,"6-69-9-1.1-9",9,0.000329341317365269,FALSE,"AMBIENT",0,274,0.750171115674196,9
2.1,"6-69-9-2.1-11",11,0.000329341317365269,FALSE,"AMBIENT",0,339,0.928131416837782,11
3.1,"6-69-9-3.1-7",7,0.00029940119760479,FALSE,"AMBIENT",0,163,0.446269678302533,7
1,"6-69-10-1-104",104,0.000368421052631579,TRUE,"AMBIENT",0,547,1.49760438056126,NA
2,"6-69-10-2-104",104,0.000526315789473684,TRUE,"AMBIENT",0,166,0.454483230663929,NA
1.1,"6-69-11-1.1-11",11,0.000838323353293413,FALSE,"AMBIENT",0,339,0.928131416837782,11
2.1,"6-69-11-2.1-9",9,0.000359281437125748,FALSE,"AMBIENT",0,233,0.63791923340178,9
3.1,"6-69-11-3.1-23",23,0.000239520958083832,FALSE,"AMBIENT",0,165,0.451745379876797,23
4.1,"6-69-11-4.1-52",52,0.000419161676646707,FALSE,"AMBIENT",0,258,0.706365503080082,52
1,"6-69-12-1-104",104,0.000236842105263158,TRUE,"AMBIENT",0,1327,3.6331279945243,NA
1.1,"6-69-13-1.1-9",9,0.000688622754491018,FALSE,"AMBIENT",0,156,0.427104722792608,9
2.1,"6-69-13-2.1-61",61,0.000239520958083832,TRUE,"AMBIENT",0,141,0.386036960985626,NA
1,"6-69-14-1-101",101,0.000605263157894737,FALSE,"AMBIENT",0,1247,3.41409993155373,101
1.1,"6-69-15-1.1-55",55,0.000508982035928144,FALSE,"AMBIENT",0,347,0.950034223134839,55
1.1,"6-69-17-1.1-61",61,0.000389221556886228,TRUE,"AMBIENT",0,372,1.01848049281314,NA
1,"6-69-19-1-104",104,0.000526315789473684,TRUE,"AMBIENT",0,80,0.219028062970568,NA
1.1,"6-69-19-1.1-19",19,0.000269461077844311,FALSE,"AMBIENT",0,627,1.71663244353183,19
2,"6-69-19-2-104",104,0.000368421052631579,TRUE,"AMBIENT",0,59,0.161533196440794,NA
1,"6-69-21-1-69",69,0.000210526315789474,FALSE,"AMBIENT",0,270,0.739219712525667,69
1,"6-69-23-1-104",104,0.000394736842105263,TRUE,"AMBIENT",0,59,0.161533196440794,NA
1,"6-69-24-1-104",104,0.000368421052631579,TRUE,"AMBIENT",0,729,1.9958932238193,NA
1,"6-69-26-1-104",104,0.000394736842105263,TRUE,"AMBIENT",0,582,1.59342915811088,NA
2,"6-69-26-2-104",104,0.000263157894736842,TRUE,"AMBIENT",0,582,1.59342915811088,NA
3,"6-69-26-3-104",104,0.000263157894736842,TRUE,"AMBIENT",0,582,1.59342915811088,NA
1.1,"6-69-29-1.1-52",52,0.000329341317365269,FALSE,"AMBIENT",0,1062,2.90759753593429,52
1,"6-69-30-1-104",104,0.000289473684210526,TRUE,"AMBIENT",0,751,2.05612594113621,NA
1,"6-69-31-1-104",104,0.000578947368421053,TRUE,"AMBIENT",0,1202,3.29089664613279,NA
1.1,"6-69-31-1.1-13",13,0.000568862275449102,FALSE,"AMBIENT",0,231,0.632443531827515,13
2.1,"6-69-31-2.1-13",13,0.000239520958083832,FALSE,"AMBIENT",0,203,0.555783709787817,13
3.1,"6-69-31-3.1-13",13,0.000434131736526946,FALSE,"AMBIENT",0,203,0.555783709787817,13
4.1,"6-69-31-4.1-13",13,0.000239520958083832,FALSE,"AMBIENT",0,203,0.555783709787817,13
5.1,"6-69-31-5.1-13",13,0.00029940119760479,FALSE,"AMBIENT",0,203,0.555783709787817,13
6.1,"6-69-31-6.1-32",32,0.000269461077844311,FALSE,"AMBIENT",0,232,0.635181382614648,32
1,"6-69-33-1-104",104,0.000473684210526316,TRUE,"AMBIENT",0,1327,3.6331279945243,NA
1.1,"6-69-33-1.1-25",25,0.000449101796407186,FALSE,"AMBIENT",0,604,1.65366187542779,25
2,"6-69-33-2-104",104,0.000289473684210526,TRUE,"AMBIENT",0,1327,3.6331279945243,NA
3,"6-69-33-3-104",104,0.000315789473684211,TRUE,"AMBIENT",0,1327,3.6331279945243,NA
1,"6-69-34-1-104",104,0.000368421052631579,FALSE,"AMBIENT",0,582,1.59342915811088,104
2,"6-69-34-2-104",104,0.000315789473684211,TRUE,"AMBIENT",0,582,1.59342915811088,NA
3,"6-69-34-3-104",104,0.000263157894736842,TRUE,"AMBIENT",0,582,1.59342915811088,NA
1.1,"6-70-1-1.1-11",11,0.00029940119760479,FALSE,"AMBIENT",0,339,0.928131416837782,11
2.1,"6-70-1-2.1-8",8,0.000389221556886228,FALSE,"AMBIENT",0,238,0.65160848733744,8
3.1,"6-70-1-3.1-8",8,0.00029940119760479,FALSE,"AMBIENT",0,161,0.440793976728268,8
4.1,"6-70-1-4.1-8",8,0.00029940119760479,FALSE,"AMBIENT",0,161,0.440793976728268,8
5.1,"6-70-1-5.1-49",49,0.000359281437125748,FALSE,"AMBIENT",0,125,0.342231348391513,49
6.1,"6-70-1-6.1-48",48,0.00029940119760479,FALSE,"AMBIENT",0,69,0.188911704312115,48
1.1,"6-70-3-1.1-11",11,0.000359281437125748,FALSE,"AMBIENT",0,339,0.928131416837782,11
2.1,"6-70-3-2.1-3",3,0.000359281437125748,FALSE,"AMBIENT",0,77,0.210814510609172,3
1,"6-70-5-1-80",80,0.000342105263157895,FALSE,"AMBIENT",0,549,1.50308008213552,80
1.1,"6-70-5-1.1-15",15,0.000329341317365269,FALSE,"AMBIENT",0,503,1.37713894592745,15
2.1,"6-70-5-2.1-10",10,0.00029940119760479,FALSE,"AMBIENT",0,308,0.843258042436687,10
3.1,"6-70-5-3.1-51",51,0.000419161676646707,FALSE,"AMBIENT",0,91,0.249144421629021,51
4.1,"6-70-5-4.1-55",55,0.000419161676646707,FALSE,"AMBIENT",0,68,0.186173853524983,55
1.1,"6-70-7-1.1-21",21,0.000329341317365269,FALSE,"AMBIENT",0,689,1.88637919233402,21
1.1,"6-70-9-1.1-12",12,0.000329341317365269,FALSE,"AMBIENT",0,222,0.607802874743327,12
2.1,"6-70-9-2.1-17",17,0.000329341317365269,FALSE,"AMBIENT",0,187,0.511978097193703,17
3.1,"6-70-9-3.1-24",24,0.000329341317365269,FALSE,"AMBIENT",0,84,0.229979466119097,24
1.1,"6-70-11-1.1-19",19,0.00029940119760479,FALSE,"AMBIENT",0,124,0.339493497604381,19
1.1,"6-70-13-1.1-61",61,0.000239520958083832,TRUE,"AMBIENT",0,113,0.309377138945927,NA
1,"6-70-14-1-81",81,0.000263157894736842,FALSE,"AMBIENT",0,22,0.0602327173169062,81
1.1,"6-70-15-1.1-20",20,0.000658682634730539,FALSE,"AMBIENT",0,654,1.79055441478439,20
2.1,"6-70-15-2.1-19",19,0.000389221556886228,FALSE,"AMBIENT",0,288,0.788501026694045,19
1.1,"6-70-23-1.1-59",59,0.000269461077844311,FALSE,"AMBIENT",0,1942,5.31690622861054,59
1.1,"6-70-33-1.1-13",13,0.00029940119760479,FALSE,"AMBIENT",0,407,1.11430527036277,13
1.1,"6-71-3-1.1-25",25,0.000568862275449102,FALSE,"AMBIENT",0,808,2.21218343600274,25
2.1,"6-71-3-2.1-25",25,0.000419161676646707,FALSE,"AMBIENT",0,808,2.21218343600274,25
3.1,"6-71-3-3.1-15",15,0.000269461077844311,FALSE,"AMBIENT",0,62,0.16974674880219,15
4.1,"6-71-3-4.1-41",41,0.00029940119760479,TRUE,"AMBIENT",0,300,0.82135523613963,NA
1.1,"6-71-5-1.1-41",41,0.00029940119760479,TRUE,"AMBIENT",0,933,2.55441478439425,NA
2.1,"6-71-5-2.1-41",41,0.000329341317365269,TRUE,"AMBIENT",0,44,0.120465434633812,NA
1.1,"6-71-9-1.1-3",3,0.000389221556886228,FALSE,"AMBIENT",0,77,0.210814510609172,3
2.1,"6-71-9-2.1-28",28,0.00029940119760479,FALSE,"AMBIENT",0,91,0.249144421629021,28
3.1,"6-71-9-3.1-38",38,0.000419161676646707,FALSE,"AMBIENT",0,156,0.427104722792608,38
1.1,"6-71-11-1.1-41",41,0.000329341317365269,TRUE,"AMBIENT",0,44,0.120465434633812,NA
1.1,"6-71-19-1.1-11",11,0.000179640718562874,FALSE,"AMBIENT",0,163,0.446269678302533,11
1.1,"6-71-27-1.1-12",12,0.00029940119760479,FALSE,"AMBIENT",0,191,0.522929500342231,12
1.1,"6-71-29-1.1-20",20,0.000329341317365269,FALSE,"AMBIENT",0,450,1.23203285420945,20
1,"6-72-1-1-85",85,0.000447368421052632,FALSE,"AMBIENT",0,147,0.402464065708419,85
1.1,"6-72-1-1.1-5",5,0.000389221556886228,FALSE,"AMBIENT",0,145,0.396988364134155,5
1,"6-72-4-1-104",104,0.000236842105263158,TRUE,"AMBIENT",0,812,2.22313483915127,NA
2,"6-72-4-2-99",99,0.001,FALSE,"AMBIENT",0,585,1.60164271047228,99
1,"6-72-5-1-104",104,0.000368421052631579,TRUE,"AMBIENT",0,1377,3.7700205338809,NA
1.1,"6-72-5-1.1-11",11,0.00103293413173653,FALSE,"AMBIENT",0,101,0.276522929500342,11
2,"6-72-5-2-99",99,0.000368421052631579,FALSE,"AMBIENT",0,1569,4.29568788501027,99
2.1,"6-72-5-2.1-61",61,0.000508982035928144,TRUE,"AMBIENT",0,168,0.459958932238193,NA
3.1,"6-72-5-3.1-61",61,0.000389221556886228,TRUE,"AMBIENT",0,76,0.20807665982204,NA
1,"6-72-6-1-85",85,0.000447368421052632,FALSE,"AMBIENT",0,745,2.03969883641342,85
2,"6-72-6-2-87",87,0.000394736842105263,FALSE,"AMBIENT",0,175,0.479123887748118,87
3,"6-72-6-3-104",104,0.000263157894736842,TRUE,"AMBIENT",0,166,0.454483230663929,NA
1,"6-72-7-1-99",99,0.000394736842105263,FALSE,"AMBIENT",0,549,1.50308008213552,99
1.1,"6-72-9-1.1-61",61,0.000359281437125748,TRUE,"AMBIENT",0,113,0.309377138945927,NA
1,"6-72-11-1-104",104,0.000210526315789474,TRUE,"AMBIENT",0,1575,4.31211498973306,NA
1.1,"6-72-11-1.1-61",61,0.000329341317365269,TRUE,"AMBIENT",0,198,0.542094455852156,NA
